chunk	position	next	reference_nll	candidate_nll	kl	same_top
0	256	282	0.0354414	0.0359037	0.000188137	1
0	257	260	0.985257	0.929613	0.00199889	1
0	258	8552	1.82854	1.87913	0.00278244	1
0	259	3086	0.223812	0.213151	0.00197056	1
0	260	3297	6.60086	6.76152	0.00237619	1
0	261	23968	8.97905	8.8738	0.0055031	1
0	262	3297	1.144	1.27396	0.00890476	1
0	263	3922	6.97628	6.89207	0.0015729	1
0	264	411	0.0463325	0.061497	0.00219436	1
0	265	253	0.386681	0.433756	0.00355673	1
0	266	1791	1.52439	1.55507	0.00240548	1
0	267	281	0.531656	0.506978	0.000838709	1
0	268	260	0.296177	0.30566	0.000676208	1
0	269	216	1.16294	1.20556	0.00230234	1
0	270	34	0.0284948	0.0258718	0.00018262	1
0	271	32	0.00657174	0.00614591	1.94792e-05	1
0	272	32	0.085373	0.0737941	0.000831675	1
0	273	39	0.646397	0.667232	0.000425664	1
0	274	16984	2.68615	2.82286	0.00448465	1
0	275	2262	0.929986	0.856556	0.00226345	1
0	276	282	0.15325	0.16247	0.000623839	1
0	277	1073	7.17596	7.09146	0.00137198	1
0	278	288	1.18334	1.21086	0.00224692	1
0	279	4202	8.90034	9.02633	0.00577509	0
0	280	313	0.146114	0.154481	0.00199348	1
0	281	9067	7.08929	6.7914	0.0101935	0
0	282	411	0.00359331	0.0039956	4.17782e-05	1
0	283	18746	9.14849	9.10762	0.00261753	1
0	284	519	1.13406	1.0815	0.00513203	1
0	285	428	4.63445	4.63901	0.00552574	1
0	286	461	4.34513	4.46584	0.00615451	1
0	287	396	0.00948141	0.00597193	0.00117267	1
0	288	1673	0.503961	0.568722	0.00519083	1
0	289	1073	11.5917	11.4926	0.00123832	1
0	290	288	0.189414	0.196808	0.000658648	1
0	291	4202	0.000591675	0.000725059	1.70105e-05	1
0	292	313	0.000103828	0.000167133	1.57758e-05	1
0	293	436	0.672692	0.678233	0.00145631	1
0	294	4940	2.72898	2.64371	0.00349871	1
0	295	418	0.399099	0.338234	0.00541207	1
0	296	13363	11.9289	11.7124	0.00114543	1
0	297	22660	2.90457	3.03263	0.0112308	1
0	298	281	0.524884	0.548812	0.0014026	1
0	299	260	3.71721	3.74047	0.0032063	1
0	300	4528	4.80702	4.81708	0.00534812	1
0	301	46530	1.35076	1.14177	0.0121923	1
0	302	282	0.0258431	0.0229669	0.000467411	1
0	303	25667	5.46452	5.40944	0.00506409	1
0	304	366	0.0124786	0.0102213	0.000314482	1
0	305	24072	0.00601574	0.00638877	0.000116368	1
0	306	284	1.30509	1.11063	0.0121142	0
0	307	27065	0.331483	0.283649	0.0121076	1
0	308	4256	0.205563	0.19877	0.00171909	1
0	309	1673	0.296426	0.286652	0.00152041	1
0	310	389	2.10505	2.08401	0.00161647	1
0	311	9226	0.00621924	0.00655608	6.60243e-05	1
0	312	352	6.68039e-05	5.97965e-05	1.34932e-06	1
0	313	4870	1.94512	1.90848	0.00307915	1
0	314	455	0.00025047	0.000250819	1.09365e-06	1
0	315	281	0.461761	0.600784	0.0179884	1
0	316	827	4.64172	4.61882	0.00197568	1
0	317	9411	4.17889	4.10626	0.00350362	1
0	318	281	1.47857	1.53677	0.00324632	1
0	319	216	0.436316	0.411037	0.00193509	1
0	320	34	0.0117977	0.0102087	0.000123164	1
0	321	32	0.000748191	0.000641172	1.13367e-05	1
0	322	32	0.0704396	0.0731777	5.3018e-05	1
0	323	40	1.22684	1.22023	0.000119969	1
0	324	3297	0.990932	1.12406	0.00697398	1
0	325	4115	9.93545	9.9551	0.00877822	1
0	326	2501	1.9812	1.90058	0.00304158	1
0	327	7203	10.2659	10.146	0.00603365	1
0	328	22609	2.00206	2.30568	0.0160421	0
0	329	411	4.38771	4.46215	0.00483352	1
0	330	47363	7.89021	7.7472	0.00478444	0
0	331	7042	11.0542	11.0164	0.00196529	1
0	332	2250	5.19258	5.22303	0.00549252	1
0	333	1866	8.15549	8.00389	0.00517395	1
0	334	89	2.62337	2.4889	0.0228014	1
0	335	3297	5.1264	5.39185	0.0059422	1
0	336	284	1.54265	1.45077	0.00339594	1
0	337	4250	5.90225	5.92544	0.00299154	1
0	338	2393	4.33163	4.17892	0.00471245	1
0	339	377	6.55371	6.79483	0.00993241	1
0	340	3704	1.91037	2.19329	0.0121384	1
0	341	9067	4.01358	3.91152	0.00492007	1
0	342	411	0.00905709	0.0100209	0.000129043	1
0	343	11256	8.16823	8.16827	0.00205426	1
0	344	318	1.76421	1.52272	0.0141197	1
0	345	4290	8.02937	8.10376	0.02136	1
0	346	11302	4.86659	4.6628	0.00578458	1
0	347	1673	0.283012	0.286722	0.000773198	1
0	348	533	1.88081	1.89868	0.00170305	1
0	349	2405	5.91168	5.87298	0.000447501	1
0	350	216	0.0493559	0.0508283	0.000101717	1
0	351	34	0.00185134	0.00130468	0.000102871	1
0	352	32	0.00027865	0.000283273	8.23547e-07	1
0	353	32	0.373398	0.36032	0.000205369	1
0	354	40	1.88156	1.801	0.000611674	1
0	355	3297	0.573723	0.599684	0.00214623	1
0	356	389	0.417599	0.445319	0.00104514	1
0	357	9226	0.000470976	0.000467346	2.57367e-06	1
0	358	352	8.11371e-05	9.36847e-05	1.41649e-06	1
0	359	1135	4.10156	4.10594	0.000958838	1
0	360	253	1.2352	1.24387	0.00121227	1
0	361	16204	3.48404	3.58008	0.00299075	1
0	362	5796	0.573399	0.448025	0.0132507	1
0	363	335	0.951297	0.941331	0.00229119	1
0	364	253	3.29384	3.3021	0.00519313	1
0	365	827	5.81845	5.70626	0.00569468	0
0	366	3394	15.0396	14.9829	0.00187855	1
0	367	29	0.410778	0.324948	0.0106725	1
0	368	48	0.0529264	0.0538224	0.00010585	1
0	369	599	5.15697	5.04519	0.00449502	1
0	370	12592	6.42103	6.38377	0.00261807	1
0	371	13210	14.5205	14.5059	0.000359031	1
0	372	282	1.10351	1.14212	0.00308029	1
0	373	260	0.559816	0.568011	0.00166366	1
0	374	8552	0.949737	0.914012	0.00266554	1
0	375	3086	0.118872	0.116327	0.000310166	1
0	376	408	6.09213	6.06004	0.00276078	1
0	377	894	3.7036	3.66618	0.00516631	1
0	378	260	3.1483	3.2903	0.00440524	1
0	379	16754	0.569623	0.481493	0.0151534	1
0	380	3297	1.46288	1.71371	0.0355003	1
0	381	3922	5.1404	5.07343	0.00112364	1
0	382	411	0.0226005	0.0264273	0.000425961	1
0	383	354	3.03417	3.05441	0.00050975	1
0	384	5796	0.81812	0.772986	0.00401143	1
0	385	335	0.658756	0.653415	0.00117971	1
0	386	260	0.900566	0.936251	0.00605659	1
0	387	8552	2.29075	2.41116	0.00308606	1
0	388	3086	0.198893	0.201865	0.00055568	1
0	389	42411	7.67009	7.65202	0.00340624	1
0	390	579	2.57622	2.37517	0.00222548	1
0	391	281	2.85536	2.93431	0.00755697	1
0	392	4745	4.71727	4.63009	0.00192188	1
0	393	216	0.601184	0.57029	0.00154683	1
0	394	34	0.00567994	0.00435539	0.000189555	1
0	395	32	0.000683805	0.000580765	1.2684e-05	1
0	396	32	0.159346	0.13804	0.00144746	1
0	397	40	0.510337	0.473073	0.00115114	1
0	398	1673	0.171802	0.180933	0.000622568	1
0	399	909	1.33676	1.38056	0.00245263	1
0	400	761	2.6374	2.71752	0.00127348	0
0	401	253	0.558831	0.580751	0.00210726	1
0	402	19122	6.06373	5.97812	0.00553592	1
0	403	1791	0.110981	0.104753	0.000669812	1
0	404	281	0.654323	0.688891	0.00114905	1
0	405	3772	9.46832	9.31753	0.00596251	1
0	406	14612	1.27534	1.2479	0.0032377	1
0	407	282	0.0822678	0.0806021	0.000275719	1
0	408	260	0.362301	0.357063	0.00105551	1
0	409	8552	1.12085	1.13042	0.00178284	1
0	410	3086	0.0540646	0.0564087	0.000297096	1
0	411	17709	7.46777	7.41606	0.00344859	1
0	412	531	0.797958	0.829266	0.00349066	1
0	413	866	1.23429	1.24732	0.0109517	0
0	414	281	2.52219	2.45978	0.00716357	1
0	415	216	0.896777	0.901322	0.000981765	1
0	416	34	0.0153752	0.0155752	1.92115e-05	1
0	417	32	0.00138686	0.0015144	8.79512e-06	1
0	418	33	1.05324	1.10425	0.00067786	1
0	419	32	0.592501	0.595657	0.000160033	1
0	420	3297	1.50176	1.50723	0.000521297	1
0	421	347	3.54033	3.51804	0.00484226	1
0	422	476	4.53582	4.55233	0.0042501	1
0	423	659	4.38745	4.45412	0.00432726	1
0	424	1153	3.40009	3.43046	0.00528422	1
0	425	258	1.64663	1.61844	0.00466651	1
0	426	40775	8.66903	8.49846	0.00546716	1
0	427	476	0.690485	0.746434	0.00332876	1
0	428	1673	0.994412	1.03485	0.00291177	1
0	429	389	2.43847	2.41637	0.00130938	1
0	430	9226	0.00296986	0.00301816	2.49523e-05	1
0	431	352	6.15893e-05	5.29559e-05	1.75566e-06	1
0	432	4870	1.67128	1.65061	0.00192005	1
0	433	455	0.000163184	0.000175138	1.24007e-06	1
0	434	281	0.177279	0.19657	0.00156361	1
0	435	260	0.95292	0.977014	0.00140351	1
0	436	216	0.921727	0.94612	0.00255317	1
0	437	34	0.0436259	0.0455959	7.66303e-05	1
0	438	32	0.00718579	0.00710861	2.2575e-05	1
0	439	33	0.295146	0.318278	0.000744928	1
0	440	33	0.968947	0.951561	0.000317988	1
0	441	4771	2.80183	2.84507	0.00177678	1
0	442	24271	9.69597	9.59889	0.0023866	1
0	443	264	2.09297	2.1508	0.00934665	1
0	444	2372	0.00643725	0.00607062	8.85429e-05	1
0	445	9067	3.27271	3.09729	0.00704283	1
0	446	411	0.00238359	0.0025671	2.58713e-05	1
0	447	7042	8.45717	8.34186	0.00214625	1
0	448	2250	0.028498	0.0272464	0.00018758	1
0	449	1866	0.00631767	0.00481982	0.00029554	1
0	450	89	0.00114382	0.000883271	4.29163e-05	1
0	451	1673	0.842134	0.839017	0.00289309	1
0	452	3717	2.00117	2.17964	0.00725945	1
0	453	3717	2.49572	2.40369	0.00360044	1
0	454	446	7.53879	7.67368	0.0026446	0
0	455	446	3.31576	3.50415	0.00722909	1
0	456	24132	12.83	12.6715	0.00553444	1
0	457	446	2.49857	2.70091	0.00828572	1
0	458	446	2.08021	2.29902	0.00460313	1
0	459	3717	0.409985	0.422812	0.00103311	1
0	460	3717	0.863177	0.909541	0.0023588	1
0	461	3717	5.84724	5.65538	0.00148257	1
0	462	446	1.46399	1.39821	0.00516039	1
0	463	446	0.527526	0.567819	0.00285848	1
0	464	446	4.80819	4.97797	0.00433909	1
0	465	216	2.80255	2.73205	0.00342453	1
0	466	34	1.81118	1.70634	0.00729569	0
0	467	32	0.184712	0.210535	0.00228198	1
0	468	32	0.301229	0.308407	0.000894189	1
0	469	32	1.06387	1.16721	0.00318622	1
0	470	816	3.43537	3.44232	0.00688434	0
0	471	216	0.28031	0.254781	0.00247368	1
0	472	34	0.0481977	0.0436876	0.000325372	1
0	473	32	0.00250616	0.00250511	9.21655e-06	1
0	474	32	0.289678	0.285516	9.18184e-05	1
0	475	37	1.75756	1.76006	0.0021036	0
0	476	446	0.225076	0.255698	0.00234999	1
0	477	446	1.02812	1.01874	0.0019268	1
0	478	446	0.617551	0.62062	0.00796917	1
0	479	3717	1.35174	1.61757	0.0121549	1
0	480	3717	0.712379	0.773739	0.00265702	1
0	481	533	3.66109	3.71072	0.00290843	1
0	482	216	0.239255	0.243356	0.000681319	1
0	483	34	0.00802927	0.00848078	2.04053e-05	1
0	484	32	0.000262001	0.000292817	2.13654e-06	1
0	485	32	0.0158135	0.0176626	0.000100207	1
0	486	32	0.196799	0.219767	0.0013599	1
0	487	389	1.743	1.65774	0.0026034	1
0	488	9226	0.00775783	0.00780248	6.51001e-05	1
0	489	352	9.4028e-05	8.74892e-05	1.5106e-06	1
0	490	761	2.51921	2.54205	0.00144606	1
0	491	253	0.989894	0.957704	0.00210773	1
0	492	16204	1.70409	1.7124	0.00260814	1
0	493	3394	2.50216	2.44222	0.00414373	1
0	494	29	0.0458953	0.0500577	0.00033583	1
0	495	48	0.0145846	0.0131866	0.000103292	1
0	496	45608	1.24585	1.0283	0.0164704	0
0	497	1791	0.0168957	0.0184497	0.000161384	1
0	498	335	0.262607	0.274192	0.00139276	1
0	499	260	0.152583	0.153663	0.000520391	1
0	500	8552	0.194862	0.225774	0.00258025	1
0	501	3086	0.0871494	0.0821539	0.000438087	1
0	502	378	0.586896	0.629067	0.00289273	1
0	503	8593	0.115248	0.128068	0.00114839	1
0	504	8544	6.28794	6.50201	0.00163086	1
0	505	384	0.63529	0.639221	0.00118989	1
0	506	18821	5.35496	5.24448	0.00200175	1
0	507	476	4.01129	4.13353	0.00423913	1
0	508	7850	6.88939	6.84186	0.0032021	1
0	509	2860	8.83981	8.94937	0.023229	1
0	510	541	0.816518	0.952025	0.0106033	1
1	256	281	0.821729	0.785	0.00326653	1
1	257	4528	2.87782	2.86236	0.00316585	1
1	258	1673	0.207884	0.22421	0.00196559	1
1	259	909	2.24505	2.24499	0.00203484	1
1	260	436	2.0077	1.9507	0.00201243	1
1	261	9067	5.67137	5.59993	0.00254028	1
1	262	411	0.15293	0.147586	0.00160207	1
1	263	2322	3.31305	3.26263	0.00383229	1
1	264	312	5.02723	5.03228	0.00304737	0
1	265	627	6.14946	6.29784	0.00504938	1
1	266	1111	0.318801	0.354415	0.00560298	1
1	267	284	1.61577	1.43314	0.00663628	1
1	268	4870	3.31472	3.20694	0.0030867	1
1	269	455	0.000761011	0.000782563	4.89002e-06	1
1	270	6719	4.80919	4.76162	0.0010359	1
1	271	5465	6.09923	6.01867	0.00414662	1
1	272	1316	5.28434	5.34849	0.00436461	1
1	273	621	1.68987	1.49349	0.0217203	1
1	274	912	0.427324	0.348041	0.0146137	1
1	275	3297	1.76803	1.83477	0.00227341	1
1	276	1541	6.79092	6.67645	0.00368185	1
1	277	1674	1.11365	1.1597	0.00676139	1
1	278	1777	7.25612	7.20491	0.00785605	1
1	279	15540	7.99778	8.00496	0.00640795	1
1	280	3297	1.78682	1.92685	0.00336782	1
1	281	15688	6.18778	6.22518	0.00233322	1
1	282	11360	7.80545	7.75333	0.00363087	1
1	283	3297	0.978242	1.06305	0.00432004	1
1	284	31426	7.91478	8.0637	0.00222944	1
1	285	14969	8.97665	9.04353	0.00724758	1
1	286	375	1.12738	1.11088	0.00517789	1
1	287	3297	0.727907	0.722173	0.000481328	1
1	288	45223	8.56802	8.57126	0.00222483	1
1	289	37583	9.26182	9.29071	0.00336107	0
1	290	284	0.60477	0.597944	0.000710015	1
1	291	17290	6.47253	6.50662	0.00233043	1
1	292	286	0.153989	0.148539	0.00198688	1
1	293	8501	6.44969	6.48557	0.00442631	1
1	294	1673	0.216197	0.262889	0.00582587	1
1	295	389	1.6957	1.63325	0.00541207	1
1	296	9226	0.00352557	0.00431094	9.65622e-05	1
1	297	352	2.76213e-05	2.13239e-05	1.42782e-06	1
1	298	3656	2.93793	3.00509	0.00408095	1
1	299	253	1.3462	1.38244	0.00283233	1
1	300	15380	9.24021	9.40427	0.00640452	1
1	301	2523	0.251175	0.261234	0.00154697	1
1	302	281	0.513107	0.514076	0.00104011	1
1	303	378	0.610831	0.661995	0.00214632	1
1	304	13001	2.98476	2.9332	0.00157915	1
1	305	31728	0.889751	0.764028	0.0097886	1
1	306	1577	5.86419	5.73317	0.0025061	0
1	307	476	0.584286	0.588059	0.00130224	1
1	308	378	2.26034	2.34519	0.00329216	1
1	309	8947	6.92846	7.05144	0.00500464	1
1	310	314	3.44835	3.8464	0.0197158	1
1	311	443	8.03098	8.10372	0.00326846	1
1	312	2494	7.75332	7.81422	0.00520487	0
1	313	5055	0.160188	0.172281	0.00149525	1
1	314	7902	4.46607	4.51392	0.00308487	0
1	315	3297	1.56108	1.51762	0.00116965	1
1	316	351	2.36839	2.38246	0.00203775	1
1	317	27652	16.2019	15.9572	0.00425161	1
1	318	13171	5.30859	5.49099	0.00788066	1
1	319	429	3.65221	3.66527	0.00296843	1
1	320	5465	5.60085	5.43391	0.00294714	1
1	321	1316	1.69499	1.64925	0.00537893	1
1	322	621	0.000823038	0.000961741	2.48405e-05	1
1	323	912	0.00422249	0.00455099	2.912e-05	1
1	324	365	3.36146	3.35747	0.000545712	1
1	325	1209	6.41976	6.34623	0.00556407	1
1	326	551	7.66568	7.51715	0.0056045	1
1	327	21321	2.84441	2.77547	0.0048068	1
1	328	271	2.9199	2.79107	0.00198603	1
1	329	515	0.00460855	0.00743591	0.000725896	1
1	330	429	2.68751	2.61017	0.00370485	1
1	331	650	1.73672	1.8166	0.00486383	1
1	332	2851	5.55608	5.52587	0.00395105	1
1	333	347	2.40306	2.32094	0.000955945	1
1	334	6971	7.80359	7.83285	0.0042728	1
1	335	37291	0.0609278	0.0556594	0.000693631	1
1	336	442	5.66729	5.7555	0.0117422	1
1	337	33606	4.26322	4.50278	0.0160824	1
1	338	637	5.74539	5.74726	0.00230897	1
1	339	99	0.415839	0.445227	0.00256234	1
1	340	24630	8.2206	8.12781	0.00528307	1
1	341	2481	0.871411	0.889541	0.00115224	1
1	342	3297	2.55823	2.58284	0.00174866	1
1	343	6356	6.10317	6.18487	0.00312938	1
1	344	389	4.57814	4.69121	0.00366841	1
1	345	9226	8.71187	8.67167	0.00830796	1
1	346	352	0.0168926	0.0108032	0.00165875	1
1	347	3297	2.58494	2.58102	0.00283431	1
1	348	1541	5.21467	5.11645	0.0023393	1
1	349	1674	0.0240957	0.0231288	0.000195048	1
1	350	1777	0.109516	0.128554	0.00174664	1
1	351	15540	0.00238142	0.00206282	4.59116e-05	1
1	352	284	1.13466	1.04897	0.00346649	0
1	353	31426	3.4728	3.47222	0.0055522	0
1	354	14969	0.0452648	0.0621096	0.00267773	1
1	355	375	0.00278164	0.00344781	8.08546e-05	1
1	356	1673	0.952322	0.914345	0.00309399	1
1	357	476	0.85488	0.865106	0.00180552	1
1	358	378	1.99931	2.02907	0.00210204	1
1	359	22316	8.05411	8.27471	0.00615807	1
1	360	5332	4.81584	4.78238	0.00425422	1
1	361	3297	3.92739	4.09059	0.00228152	1
1	362	476	0.21274	0.213084	0.0018975	1
1	363	5465	5.1837	5.05844	0.00255131	1
1	364	1316	0.8047	0.772587	0.00304818	1
1	365	621	0.000478625	0.000421001	5.51696e-06	1
1	366	912	0.00214901	0.00268143	8.14171e-05	1
1	367	284	3.32285	3.21768	0.00384816	1
1	368	6356	2.60042	2.43866	0.00304784	1
1	369	389	0.0404708	0.0539289	0.00202306	1
1	370	9226	0.000726137	0.000728166	7.94408e-06	1
1	371	352	0.000425117	0.000305363	3.18947e-05	1
1	372	2626	6.23109	6.20154	0.00250236	1
1	373	30190	11.344	11.3726	0.00312025	1
1	374	7523	8.35831	8.49775	0.00618693	1
1	375	260	1.88994	1.87367	0.00411121	1
1	376	4655	8.12897	8.16253	0.00455799	1
1	377	454	0.0491487	0.0646166	0.00209913	1
1	378	1467	0.0062219	0.00678679	6.27191e-05	1
1	379	1673	1.9878	2.08201	0.00461473	1
1	380	476	0.311219	0.340488	0.00210886	1
1	381	3717	2.36291	2.39193	0.0026744	1
1	382	3717	3.33333	3.49068	0.00256415	1
1	383	446	9.84913	9.81054	0.00479237	1
1	384	446	3.00745	3.19955	0.00804896	1
1	385	446	0.522303	0.506223	0.00220215	1
1	386	216	3.54227	3.43618	0.00164196	1
1	387	34	3.33229	3.42956	0.00302792	1
1	388	32	0.487581	0.531539	0.00210002	1
1	389	32	0.396727	0.389265	0.00125259	1
1	390	38	1.28953	1.35445	0.00197716	1
1	391	816	4.66755	4.72012	0.00384803	1
1	392	1386	4.51	4.51267	0.0013741	1
1	393	446	3.77766	3.90301	0.00297403	1
1	394	446	0.860033	0.865201	0.0027133	1
1	395	446	0.142784	0.13062	0.00128508	1
1	396	3717	3.33223	3.31702	0.000994909	1
1	397	3717	2.30067	2.40012	0.00390198	1
1	398	533	2.3352	2.37504	0.00606277	1
1	399	216	0.454159	0.475245	0.00440761	1
1	400	34	0.00557501	0.00629847	4.63885e-05	1
1	401	32	0.000299405	0.000328388	1.56219e-06	1
1	402	32	0.0309582	0.0381708	0.000725639	1
1	403	38	0.27	0.30645	0.00220846	1
1	404	389	2.04883	2.00089	0.00571144	1
1	405	9226	0.00212582	0.002642	7.60666e-05	1
1	406	352	2.40343e-05	1.84309e-05	1.35796e-06	1
1	407	4870	0.81015	0.85701	0.00228827	1
1	408	455	0.00021297	0.000285614	1.19999e-05	1
1	409	281	0.645111	0.605818	0.0012456	1
1	410	260	0.629532	0.574845	0.00305724	1
1	411	1238	3.68492	3.86113	0.00254864	1
1	412	35492	13.6513	13.6435	0.00498392	1
1	413	2855	8.75852	8.95351	0.00383611	1
1	414	411	0.0399289	0.0438934	0.000272929	1
1	415	5068	4.5379	4.53127	0.00345899	1
1	416	43967	10.2715	10.1193	0.00770848	1
1	417	17925	2.24707	2.20237	0.0054909	1
1	418	1673	1.6813	1.69307	0.00300257	1
1	419	378	1.09939	1.0917	0.00302113	1
1	420	1238	0.502637	0.539313	0.00341965	1
1	421	436	0.957135	0.984018	0.00185691	1
1	422	599	5.10382	5.26157	0.0030245	1
1	423	282	0.0319715	0.0298252	0.000280639	1
1	424	253	1.27791	1.29627	0.00231296	1
1	425	3086	1.26004	1.26365	0.00297792	1
1	426	527	4.317	4.31586	0.00444716	1
1	427	11364	3.0569	3.20311	0.00433028	1
1	428	896	7.27258	7.32696	0.0041733	1
1	429	47872	4.78236	4.9932	0.0053485	1
1	430	3297	2.9293	3.04401	0.00253036	1
1	431	14089	7.67694	7.58995	0.00342961	1
1	432	18204	10.9097	10.8058	0.00280835	1
1	433	2272	7.00966	7.18818	0.00684332	1
1	434	27821	11.6379	11.7248	0.00637398	1
1	435	3066	11.6229	11.7247	0.00722362	1
1	436	2272	4.20821	4.25869	0.00203319	1
1	437	35492	5.47604	5.73684	0.0036349	1
1	438	1673	0.887029	0.893237	0.00204303	1
1	439	533	2.80316	2.80958	0.00304083	1
1	440	253	3.66612	3.7236	0.00172363	1
1	441	216	2.94886	2.9123	0.00520175	1
1	442	34	0.145237	0.123664	0.00195672	1
1	443	32	0.0545813	0.0505972	0.000324332	1
1	444	32	0.13108	0.126247	0.000115672	1
1	445	38	0.628807	0.612601	0.000780932	1
1	446	5473	0.84315	0.815248	0.00366807	1
1	447	3297	1.98247	2.1116	0.00712534	1
1	448	6955	8.79529	8.72639	0.00693869	1
1	449	17523	2.56981	2.58155	0.00299824	1
1	450	5465	3.63916	3.62145	0.00241856	1
1	451	1316	1.47424	1.40891	0.00594351	1
1	452	621	0.000495793	0.000602297	1.41721e-05	1
1	453	912	0.00278133	0.0027424	5.39104e-05	1
1	454	4329	5.6465	5.76239	0.00643183	0
1	455	389	2.64864	2.79315	0.00312826	1
1	456	9226	0.00103594	0.00133694	4.45188e-05	1
1	457	352	3.82002e-05	3.47067e-05	6.31376e-07	1
1	458	347	0.23859	0.231451	0.00152324	1
1	459	582	1.37145	1.33593	0.000758041	1
1	460	282	0.0214659	0.0186854	0.000302764	1
1	461	650	2.98315	2.96123	0.000731748	1
1	462	4932	3.87352	3.95087	0.00523869	1
1	463	857	6.7059	6.76176	0.00220784	1
1	464	3394	18.2709	18.1236	0.000895957	1
1	465	29	5.67365	5.33619	0.00735221	1
1	466	48	14.8993	14.6493	0.0067958	1
1	467	5703	5.41679	5.57394	0.00502579	1
1	468	1577	5.33369	5.33303	0.00206435	1
1	469	476	0.155842	0.150573	0.000381086	1
1	470	339	1.10127	1.18133	0.00550291	1
1	471	5732	4.5495	4.49379	0.00209577	1
1	472	1891	4.38134	4.51741	0.00662401	1
1	473	351	0.122613	0.103244	0.00193473	1
1	474	253	6.65661	6.86429	0.00497532	1
1	475	18904	4.70783	4.71063	0.00191623	1
1	476	1217	3.56606	3.56534	0.00594319	0
1	477	6356	5.70821	5.77011	0.0048561	1
1	478	389	0.317645	0.3335	0.00219099	1
1	479	9226	0.00296146	0.00272817	2.57883e-05	1
1	480	352	0.000112755	8.72915e-05	4.88661e-06	1
1	481	3297	1.57332	1.57881	0.00147424	1
1	482	617	2.30331	2.27057	0.00376197	1
1	483	436	1.44446	1.45881	0.00223842	1
1	484	281	3.84896	3.80454	0.00237204	1
1	485	260	1.14344	1.13476	0.00321622	1
1	486	20930	13.3367	13.3844	0.00478439	1
1	487	3093	5.84582	5.67668	0.0049932	1
1	488	282	2.92773	3.00061	0.00909199	0
1	489	18204	2.4067	2.31023	0.00351283	1
1	490	3297	3.1814	3.35491	0.00912401	1
1	491	27821	0.416152	0.390448	0.00272127	1
1	492	3066	0.045184	0.0417415	0.000415518	1
1	493	284	0.608494	0.519807	0.0062437	1
1	494	35492	0.108496	0.123556	0.00142483	1
1	495	418	4.41637	4.43165	0.00184656	1
1	496	260	0.30608	0.276241	0.00482373	1
1	497	2071	6.5833	6.65583	0.00183983	1
1	498	1673	6.03415	6.10301	0.00173149	1
1	499	909	1.94071	1.82096	0.00282804	1
1	500	4944	3.91789	4.04428	0.00457259	1
1	501	957	6.06492	6.13603	0.00497765	1
1	502	5717	3.56289	3.57803	0.00421011	1
1	503	281	1.92329	1.87552	0.00482059	1
1	504	18593	12.3634	12.1406	0.00295119	1
1	505	33817	0.0558143	0.0608578	0.000413835	1
1	506	1673	1.05304	1.08131	0.00204121	1
1	507	476	1.35562	1.32737	0.00328977	1
1	508	909	2.72712	2.6101	0.00791015	1
1	509	18821	6.62365	6.82098	0.0156072	1
1	510	476	3.68321	3.79071	0.0049731	1
2	256	281	0.754591	0.750241	0.000776123	1
2	257	3772	9.50649	9.4803	0.00185403	1
2	258	14612	0.677895	0.68486	0.00201645	1
2	259	282	0.203169	0.22392	0.00124827	1
2	260	260	0.575872	0.589795	0.00171752	1
2	261	8552	0.923978	0.952174	0.0022952	1
2	262	3086	0.0774702	0.0775986	0.000127622	1
2	263	17709	7.3598	7.27335	0.00598507	1
2	264	531	0.517022	0.569617	0.00372857	1
2	265	866	1.03488	1.04575	0.0087072	1
2	266	281	2.29645	2.22737	0.00802769	1
2	267	216	1.25554	1.2924	0.0012282	1
2	268	34	0.0210575	0.0197577	6.96043e-05	1
2	269	32	0.0015936	0.0017516	1.41582e-05	1
2	270	33	1.09273	1.12722	0.000297045	1
2	271	32	0.773023	0.806985	0.000615675	1
2	272	3297	1.66948	1.68845	0.00299226	1
2	273	347	2.60791	2.72973	0.00310193	1
2	274	476	1.56908	1.51619	0.00287508	1
2	275	659	4.48024	4.4265	0.00227299	0
2	276	1153	3.64894	3.45465	0.00766925	1
2	277	258	1.49238	1.33594	0.00948665	1
2	278	40775	9.68805	9.76207	0.00227536	1
2	279	476	0.250119	0.27673	0.00238052	1
2	280	1673	0.337707	0.331992	0.00200679	1
2	281	909	1.55395	1.54009	0.00208729	0
2	282	18821	3.61342	3.57237	0.00152201	1
2	283	354	3.59175	3.63532	0.00510202	1
2	284	5851	7.97492	8.03432	0.00588559	1
2	285	9115	6.41521	6.49551	0.00549556	1
2	286	6784	14.7973	14.8314	0.00223756	1
2	287	327	2.26221	2.2073	0.00377022	1
2	288	253	0.730404	0.710089	0.00185186	1
2	289	2340	3.18107	3.2241	0.00424543	1
2	290	26782	6.06033	6.09674	0.00496519	1
2	291	1673	2.93676	2.95405	0.00239523	1
2	292	909	1.71996	1.64472	0.00602102	1
2	293	23028	9.1942	9.18493	0.00174592	1
2	294	335	0.577731	0.583881	0.0027889	1
2	295	260	0.805726	0.742459	0.00411562	1
2	296	7183	11.086	10.9665	0.00537423	1
2	297	7590	4.39459	4.39813	0.00379846	1
2	298	281	2.35871	2.45327	0.00180987	1
2	299	42968	3.52359	3.51039	0.00473523	1
2	300	253	1.97361	1.94885	0.00348371	1
2	301	9115	5.82329	5.74264	0.00384415	1
2	302	335	3.39215	3.39263	0.00612747	1
2	303	8552	1.56231	1.46867	0.00316423	1
2	304	1577	5.12665	5.2413	0.00354406	1
2	305	476	0.27853	0.295544	0.00130482	1
2	306	33340	6.4543	6.4357	0.00422611	1
2	307	253	0.471088	0.465627	0.00181281	1
2	308	3648	1.08416	1.13195	0.0054871	1
2	309	314	1.32411	1.33771	0.0023491	1
2	310	253	1.62267	1.56281	0.00328801	1
2	311	8463	6.42497	6.40831	0.00385387	1
2	312	1786	4.57161	4.85562	0.00370681	1
2	313	1673	1.87758	1.84657	0.00150383	0
2	314	21890	12.1258	12.2819	0.00244988	1
2	315	1719	0.103646	0.104705	0.000298279	1
2	316	346	3.84544	3.92925	0.00181072	1
2	317	699	3.43646	3.26193	0.00212621	1
2	318	732	1.41841	1.35917	0.00332314	1
2	319	346	0.771141	0.800129	0.00314294	1
2	320	637	7.2149	7.38709	0.00131822	1
2	321	257	0.0721752	0.0662254	0.000535053	1
2	322	5348	2.79024	3.0267	0.00259444	1
2	323	563	0.00560928	0.00615911	8.11109e-05	1
2	324	645	3.73011	3.9167	0.00328663	1
2	325	346	0.404542	0.427736	0.00258023	1
2	326	1326	3.01292	3.08244	0.00312405	1
2	327	637	0.178588	0.206793	0.00206267	1
2	328	100	0.713941	0.621178	0.00509598	0
2	329	314	2.28223	2.43988	0.0049317	1
2	330	1035	3.37347	3.4099	0.00219909	1
2	331	26393	7.28667	7.29779	0.00704596	1
2	332	564	4.83261	4.78849	0.00262064	1
2	333	665	4.65775	4.57985	0.00243804	1
2	334	359	1.52353	1.52959	0.000796196	1
2	335	39721	13.7586	13.7292	0.00252679	1
2	336	335	2.86109	2.85458	0.00238354	1
2	337	932	3.44111	3.28205	0.00395954	1
2	338	617	1.03689	1.00363	0.00213077	1
2	339	359	1.75427	1.70792	0.00456796	1
2	340	10216	8.87696	9.02319	0.00556908	1
2	341	418	2.75398	2.70037	0.00284039	1
2	342	2498	6.01037	6.03217	0.00330332	1
2	343	346	1.97248	2.05836	0.00556015	1
2	344	738	3.44987	3.49747	0.00273695	1
2	345	5695	7.72341	7.47436	0.00426398	1
2	346	284	1.86834	1.84598	0.00618273	1
2	347	4145	4.83378	5.04481	0.00918934	1
2	348	346	0.201492	0.234862	0.00378636	1
2	349	260	2.35303	2.58697	0.013981	0
2	350	6204	4.96661	4.98041	0.0042099	1
2	351	288	0.384694	0.346105	0.00282797	1
2	352	1481	6.82748	6.99514	0.00407945	1
2	353	665	3.89893	3.97252	0.00169977	1
2	354	284	0.658536	0.692739	0.00237205	1
2	355	1492	3.95952	3.98548	0.00392905	1
2	356	702	3.09371	3.12965	0.00252496	1
2	357	346	0.608042	0.569504	0.00157684	1
2	358	699	1.33823	1.28053	0.00304704	0
2	359	732	0.42506	0.412777	0.00222221	1
2	360	346	0.060629	0.0591828	0.000329605	1
2	361	637	0.280449	0.257972	0.00137091	1
2	362	257	0.0178938	0.0165502	0.000284708	1
2	363	2567	1.66106	1.50409	0.00411199	1
2	364	1673	0.635143	0.608072	0.00297018	1
2	365	476	0.469684	0.441762	0.00219544	1
2	366	389	2.21033	2.26967	0.00285326	1
2	367	9226	0.010202	0.0102118	8.40256e-05	1
2	368	352	5.06625e-05	4.36965e-05	1.9643e-06	1
2	369	4870	1.19851	1.17812	0.00260197	1
2	370	455	0.000497245	0.000523803	4.8396e-06	1
2	371	281	0.495352	0.512459	0.000633257	1
2	372	260	1.60108	1.64844	0.00270249	1
2	373	216	1.08187	1.1551	0.00426427	1
2	374	34	0.0417427	0.0444019	0.000133327	1
2	375	32	0.0101947	0.0105709	1.9487e-05	1
2	376	33	1.21534	1.17222	0.000437531	1
2	377	33	1.21328	1.23395	0.000328196	1
2	378	4771	1.09732	1.07542	0.00240173	1
2	379	24271	9.73096	9.61436	0.00427398	1
2	380	264	1.75593	1.89409	0.0110716	0
2	381	2372	0.0130394	0.015883	0.000315602	1
2	382	9067	4.17733	4.04377	0.00378595	1
2	383	411	0.00471459	0.00489951	2.93721e-05	1
2	384	7042	8.03014	7.88737	0.00312188	1
2	385	2250	0.0501963	0.042899	0.000749017	1
2	386	1866	0.0055195	0.00393807	0.000324784	1
2	387	89	0.00046551	0.000522559	8.88234e-06	1
2	388	1673	0.699395	0.774583	0.00654376	1
2	389	3717	5.00495	5.0089	0.00168763	1
2	390	3717	4.35604	4.35542	0.00364618	1
2	391	446	8.66302	8.64546	0.00540606	1
2	392	446	3.66372	3.98509	0.00776985	1
2	393	21805	9.28326	9.30599	0.00308116	1
2	394	2882	2.5953	2.5179	0.00706971	1
2	395	446	1.18476	1.14267	0.00523658	1
2	396	446	0.850917	0.812752	0.00582224	1
2	397	3717	2.1133	2.16424	0.0156952	1
2	398	3717	2.69141	2.68246	0.00311507	1
2	399	3717	6.4193	6.48232	0.00327537	1
2	400	446	2.83304	3.0219	0.00411578	1
2	401	446	0.496282	0.543415	0.00351334	1
2	402	446	3.73361	3.77972	0.00496007	1
2	403	21805	4.01148	3.64903	0.00950659	1
2	404	446	5.86682	5.75746	0.00249178	1
2	405	446	0.610685	0.560543	0.0060278	1
2	406	446	0.443011	0.455354	0.00135769	1
2	407	3717	0.800315	0.828681	0.00107431	1
2	408	3717	0.608508	0.684977	0.0049091	1
2	409	3717	3.31968	3.25629	0.00527177	1
2	410	446	1.58836	1.71381	0.0075403	1
2	411	446	0.212747	0.289698	0.0111517	1
2	412	446	0.346597	0.45376	0.0133823	1
2	413	32048	5.78528	5.86828	0.00827693	1
2	414	446	0.226001	0.26316	0.00386865	1
2	415	446	0.00314	0.00333525	4.73628e-05	1
2	416	446	0.0546413	0.0538286	4.69785e-05	1
2	417	3717	0.251473	0.311856	0.00664127	1
2	418	3717	0.271698	0.309965	0.00272503	1
2	419	3717	1.34482	1.32553	0.00725238	1
2	420	446	0.518749	0.608265	0.00721547	1
2	421	446	0.0275154	0.0353284	0.00114187	1
2	422	446	0.0902617	0.0884917	0.000433755	1
2	423	22660	4.0395	4.20994	0.013156	1
2	424	446	0.100961	0.103175	0.000869842	1
2	425	446	0.000980933	0.00102049	3.27156e-05	1
2	426	446	0.0164225	0.015538	7.61143e-05	1
2	427	3717	0.0977947	0.109292	0.0014502	1
2	428	3717	0.171173	0.159114	0.000652609	1
2	429	3717	0.753146	0.888983	0.0118285	1
2	430	3717	2.22764	2.31968	0.00114862	1
2	431	446	0.66738	0.713995	0.00315018	1
2	432	13300	15.3725	15.1378	0.00141404	1
2	433	18555	9.35701	9.50943	0.00919203	1
2	434	446	16.8516	17.2621	0.0278064	1
2	435	3717	6.75389	6.25258	0.0013975	1
2	436	3717	1.52885	1.60913	0.00202374	1
2	437	13300	6.04273	5.91692	0.00234302	1
2	438	18555	0.0778176	0.0823847	0.000703179	1
2	439	365	3.47635	3.39619	0.0120554	1
2	440	40883	10.776	10.4047	0.0112442	1
2	441	816	9.63893	9.68227	0.00322893	1
2	442	452	5.45848	5.51632	0.00441305	1
2	443	3481	2.48349	2.30894	0.00722519	1
2	444	1577	6.87362	6.89324	0.0035807	1
2	445	17566	8.08833	8.01508	0.00430856	1
2	446	18555	8.80904	8.5717	0.00977594	1
2	447	8544	4.25232	4.20367	0.00565241	1
2	448	4097	8.44153	8.17137	0.00438122	1
2	449	1577	1.52389	1.50745	0.00195907	1
2	450	17097	3.43767	3.52858	0.00939684	1
2	451	247	2.09277	2.17164	0.00325151	1
2	452	246	2.42931	2.20253	0.0115564	1
2	453	16821	5.35774	5.34284	0.00435742	1
2	454	121	2.27394	2.32529	0.00328953	1
2	455	8544	2.4573	2.34377	0.00897446	1
2	456	216	2.77004	2.84449	0.00433065	1
2	457	39	4.26396	4.2711	0.00188321	1
2	458	33	3.09973	3.09019	0.00793418	1
2	459	34	4.42841	4.39224	0.00483746	1
2	460	816	4.49206	4.44563	0.00364172	1
2	461	216	0.334731	0.275212	0.00622403	1
2	462	39	0.65989	0.651065	0.00080331	1
2	463	39	2.69503	2.76369	0.00144246	1
2	464	32	2.29324	2.34265	0.00162437	1
2	465	2481	0.507242	0.573932	0.00581833	1
2	466	436	1.84315	1.87929	0.00126849	1
2	467	253	0.396655	0.396953	0.00073261	1
2	468	7411	6.05038	6.05603	0.00393281	1
2	469	4097	1.20908	1.1364	0.00459122	1
2	470	5720	4.9186	5.04791	0.00633902	0
2	471	282	2.69384	2.68174	0.00148528	1
2	472	260	0.167079	0.193123	0.00231751	1
2	473	22721	2.83584	2.94157	0.00325193	1
2	474	16552	2.09438	2.13779	0.000500925	1
2	475	1673	2.07275	2.19945	0.00379844	1
2	476	13957	7.38799	7.51474	0.00283887	1
2	477	351	0.0291673	0.0329066	0.000289221	1
2	478	9679	2.65941	2.62803	0.0021672	1
2	479	389	1.9424	1.97963	0.00481138	1
2	480	2554	0.339826	0.414568	0.0112911	1
2	481	365	2.98721	3.11655	0.00246112	1
2	482	9679	2.22882	2.02697	0.0109412	1
2	483	8394	7.71589	7.38598	0.00983205	1
2	484	2481	2.3506	2.34583	0.0097066	0
2	485	3297	1.26026	1.24123	0.00120492	1
2	486	384	0.740088	0.830605	0.0070766	1
2	487	314	1.89479	1.82937	0.00249077	1
2	488	4540	7.90473	7.85346	0.00349653	1
2	489	1217	3.63111	3.65283	0.0020665	1
2	490	260	0.767604	0.861874	0.00766047	1
2	491	6250	2.91802	3.00447	0.00211181	1
2	492	282	3.66282	3.67414	0.00152662	1
2	493	260	1.90076	1.90976	0.000514792	1
2	494	4097	1.10602	1.1204	0.00126987	1
2	495	15583	0.342511	0.359925	0.00129667	1
2	496	1673	0.686813	0.717225	0.00330477	1
2	497	2736	2.60011	2.59047	0.00274754	1
2	498	6250	5.04223	5.2271	0.00429932	1
2	499	21635	9.43403	9.35311	0.007579	1
2	500	436	0.327513	0.348036	0.00121654	1
2	501	288	0.291285	0.336775	0.00572958	1
2	502	3809	6.29846	6.19874	0.00246584	1
2	503	650	3.89619	4.06424	0.001128	1
2	504	1798	0.855775	0.892953	0.00465942	1
2	505	347	2.16673	2.16515	0.00337936	1
2	506	253	0.867791	0.787643	0.00395568	1
2	507	3424	7.81335	7.72162	0.00401209	1
2	508	3181	5.40262	5.45423	0.00555285	1
2	509	19062	0.0727058	0.0812023	0.000839276	1
2	510	3297	1.8969	1.87848	0.0022591	1
3	256	527	2.00066	1.8892	0.00493469	1
3	257	354	6.55685	6.60669	0.00698822	1
3	258	5632	8.30181	8.35951	0.00498641	0
3	259	3912	5.49028	5.51009	0.00116085	1
3	260	856	5.41014	5.53654	0.00174328	1
3	261	325	4.07911	4.09934	0.00477996	1
3	262	9830	4.82708	4.82545	0.00592877	1
3	263	288	0.110018	0.11198	0.00170259	1
3	264	699	0.658895	0.738588	0.0125305	1
3	265	1673	0.717955	0.708114	0.00177894	1
3	266	1068	4.05231	4.11139	0.00424394	1
3	267	2148	8.43288	8.32778	0.00467435	1
3	268	4641	4.15561	4.38422	0.00238105	1
3	269	4419	0.0882825	0.0859188	0.000562504	1
3	270	3297	1.00054	1.02651	0.00202164	1
3	271	476	4.71026	4.68504	0.00874046	1
3	272	378	3.21339	3.26557	0.00689673	1
3	273	1181	8.25565	8.42291	0.0058221	1
3	274	8589	9.0652	8.84371	0.00449722	1
3	275	392	2.50721	2.46448	0.00439505	1
3	276	699	1.43602	1.52211	0.00309286	1
3	277	260	1.964	2.00529	0.0013856	1
3	278	655	8.55801	8.35282	0.0113207	1
3	279	3297	1.59016	1.56858	0.00372999	1
3	280	260	0.85996	0.90165	0.00247173	1
3	281	1379	6.81809	6.18039	0.00356814	1
3	282	284	1.58448	1.5555	0.00098238	1
3	283	260	0.576042	0.654786	0.00720076	1
3	284	5687	2.70204	2.73279	0.00669795	0
3	285	281	2.08585	2.13196	0.00444727	1
3	286	260	5.49631	5.68997	0.000170612	1
3	287	3969	6.98421	6.85455	0.0158531	1
3	288	3297	2.02355	2.13844	0.00831159	1
3	289	260	0.173362	0.197345	0.00175875	1
3	290	540	0.714669	0.715609	0.0019729	1
3	291	24390	8.4546	8.33505	0.00409486	1
3	292	392	0.420763	0.411913	0.00170067	1
3	293	359	0.223002	0.23337	0.000855886	1
3	294	288	0.0456024	0.0476076	0.000182395	1
3	295	4219	5.30432	5.16177	0.00411864	1
3	296	357	3.91749	3.95777	0.00394896	1
3	297	25378	9.90215	9.87959	0.00274664	1
3	298	3297	2.59542	2.70801	0.00339511	1
3	299	284	1.25693	1.319	0.00503092	1
3	300	260	1.23015	1.36907	0.00539959	1
3	301	966	8.32174	8.57275	0.00157939	1
3	302	523	2.04833	2.16061	0.00290635	1
3	303	325	0.385921	0.414295	0.00226466	1
3	304	338	1.75843	1.77956	0.00561184	1
3	305	392	0.888468	0.864405	0.00138111	1
3	306	2267	7.37916	7.30502	0.00221728	1
3	307	20820	3.38427	3.43512	0.00343573	0
3	308	260	1.14306	1.25199	0.00412544	1
3	309	8216	1.35281	1.30381	0.00414169	1
3	310	355	0.286446	0.285353	0.000857254	1
3	311	2319	3.97195	3.98492	0.00340177	1
3	312	288	0.0156357	0.0184916	0.000312852	1
3	313	1044	1.55393	1.49687	0.00495265	1
3	314	357	0.44588	0.433849	0.00128663	1
3	315	13587	5.72384	5.79482	0.00791324	1
3	316	476	2.12485	2.17209	0.00117599	1
3	317	1673	0.0608545	0.0524366	0.000824379	1
3	318	12502	9.69408	9.64054	0.00116106	1
3	319	29140	6.87329	7.03487	0.00639131	0
3	320	4567	3.67131	3.82799	0.0146927	1
3	321	253	4.52717	4.54746	0.00212097	1
3	322	3464	3.79455	3.70269	0.00349136	1
3	323	4186	3.35174	3.49448	0.000939834	1
3	324	1542	11.2527	11.2619	0.00643993	1
3	325	288	0.0550525	0.0537228	0.00039192	1
3	326	13300	4.32224	4.53022	0.00503614	1
3	327	18555	0.0166506	0.0143885	0.000322459	1
3	328	3297	1.59825	1.67141	0.00236025	1
3	329	17087	7.38006	7.44012	0.00849984	1
3	330	338	0.0687307	0.063206	0.000382134	1
3	331	260	1.94913	2.02183	0.00293933	1
3	332	3175	7.57789	7.53551	0.0072526	1
3	333	282	0.243768	0.249795	0.000469475	1
3	334	260	3.79493	4.22149	0.0214665	1
3	335	5720	1.71822	1.62054	0.00932043	1
3	336	637	0.398983	0.382588	0.00244411	1
3	337	99	0.0593499	0.0771158	0.0029307	1
3	338	746	2.19753	2.08726	0.00724164	1
3	339	2309	8.79622	8.80394	0.00361106	1
3	340	6970	7.95321	8.00292	0.00409122	1
3	341	282	0.433162	0.38415	0.00418099	1
3	342	650	2.79368	2.84143	0.00403071	1
3	343	2444	5.32755	5.41705	0.00464203	0
3	344	1029	1.16345	1.19766	0.00232379	1
3	345	3297	2.24512	2.22782	0.00343069	0
3	346	2161	2.7501	2.6445	0.00386837	1
3	347	670	0.0122304	0.0141827	0.000189423	1
3	348	260	2.71218	2.83702	0.00555852	1
3	349	476	4.75964	4.84267	0.00478495	1
3	350	1234	9.91116	10.0773	0.00665387	1
3	351	7888	1.29204	1.17588	0.0105895	1
3	352	476	3.07423	3.24622	0.00632478	1
3	353	11767	8.25814	8.44843	0.00679636	1
3	354	2918	1.03451	1.02184	0.0016591	1
3	355	804	3.6712	3.66738	0.00335676	1
3	356	327	4.9881	4.97043	0.000938846	1
3	357	540	4.54008	4.49784	0.00416507	1
3	358	3435	4.31026	4.37431	0.00862746	1
3	359	15583	4.99025	5.2403	0.00466832	1
3	360	1673	0.689313	0.68036	0.0020488	1
3	361	3717	1.20376	1.19854	0.00342146	1
3	362	3717	1.03488	1.01906	0.00241704	1
3	363	446	0.767873	0.804022	0.00256584	1
3	364	446	0.0566257	0.0695404	0.00156632	1
3	365	446	5.31802	5.28689	0.00353277	1
3	366	7049	7.70821	7.73005	0.00313067	1
3	367	929	5.63511	5.7066	0.00326584	1
3	368	446	0.139754	0.127689	0.00121049	1
3	369	446	0.0964246	0.0752911	0.00273016	1
3	370	446	5.46368	5.44406	0.000270252	1
3	371	3717	0.229765	0.232181	0.000435995	1
3	372	3717	0.155836	0.143591	0.000915085	1
3	373	3529	6.135	6.11927	0.00747793	1
3	374	282	0.551478	0.556914	0.00125634	1
3	375	732	4.32769	4.29258	0.00275135	1
3	376	314	1.21539	1.17956	0.00448986	1
3	377	1343	0.321799	0.299466	0.0017744	1
3	378	282	0.95286	0.923363	0.000497161	1
3	379	13300	0.983283	0.973411	0.00146536	1
3	380	18555	0.00490798	0.00548924	7.69977e-05	1
3	381	637	0.689723	0.722613	0.0017477	1
3	382	99	0.00419508	0.00516123	0.00010602	1
3	383	1029	1.1519	1.22509	0.00172765	1
3	384	2216	1.2526	1.20735	0.00294765	1
3	385	429	0.113915	0.109318	0.0004231	1
3	386	650	1.19962	1.25361	0.0035849	1
3	387	11515	2.55185	2.50346	0.00452661	1
3	388	1673	1.72514	1.67748	0.00272513	1
3	389	2736	1.88663	1.91173	0.00415071	1
3	390	33964	8.16903	8.27866	0.00406331	0
3	391	19756	0.469213	0.438764	0.00286312	1
3	392	436	1.248	1.14483	0.00494389	1
3	393	13300	9.21722	9.25092	0.00069141	1
3	394	25562	5.66716	5.79338	0.0142069	1
3	395	11649	10.3454	10.025	0.00576687	1
3	396	3297	0.119859	0.116445	0.000276789	1
3	397	253	0.60782	0.580983	0.00127034	1
3	398	5332	5.20722	5.0592	0.00588065	1
3	399	23694	6.10697	6.16213	0.00322787	1
3	400	284	1.2426	1.27438	0.00127368	0
3	401	5720	2.48393	2.41856	0.0033081	1
3	402	981	5.94713	6.01529	0.000944896	1
3	403	260	0.0841265	0.095002	0.00112926	1
3	404	10563	3.17507	3.16209	0.00365801	1
3	405	282	0.00638113	0.00608691	3.4354e-05	1
3	406	43022	5.18759	5.18384	0.00180107	1
3	407	25048	0.530217	0.478964	0.00468798	1
3	408	1673	1.79576	1.85735	0.00174418	1
3	409	13300	2.88704	2.99074	0.00291064	1
3	410	18555	2.06277	2.00262	0.0027397	1
3	411	436	1.24715	1.23235	0.0022585	1
3	412	3988	1.61023	1.58024	0.00355028	1
3	413	281	0.613211	0.624168	0.000776789	1
3	414	216	0.542826	0.518387	0.00221962	1
3	415	39	1.71973	1.75703	0.00091276	1
3	416	33	1.09036	1.2556	0.00898573	1
3	417	34	2.685	2.78607	0.00196701	1
3	418	8544	7.13143	7.09207	0.0017547	1
3	419	260	2.39691	2.41967	0.00586857	1
3	420	3018	2.40499	2.29411	0.00235521	1
3	421	33284	7.21798	7.09569	0.00195899	1
3	422	314	0.720765	0.754201	0.00126064	1
3	423	6552	1.30563	1.25929	0.0031112	0
3	424	3297	1.541	1.55193	0.00146761	1
3	425	2560	5.7692	5.70327	0.000706853	1
3	426	338	0.502728	0.473544	0.00166418	1
3	427	357	1.19167	1.24159	0.00178963	1
3	428	436	1.35884	1.33658	0.00099057	1
3	429	2141	2.2992	2.23592	0.00268694	1
3	430	12196	5.35886	5.24514	0.00239694	1
3	431	922	0.135847	0.138691	0.000816807	1
3	432	604	0.0521504	0.0655461	0.00176762	1
3	433	3297	0.719599	0.759715	0.0013104	1
3	434	5684	2.46676	2.35803	0.00320457	1
3	435	276	0.00196845	0.00124208	0.000206992	1
3	436	10416	2.27536	2.21978	0.00158785	1
3	437	365	5.4225	5.51106	0.00158645	1
3	438	452	9.04432	9.2463	0.00467372	1
3	439	516	3.5707	3.67127	0.00700826	1
3	440	8347	10.0807	9.87695	0.0142333	1
3	441	314	5.44066	5.34052	0.00997799	1
3	442	253	3.24584	3.25553	0.00371758	0
3	443	20334	10.3751	10.2327	0.0058225	1
3	444	8991	5.06471	4.96525	0.00460797	1
3	445	2481	1.0567	1.13919	0.00455065	0
3	446	1673	0.438405	0.452711	0.00338805	1
3	447	533	3.96619	3.94989	0.00346212	0
3	448	1916	4.69328	4.64019	0.0048869	1
3	449	1029	1.12203	1.03252	0.00587769	0
3	450	3297	1.12492	1.12379	0.000546316	1
3	451	384	1.12192	1.07245	0.00406965	1
3	452	2500	7.92519	7.85428	0.00469662	1
3	453	3930	0.911535	0.897115	0.00221742	1
3	454	288	1.59503	1.73686	0.00777932	1
3	455	4523	5.90869	5.88779	0.00115111	1
3	456	288	0.185652	0.191302	0.000385287	1
3	457	260	0.249105	0.334042	0.0112428	1
3	458	3575	7.09173	6.98329	0.00652699	1
3	459	2240	1.6142	1.66298	0.0176518	1
3	460	282	0.264373	0.294019	0.00336605	1
3	461	27006	3.75851	3.61163	0.00697733	1
3	462	637	2.36313	2.35058	0.00225412	1
3	463	276	0.135898	0.116162	0.00166823	1
3	464	3297	0.22272	0.269011	0.0065674	1
3	465	16918	11.9407	12.0719	0.00303542	1
3	466	32111	5.47125	5.3582	0.00340222	1
3	467	282	0.20162	0.191364	0.000847557	1
3	468	260	0.760475	0.755572	0.0030973	1
3	469	13300	7.00624	7.04121	0.007857	1
3	470	1564	1.24002	0.982535	0.0289722	1
3	471	1673	0.812709	0.815822	0.000264428	1
3	472	3717	2.0596	2.11258	0.00216077	1
3	473	13300	3.87446	3.91246	0.00418497	1
3	474	18555	0.153891	0.161193	0.00106761	1
3	475	637	1.43727	1.44565	0.00248588	1
3	476	99	0.00344878	0.00338467	8.57643e-06	1
3	477	3379	3.25977	3.16773	0.00299256	1
3	478	4242	3.66387	3.58031	0.000991369	1
3	479	13825	3.55691	3.54416	0.00274269	1
3	480	990	0.132793	0.147642	0.00116605	1
3	481	384	1.14952	1.14944	0.00467242	1
3	482	436	0.252561	0.251612	0.000510157	1
3	483	3988	0.0892233	0.0937892	0.000429722	1
3	484	3297	0.483915	0.516374	0.00166316	1
3	485	284	0.813177	0.79927	0.00238728	1
3	486	384	1.73067	1.72126	0.0020993	1
3	487	436	0.951889	1.01973	0.00361645	1
3	488	11729	8.60851	8.68768	0.0026186	1
3	489	5489	1.23774	1.15967	0.00766673	1
3	490	411	0.396305	0.438344	0.00276051	1
3	491	650	0.472847	0.498561	0.00251574	1
3	492	31164	3.57815	3.58205	0.00125588	0
3	493	1673	1.70645	1.71259	0.00224145	1
3	494	909	1.68413	1.60207	0.00327097	1
3	495	761	3.47952	3.45945	0.00228198	1
3	496	354	3.35464	3.45204	0.00388169	1
3	497	8890	3.48065	3.54171	0.00360545	1
3	498	5717	0.8158	0.804624	0.000665772	1
3	499	3297	0.641469	0.620879	0.00186402	1
3	500	617	2.41623	2.34517	0.00314361	1
3	501	4242	1.46871	1.58161	0.00502159	1
3	502	1805	3.13141	2.9628	0.00229095	1
3	503	1673	1.37859	1.41518	0.00136771	1
3	504	909	1.98263	2.02194	0.00312716	1
3	505	597	2.42511	2.37316	0.00284866	1
3	506	761	0.246101	0.242627	0.000646304	1
3	507	1296	4.05927	4.00084	0.00244913	1
3	508	2745	5.20263	5.06812	0.00241822	0
3	509	11819	1.23561	1.21487	0.000569894	1
3	510	284	0.946014	0.917183	0.000851616	1
4	256	260	1.42956	1.3941	0.00509952	0
4	257	16071	6.20506	5.96426	0.0034498	1
4	258	281	1.58793	1.56805	0.00286351	1
4	259	11611	1.12605	1.11474	0.00258844	1
4	260	282	0.0158003	0.0153385	2.56087e-05	1
4	261	582	5.32118	5.37789	0.013686	1
4	262	282	0.362594	0.397412	0.00343494	1
4	263	650	0.275517	0.255975	0.00119147	1
4	264	2745	6.33636	6.25696	0.00310719	1
4	265	11819	0.431463	0.45814	0.00400794	1
4	266	1673	0.707513	0.711848	0.000825681	1
4	267	909	1.95369	2.0034	0.00221992	1
4	268	4957	4.96434	4.85251	0.0033933	1
4	269	260	1.33259	1.34624	0.00108085	1
4	270	1867	1.32935	1.45155	0.00604669	0
4	271	1876	2.7048	2.76327	0.00357475	1
4	272	929	0.181837	0.173441	0.00190143	1
4	273	2242	3.73913	3.83178	0.00247368	1
4	274	281	0.639817	0.658468	0.00150833	1
4	275	260	1.29465	1.35196	0.00290131	1
4	276	12196	7.93169	7.92371	0.00319522	1
4	277	922	2.14948	2.14745	0.00864023	1
4	278	604	0.0289978	0.0392538	0.00183649	1
4	279	1557	0.827986	0.854386	0.00205772	1
4	280	3297	0.992754	1.0466	0.00468489	1
4	281	18245	9.58801	9.43066	0.00454011	1
4	282	650	0.542378	0.571721	0.00548133	1
4	283	10680	3.48289	3.51703	0.00422732	1
4	284	281	1.98307	2.00883	0.000573069	1
4	285	5747	8.7623	8.86617	0.00150061	1
4	286	10979	2.38535	2.44953	0.00707447	1
4	287	1673	1.53088	1.62705	0.0033287	1
4	288	3717	1.01305	1.25396	0.0157442	1
4	289	533	1.99021	1.96684	0.00425318	1
4	290	260	1.30288	1.36918	0.00208463	1
4	291	15339	4.23077	4.11824	0.00260603	1
4	292	282	0.0821592	0.0900218	0.000417537	1
4	293	216	0.340946	0.318759	0.00148207	1
4	294	39	0.0113037	0.00994356	0.000107854	1
4	295	36	0.735923	0.718601	0.00241076	1
4	296	36	2.56928	2.52552	0.00111739	1
4	297	3297	0.221253	0.22265	0.000666046	1
4	298	384	0.680809	0.676238	0.00124913	1
4	299	1278	4.37655	4.47949	0.00715853	1
4	300	9679	4.89062	4.97503	0.00432214	1
4	301	389	2.21413	2.34284	0.00565783	1
4	302	2554	0.569938	0.698278	0.0148723	1
4	303	365	4.52988	4.54588	0.000683819	1
4	304	9679	3.89546	3.89337	0.00417846	0
4	305	8394	5.87447	5.61605	0.00839347	1
4	306	2481	0.596417	0.60488	0.00109736	1
4	307	327	5.75228	5.79232	0.00103919	1
4	308	260	0.208339	0.22364	0.000970375	1
4	309	808	0.043618	0.0487807	0.000538597	1
4	310	655	0.0231912	0.0266274	0.00041007	1
4	311	3297	1.4512	1.47831	0.00163196	1
4	312	284	1.63196	1.6139	0.00331698	1
4	313	260	2.83924	2.94874	0.00368222	1
4	314	827	0.671328	0.636725	0.00475498	1
4	315	15583	3.14306	3.07229	0.00287625	1
4	316	4331	4.05734	4.14583	0.00347708	1
4	317	253	0.378069	0.376236	0.000667136	1
4	318	11414	2.06029	2.18631	0.00458787	1
4	319	1673	1.29204	1.37179	0.00340406	1
4	320	5259	9.77723	9.7761	0.00291131	1
4	321	8124	8.52027	8.44138	0.0185842	1
4	322	6601	5.60224	5.60531	0.00644431	1
4	323	451	1.83737	1.88525	0.00421629	1
4	324	347	0.730424	0.705718	0.00174379	1
4	325	476	2.73678	2.6742	0.00358915	1
4	326	260	1.99111	2.03908	0.00433311	1
4	327	768	1.605	1.54415	0.00394293	1
4	328	1546	3.20412	3.33083	0.00357577	1
4	329	24341	9.05373	8.98326	0.0030803	1
4	330	4047	6.62403	6.59562	0.00273532	1
4	331	281	0.694647	0.734342	0.00139771	1
4	332	13300	5.42922	5.65478	0.00216037	1
4	333	18555	0.0543377	0.0537108	0.00048945	1
4	334	637	0.499794	0.522487	0.00104695	1
4	335	99	0.0149272	0.0152068	6.18495e-05	1
4	336	7540	5.09914	5.17391	0.00319136	1
4	337	1421	1.15775	1.14733	0.00216595	1
4	338	476	1.3883	1.35557	0.00171885	1
4	339	975	5.64438	5.53726	0.00281392	1
4	340	357	0.620593	0.690582	0.00457136	1
4	341	4502	3.38147	3.43225	0.00407161	1
4	342	1272	0.308648	0.319677	0.00139478	1
4	343	253	1.18555	1.21381	0.00129869	1
4	344	2242	7.82056	7.63609	0.00528927	1
4	345	1183	4.95827	4.89571	0.00974629	1
4	346	282	0.166817	0.150658	0.00226162	1
4	347	260	1.03695	1.05969	0.00283566	1
4	348	298	9.10334	9.25404	0.00445503	1
4	349	5560	2.91171	2.79712	0.00882268	0
4	350	5720	2.1986	2.28838	0.00576282	1
4	351	3394	9.47905	9.54781	0.00793766	1
4	352	29	0.230926	0.251615	0.00174702	1
4	353	48	0.0283401	0.0313893	0.000397027	1
4	354	14461	8.2428	8.24014	0.00328106	1
4	355	1029	6.70909	6.60911	0.00447387	0
4	356	288	5.58631	5.50558	0.00497348	1
4	357	527	1.71912	1.76013	0.0056504	0
4	358	384	0.196877	0.190495	0.000604092	1
4	359	436	1.53733	1.47573	0.00608094	1
4	360	12779	6.65488	6.62754	0.00421344	1
4	361	990	4.33542	4.43324	0.00186266	1
4	362	650	0.941155	0.990886	0.00372897	1
4	363	4997	3.89803	3.95468	0.00288296	1
4	364	281	0.838408	0.802408	0.00193648	1
4	365	260	0.727922	0.761718	0.00231566	1
4	366	3181	1.04821	1.13486	0.00464748	1
4	367	2754	0.0101369	0.0108944	7.11883e-05	1
4	368	841	7.21094	7.02108	0.0017819	1
4	369	1673	0.322367	0.352123	0.00184069	1
4	370	378	3.17084	3.24106	0.00196902	1
4	371	1986	4.13104	4.15344	0.00236506	1
4	372	436	1.65289	1.6114	0.00243515	1
4	373	7932	6.05029	6.10844	0.00615967	1
4	374	582	5.39334	5.30984	0.00595294	1
4	375	3394	15.9447	15.7876	0.00438044	1
4	376	29	0.0805549	0.0942279	0.00133777	1
4	377	48	0.0151807	0.0173947	0.000255298	1
4	378	40220	4.74785	4.45795	0.00692155	1
4	379	3297	1.32518	1.29083	0.0055803	1
4	380	2107	2.38911	2.5105	0.00560856	0
4	381	1673	3.00048	2.98579	0.0016863	1
4	382	13300	2.18367	2.21602	0.00207682	1
4	383	18555	0.0362956	0.0357546	0.000307612	1
4	384	436	1.75114	1.74538	0.00244287	1
4	385	411	6.13266	6.21955	0.00415561	1
4	386	634	5.19256	5.16826	0.00857887	1
4	387	929	8.13479	7.93113	0.0100399	1
4	388	260	2.92291	2.98129	0.00803527	1
4	389	6813	5.02775	5.07637	0.00429246	1
4	390	3297	4.49702	4.43512	0.00198812	1
4	391	979	3.15524	3.26361	0.00179374	1
4	392	9679	0.276974	0.259075	0.00170732	1
4	393	389	0.0988573	0.126319	0.00407329	1
4	394	2554	0.00120969	0.000849698	9.5778e-05	1
4	395	436	0.342144	0.407571	0.00651173	1
4	396	2221	4.90354	4.97725	0.00474405	1
4	397	253	1.64049	1.7005	0.00600442	1
4	398	21174	9.22136	9.169	0.00539326	1
4	399	4870	6.38105	6.24985	0.00854396	1
4	400	1673	1.5162	1.54552	0.00203507	1
4	401	1046	6.65455	6.54463	0.00226489	1
4	402	457	2.52275	2.38971	0.00899819	1
4	403	11314	13.0771	13.1285	0.00245397	1
4	404	11515	0.759479	0.773558	0.00306384	1
4	405	288	4.04833	3.9928	0.00182055	1
4	406	355	12.1947	12.0828	0.005607	1
4	407	563	1.49337	1.64305	0.0183631	1
4	408	9679	1.66681	1.72134	0.00469555	1
4	409	389	0.222494	0.206504	0.00121558	1
4	410	2554	0.00155597	0.00123611	5.8627e-05	1
4	411	429	4.21833	4.11062	0.006783	1
4	412	260	1.33896	1.46037	0.00506134	1
4	413	6813	8.99056	8.92672	0.00370158	1
4	414	5720	0.867831	0.835606	0.00198674	1
4	415	3297	1.51007	1.48752	0.00181949	1
4	416	564	1.96344	2.02239	0.00812416	0
4	417	805	1.49113	1.48361	0.00209344	1
4	418	582	1.50651	1.56481	0.00187869	1
4	419	281	4.08369	4.03445	0.00398922	1
4	420	260	0.629486	0.595816	0.00305358	1
4	421	550	5.08987	5.13561	0.0127565	1
4	422	4376	4.65415	4.96888	0.0116137	1
4	423	1673	0.69341	0.667899	0.00151474	1
4	424	1069	5.71674	5.58682	0.0012505	1
4	425	1278	4.50393	4.3682	0.00248652	1
4	426	1163	3.28837	3.41867	0.00127373	1
4	427	805	6.44409	6.29542	0.00222145	1
4	428	2268	1.88336	2.07575	0.00568032	1
4	429	3297	2.18611	2.16648	0.00135771	1
4	430	281	1.35588	1.33051	0.00254158	1
4	431	216	0.88642	0.779653	0.00554396	1
4	432	39	0.0494603	0.05032	8.51644e-05	1
4	433	36	1.61486	1.65212	0.00035136	1
4	434	37	2.17573	2.21378	0.00057042	1
4	435	1673	2.13677	2.09542	0.00151113	1
4	436	3717	1.1694	1.21101	0.00252753	1
4	437	533	1.9616	1.89162	0.00222013	1
4	438	216	0.838435	0.850321	0.00139314	1
4	439	39	0.0079374	0.0079881	2.27259e-05	1
4	440	36	0.443521	0.434204	0.000372847	1
4	441	38	1.40486	1.42613	0.000516612	1
4	442	3297	0.232303	0.227203	0.000505358	1
4	443	384	0.926227	1.00689	0.00700509	1
4	444	4935	3.70944	3.70417	0.00266305	1
4	445	288	0.393606	0.410901	0.00173884	1
4	446	260	0.911913	0.85877	0.00395407	1
4	447	3575	2.09553	1.99424	0.00503504	1
4	448	281	3.56207	3.60671	0.00706409	1
4	449	354	3.45328	3.57315	0.0056849	1
4	450	3110	0.134011	0.168126	0.00421693	1
4	451	288	0.0300008	0.0302458	0.000118595	1
4	452	39471	9.38656	9.40827	0.00667856	0
4	453	650	0.37185	0.36999	0.000797706	1
4	454	5326	6.82384	6.79089	0.00465847	1
4	455	4795	2.79235	2.78056	0.00162267	1
4	456	1673	1.61805	1.61457	0.00185412	1
4	457	909	1.0931	1.06243	0.00214511	1
4	458	2637	3.60689	3.56952	0.00317118	1
4	459	260	0.890282	0.928718	0.00261197	1
4	460	3181	1.29627	1.15578	0.00765882	1
4	461	2754	0.0145331	0.0155053	0.000134397	1
4	462	841	1.01454	1.07646	0.00222928	1
4	463	253	8.42357	8.4074	0.000819683	1
4	464	1796	0.30165	0.30561	0.000953827	1
4	465	655	0.0147888	0.0165249	0.000129438	1
4	466	981	5.44842	5.40994	0.00149412	1
4	467	260	1.18513	1.20015	0.00127306	1
4	468	1695	3.74031	3.87766	0.00206647	1
4	469	713	0.567547	0.551418	0.00082466	1
4	470	3297	0.658969	0.692342	0.00260851	1
4	471	564	2.07373	1.98576	0.00215715	1
4	472	511	6.62275	6.60066	0.00174794	1
4	473	260	2.08281	1.96207	0.00604794	1
4	474	9266	1.86812	1.80457	0.00424495	1
4	475	592	1.17537	1.12596	0.001964	1
4	476	6344	5.45024	5.58436	0.00475698	1
4	477	411	2.94649	2.83301	0.00429063	1
4	478	260	1.28065	1.27825	0.00706011	1
4	479	9552	10.4767	10.4886	0.00866723	1
4	480	11814	0.144118	0.151655	0.00139642	1
4	481	365	5.58688	5.66241	0.0018391	1
4	482	10647	8.89044	8.72821	0.0107741	1
4	483	281	3.08644	3.10414	0.00436277	1
4	484	1686	3.17572	3.13572	0.004945	1
4	485	288	0.0765958	0.0682665	0.000742152	1
4	486	1746	2.23922	2.23473	0.00358619	1
4	487	260	2.21609	2.10073	0.00531781	1
4	488	12262	5.83684	5.75518	0.00391827	1
4	489	282	0.0260973	0.0258809	9.28151e-05	1
4	490	1636	8.91811	8.84491	0.00321534	1
4	491	29046	0.900723	0.886957	0.00296493	1
4	492	2481	0.867983	1.0442	0.0138947	1
4	493	1673	0.364252	0.395558	0.0045975	1
4	494	909	1.39715	1.38509	0.00433759	1
4	495	2093	5.59615	5.53968	0.00275333	1
4	496	1163	2.50132	2.53994	0.0074185	1
4	497	11120	2.2239	2.26159	0.00364805	1
4	498	260	1.66912	1.80998	0.00306557	1
4	499	20307	3.86885	3.87161	0.00451166	0
4	500	3297	1.50704	1.56792	0.00253721	1
4	501	2489	5.17759	5.10858	0.00075202	1
4	502	17152	8.66436	8.73977	0.00300866	1
4	503	274	0.0829799	0.0700256	0.00112617	1
4	504	260	0.831083	0.88766	0.00469449	1
4	505	15870	1.38789	1.35658	0.00360977	1
4	506	3319	5.48564	5.29558	0.00336147	1
4	507	281	3.23299	3.17505	0.000873722	1
4	508	216	2.30324	2.26027	0.00238988	1
4	509	39	0.0113249	0.0104196	7.35294e-05	1
4	510	37	1.5309	1.54168	7.12972e-05	1
5	256	3297	1.8915	1.97423	0.00248689	1
5	257	260	1.60092	1.66317	0.00327958	1
5	258	13243	2.87064	2.86307	0.00361762	1
5	259	17288	5.47941	5.49168	0.00131196	1
5	260	915	3.92187	3.83233	0.00153965	1
5	261	216	0.245668	0.231369	0.00080692	1
5	262	33	1.38011	1.40307	0.000836829	1
5	263	38	2.59567	2.60331	0.00108583	1
5	264	3394	1.7248	1.74582	0.00110919	1
5	265	30	0.271097	0.264847	0.00168172	1
5	266	48	0.187982	0.169048	0.00185643	1
5	267	216	0.371514	0.29441	0.00877841	1
5	268	41	2.39656	2.36503	0.00073079	1
5	269	2215	0.309302	0.298587	0.00108515	1
5	270	3297	2.53586	2.62311	0.00284353	1
5	271	260	3.61556	3.6677	0.00257796	1
5	272	17867	5.42249	5.49338	0.00700632	0
5	273	1953	3.03769	3.11194	0.00374907	1
5	274	719	0.699269	0.765868	0.00526083	1
5	275	17601	4.71895	4.67039	0.00555651	0
5	276	355	2.72655	2.72569	0.00165076	1
5	277	5375	2.36485	2.28917	0.00339843	1
5	278	1673	0.735918	0.703262	0.00152617	1
5	279	3897	5.246	5.28433	0.00334841	1
5	280	451	1.16615	1.13475	0.00364165	1
5	281	655	0.828963	0.888141	0.00225597	1
5	282	3297	0.855035	0.874112	0.00380568	1
5	283	13300	2.77318	2.80704	0.00522032	1
5	284	18555	0.0107659	0.0112592	8.5279e-05	1
5	285	2842	6.59667	6.5526	0.00526285	1
5	286	253	1.06097	1.03379	0.00205236	1
5	287	5932	6.53271	6.43804	0.00369952	1
5	288	38900	8.4349	8.44785	0.00619715	1
5	289	403	0.0101649	0.0161546	0.00134295	1
5	290	1029	4.75716	4.91276	0.00321709	1
5	291	35743	16.2186	16.3322	0.00251375	1
5	292	1007	0.00135926	0.00111169	2.68199e-05	1
5	293	411	0.158639	0.149784	0.00120817	1
5	294	9542	7.53775	7.53015	0.00277926	1
5	295	3297	2.21454	2.28521	0.00107591	1
5	296	2188	11.8603	11.8684	0.00257566	1
5	297	1031	5.13296	5.16903	0.00986701	1
5	298	884	0.00120035	0.00208872	0.000253256	1
5	299	284	0.432209	0.404094	0.00130388	1
5	300	11269	8.18761	8.13163	0.00438444	0
5	301	510	4.586	4.73152	0.00500363	1
5	302	695	2.6696	2.47646	0.00474227	1
5	303	5238	0.0391457	0.0512573	0.00154934	1
5	304	1673	0.456008	0.430532	0.00198723	1
5	305	669	4.9324	4.90192	0.00576635	0
5	306	1657	3.50013	3.46435	0.00388553	1
5	307	282	0.891997	0.973608	0.00397367	1
5	308	18397	8.18185	8.09072	0.00481908	1
5	309	38462	0.00784405	0.00944914	0.000199648	1
5	310	436	1.58617	1.60029	0.00245898	1
5	311	260	3.43696	3.52448	0.00364909	1
5	312	1625	9.93888	10.0686	0.00505317	1
5	313	282	0.105166	0.119753	0.00276995	1
5	314	13300	1.91585	1.88985	0.00254558	1
5	315	18555	0.0174502	0.0175841	0.000125208	1
5	316	347	4.23392	4.18785	0.00151389	1
5	317	253	0.458871	0.489685	0.00286381	1
5	318	5720	3.14971	3.28042	0.0116066	1
5	319	1577	3.42643	3.46864	0.00572946	1
5	320	3742	10.9124	10.9107	0.00396445	1
5	321	21376	14.7522	14.4436	0.00324789	1
5	322	678	5.41609	5.42325	0.00482818	1
5	323	279	3.54171	3.61895	0.00976553	1
5	324	553	5.56373	5.59341	0.00727563	1
5	325	2855	3.21305	3.19036	0.0060615	1
5	326	338	2.37621	2.42879	0.00233105	0
5	327	3297	3.97504	4.03916	0.0048334	1
5	328	476	2.42167	2.43176	0.0023635	1
5	329	1812	6.38068	6.33024	0.00391125	1
5	330	384	2.01972	1.82824	0.0064438	1
5	331	3680	3.39045	3.29327	0.00358248	1
5	332	1130	5.20598	5.22946	0.00134891	1
5	333	1272	0.0499044	0.0449029	0.000430849	1
5	334	1841	6.15544	6.08267	0.00238864	1
5	335	260	1.57749	1.66212	0.0050647	1
5	336	2397	6.17055	6.17033	0.00335027	1
5	337	282	0.189346	0.1713	0.00169289	1
5	338	650	1.35687	1.34657	0.00487468	1
5	339	1564	2.67301	2.68889	0.00361926	1
5	340	3297	2.6267	2.68515	0.00186751	1
5	341	10645	5.02829	5.10005	0.00384452	1
5	342	3297	0.932251	0.931108	0.000473144	1
5	343	284	1.57206	1.64381	0.0125697	1
5	344	19221	3.72157	3.70275	0.00465871	1
5	345	816	3.71933	3.74903	0.0035944	1
5	346	732	7.79094	7.69549	0.00464072	1
5	347	384	0.476349	0.441569	0.00271678	1
5	348	3984	2.01391	2.20138	0.00426471	1
5	349	3297	1.97919	2.04563	0.00393365	1
5	350	284	2.32193	2.54379	0.00702397	0
5	351	732	0.760559	0.804465	0.00655462	1
5	352	384	0.0639711	0.060545	0.000358519	1
5	353	14762	5.33528	5.21989	0.00326527	1
5	354	327	2.32719	2.4101	0.00183776	1
5	355	355	4.25119	4.30207	0.00616099	1
5	356	18295	0.503523	0.46783	0.00278273	1
5	357	429	4.4874	4.59642	0.0107639	1
5	358	260	1.11581	1.22445	0.00572882	1
5	359	2894	10.9772	11.1818	0.00535072	1
5	360	282	0.0778967	0.0828815	0.000414681	1
5	361	1461	7.89853	7.79865	0.0056027	1
5	362	10863	5.44729	5.54368	0.00445405	1
5	363	1841	2.67774	2.689	0.00816567	1
5	364	623	3.7614	3.89347	0.00339918	1
5	365	2163	3.38531	3.4461	0.00559869	1
5	366	260	0.863892	0.877631	0.00421415	1
5	367	12340	7.80246	7.78679	0.00365779	1
5	368	5535	1.68405	1.86923	0.00824511	1
5	369	282	0.175571	0.180971	0.000505789	1
5	370	650	0.245667	0.246159	0.000767051	1
5	371	7900	0.798249	0.793033	0.00200375	1
5	372	476	1.35799	1.22682	0.0105697	1
5	373	1673	1.23496	1.27685	0.00677036	1
5	374	3742	6.59935	6.58681	0.00592537	1
5	375	645	3.46157	3.48943	0.00393651	1
5	376	384	1.24056	1.13565	0.00568187	1
5	377	3485	7.12746	7.21121	0.00172707	1
5	378	282	1.12722	1.14956	0.00193517	1
5	379	260	0.691832	0.780648	0.00551533	1
5	380	2112	3.03248	3.00222	0.00529646	1
5	381	282	0.0376159	0.0391144	0.000180671	1
5	382	650	0.579745	0.511531	0.00437029	1
5	383	20556	4.1668	4.17477	0.00273037	0
5	384	811	3.68553	3.79355	0.0011957	1
5	385	3297	0.293521	0.276287	0.000973646	1
5	386	384	1.45634	1.39234	0.00603917	1
5	387	4642	5.93345	5.97809	0.0026404	1
5	388	288	0.748067	0.775413	0.0041369	1
5	389	260	1.45668	1.48953	0.00222443	1
5	390	6118	4.3865	4.42703	0.00553805	0
5	391	282	0.213498	0.239159	0.00257314	1
5	392	1449	1.99539	2.12286	0.0067896	1
5	393	281	2.62137	2.55191	0.00250131	0
5	394	650	1.68754	1.725	0.00320514	1
5	395	7900	1.68271	1.77363	0.00737522	1
5	396	2489	6.174	6.24675	0.00238728	1
5	397	282	1.02711	0.97837	0.00199065	1
5	398	21170	3.0142	2.81867	0.0058491	1
5	399	1980	3.34826	3.166	0.00244295	1
5	400	650	1.18989	1.15528	0.002303	1
5	401	1038	0.210664	0.217259	0.00110878	1
5	402	33666	4.71206	4.67901	0.0100053	0
5	403	1579	0.00573974	0.00659588	0.000130418	1
5	404	266	0.00911084	0.00999938	0.000301186	1
5	405	1673	0.369657	0.389933	0.00176455	1
5	406	13300	4.88135	4.90468	0.00434273	1
5	407	18555	0.00959346	0.00898179	8.83165e-05	1
5	408	4150	4.16022	4.111	0.00335263	1
5	409	1577	3.7367	3.79176	0.00264164	1
5	410	3717	2.0279	2.09949	0.00180677	1
5	411	6874	13.6834	13.4076	0.0105441	1
5	412	4755	0.572822	0.666109	0.00906323	1
5	413	335	1.60945	1.61707	0.00279051	1
5	414	732	4.77473	4.72196	0.00633627	1
5	415	339	4.16463	4.31353	0.00305908	1
5	416	457	1.60962	1.65737	0.00253436	1
5	417	4161	5.98819	6.09722	0.00307789	1
5	418	738	0.547438	0.508533	0.00563297	1
5	419	3297	1.05226	1.15508	0.00561619	1
5	420	585	6.11295	6.21886	0.00260318	1
5	421	908	5.50735	5.4963	0.00237288	1
5	422	339	2.68633	2.88217	0.00900693	1
5	423	699	4.11639	3.90231	0.0096475	1
5	424	715	5.73099	5.60468	0.00366317	1
5	425	6118	4.21383	4.20059	0.0111797	1
5	426	3297	0.962299	1.00723	0.00404379	1
5	427	260	3.57386	3.62156	0.0032079	1
5	428	1273	6.42302	6.43457	0.00499219	1
5	429	555	1.75858	1.8602	0.0119696	1
5	430	1251	3.97327	3.96591	0.00477695	1
5	431	13722	5.62331	5.41611	0.00651086	0
5	432	325	1.89197	1.85868	0.00406686	1
5	433	31305	9.25379	9.13902	0.006863	1
5	434	1007	0.0239371	0.0303376	0.000764611	1
5	435	411	0.717615	0.747974	0.00177659	1
5	436	260	1.33703	1.35453	0.00247172	1
5	437	11113	8.82672	9.0306	0.00560778	1
5	438	1673	4.12433	4.1948	0.00144403	1
5	439	3717	1.60029	1.62184	0.00268279	1
5	440	533	3.5141	3.37393	0.00322806	1
5	441	216	1.28866	1.17018	0.00427198	1
5	442	39	0.0247128	0.0237387	9.18576e-05	1
5	443	37	0.210799	0.212646	0.00021411	1
5	444	38	0.934807	0.960713	0.00485442	1
5	445	3297	0.337185	0.369863	0.00177145	1
5	446	12702	5.71054	5.59379	0.0022356	1
5	447	2273	2.6111	2.59601	0.00383736	1
5	448	9819	0.560244	0.566022	0.000796945	1
5	449	106	0.0186325	0.0204248	0.000469128	1
5	450	516	0.0431064	0.033097	0.00155998	1
5	451	436	2.5774	2.45917	0.00529585	1
5	452	5657	1.67819	1.63145	0.00282178	1
5	453	288	0.051961	0.0480415	0.000282451	1
5	454	16360	3.71814	3.68663	0.00428301	1
5	455	260	2.17582	2.2139	0.00344979	1
5	456	3575	0.285512	0.24786	0.00318842	1
5	457	284	2.61635	2.53571	0.00196416	1
5	458	14534	5.03615	5.17485	0.00250614	1
5	459	6109	0.0198841	0.0198933	2.83917e-05	1
5	460	1673	2.22081	2.19745	0.0023716	1
5	461	13300	2.56473	2.59215	0.0019205	1
5	462	18555	0.00320846	0.00299152	5.45952e-05	1
5	463	3297	2.92037	2.85224	0.00325171	1
5	464	617	1.39365	1.34767	0.00256961	1
5	465	761	0.586427	0.639572	0.0023392	1
5	466	719	1.15374	1.12084	0.00294264	1
5	467	2025	6.49041	6.44023	0.00371143	1
5	468	429	2.00367	1.99945	0.00222399	1
5	469	260	1.35468	1.41792	0.0017645	1
5	470	2240	4.59929	4.80222	0.0120462	1
5	471	3297	2.10411	2.15886	0.000988393	1
5	472	2637	3.268	3.27298	0.00440303	1
5	473	650	2.8292	2.85395	0.00234266	1
5	474	1564	3.14166	3.14446	0.00394558	1
5	475	288	1.29031	1.36338	0.00329933	1
5	476	253	2.46381	2.47543	0.00384338	1
5	477	1379	3.96325	3.86457	0.0041994	1
5	478	282	1.16887	1.20618	0.00194289	1
5	479	2950	1.3295	1.29491	0.00588407	1
5	480	284	2.04346	1.98855	0.00227709	1
5	481	11120	7.93514	7.98325	0.00532108	1
5	482	288	0.0456598	0.040409	0.000474504	1
5	483	5757	3.20572	3.01271	0.00783551	1
5	484	260	1.75674	1.90756	0.00479054	1
5	485	4772	3.54702	3.6874	0.00432607	1
5	486	282	3.44192	3.40202	0.00174078	1
5	487	260	1.40593	1.36884	0.0060127	0
5	488	725	1.9324	2.0108	0.0034953	1
5	489	15870	0.405654	0.397564	0.0007374	1
5	490	365	6.34684	6.69756	0.00533305	1
5	491	29741	8.79189	8.71748	0.00381327	1
5	492	516	0.145108	0.151615	0.000944003	1
5	493	2481	0.435795	0.498704	0.00485	1
5	494	3297	1.76243	1.86879	0.00256879	1
5	495	564	0.614252	0.638847	0.00163618	1
5	496	384	2.36748	2.41599	0.00322602	1
5	497	436	0.680656	0.623093	0.00405149	1
5	498	8025	3.36065	3.21717	0.00547429	1
5	499	411	1.07478	1.14725	0.00287917	1
5	500	260	0.757262	0.746097	0.00529958	1
5	501	23773	3.81603	3.75398	0.00518043	0
5	502	284	1.07771	1.00875	0.00248602	1
5	503	2473	2.87138	2.81655	0.00259034	1
5	504	288	0.283597	0.279921	0.000439322	1
5	505	27006	3.25662	3.15649	0.00923786	1
5	506	637	2.78854	2.99108	0.0104846	1
5	507	276	0.192573	0.142136	0.00813642	1
5	508	1673	1.66954	1.65018	0.00268296	1
5	509	533	2.93317	2.88891	0.00267421	1
5	510	260	1.65391	1.61226	0.00308373	1
6	256	451	3.51712	3.56304	0.00443584	1
6	257	553	9.58977	9.58857	0.00299715	1
6	258	11854	6.03335	5.81145	0.00364333	1
6	259	719	0.0424812	0.0470743	0.000470877	1
6	260	39363	5.64254	5.65928	0.00665429	0
6	261	288	0.110312	0.115049	0.000290051	1
6	262	21382	5.83613	5.65268	0.00602936	1
6	263	3297	1.65964	1.73933	0.00201206	1
6	264	564	1.57257	1.48969	0.00313673	1
6	265	12524	9.84129	9.74862	0.00343682	1
6	266	9515	9.67643	10.0149	0.00941459	1
6	267	338	1.3039	1.23483	0.00219158	1
6	268	16255	10.7025	10.8475	0.0016986	1
6	269	314	3.67607	3.7606	0.00270943	1
6	270	253	2.49886	2.40658	0.00954888	1
6	271	540	1.00923	1.01558	0.00141238	1
6	272	2003	1.8002	1.84851	0.00499986	1
6	273	2166	2.18699	2.12047	0.00187322	1
6	274	1673	0.451486	0.429892	0.000924313	1
6	275	909	1.95571	2.03019	0.00306417	1
6	276	1867	7.3152	7.48123	0.00320914	1
6	277	4957	4.18363	4.07578	0.00595351	1
6	278	1130	7.58778	7.68837	0.0012276	1
6	279	2976	3.66816	3.56953	0.00515655	1
6	280	3737	2.46889	2.36567	0.0025821	1
6	281	281	0.65661	0.636277	0.00448038	1
6	282	43653	8.23733	8.1507	0.00649402	1
6	283	39189	5.70212	5.49209	0.006693	1
6	284	365	3.81249	3.96362	0.00378816	1
6	285	1209	4.30039	4.54682	0.0104118	1
6	286	312	5.77115	5.88344	0.00694394	1
6	287	1506	2.42563	2.60063	0.00522042	1
6	288	88	0.575654	0.562888	0.00727834	1
6	289	9010	0.0265643	0.0225208	0.00124453	1
6	290	3297	2.09733	2.03435	0.00275864	1
6	291	452	2.65891	2.84605	0.0105444	1
6	292	487	0.0355996	0.0269857	0.00141632	1
6	293	101	0.0662616	0.0704157	0.00150471	1
6	294	10416	2.90817	2.90913	0.00462806	1
6	295	2481	0.502043	0.504302	0.000489366	1
6	296	3297	1.14236	1.14377	0.00218562	1
6	297	837	1.5058	1.39763	0.00389353	1
6	298	384	0.295179	0.282481	0.00128442	1
6	299	4150	4.48706	4.63544	0.00391941	1
6	300	540	5.05086	5.02572	0.00404416	1
6	301	670	2.183	2.1492	0.00517595	1
6	302	20992	4.88487	4.72438	0.00273539	1
6	303	11515	0.635594	0.664233	0.00201772	1
6	304	1673	0.749553	0.747294	0.000800128	1
6	305	3717	2.00836	1.98833	0.00404456	1
6	306	3717	6.55631	6.49298	0.00205029	1
6	307	446	10.3334	10.5568	0.00304187	1
6	308	446	3.11565	3.21444	0.00664598	1
6	309	446	0.566211	0.652054	0.00620247	1
6	310	39748	12.5635	12.7266	0.0032949	1
6	311	496	1.04541	0.808545	0.0282076	1
6	312	446	3.57983	3.64398	0.00445654	1
6	313	446	0.693066	0.619388	0.00647388	1
6	314	446	0.171781	0.161846	0.00103737	1
6	315	3717	3.71847	3.79784	0.00207002	1
6	316	3717	2.76722	2.81974	0.00461207	1
6	317	533	3.26925	3.14357	0.00555527	1
6	318	4645	3.74332	3.80643	0.0049882	1
6	319	216	0.428381	0.39424	0.00230728	1
6	320	39	0.0333833	0.0345966	5.81851e-05	1
6	321	37	0.594302	0.629107	0.000723559	1
6	322	41	0.25823	0.269607	0.000254383	1
6	323	3297	0.129706	0.1274	0.000478276	1
6	324	384	1.61536	1.69205	0.00321149	1
6	325	13099	6.67108	6.64328	0.00264624	1
6	326	14692	3.67619	3.66548	0.00254059	1
6	327	281	0.249421	0.242701	0.00116321	1
6	328	27663	7.00176	6.91779	0.00726415	1
6	329	6058	3.87152	3.87866	0.0125324	1
6	330	365	2.14709	2.22124	0.00260663	1
6	331	2148	2.99914	2.95304	0.00496232	1
6	332	452	3.94494	4.11682	0.00322254	1
6	333	487	0.0761371	0.0800929	0.000601321	1
6	334	101	0.0325685	0.0290576	0.000619375	1
6	335	2481	1.29317	1.4114	0.00305648	1
6	336	1673	2.64179	2.59589	0.00164665	1
6	337	909	1.81203	1.86942	0.00231508	1
6	338	27720	6.45097	6.35297	0.00458484	1
6	339	335	2.2334	2.18008	0.001624	1
6	340	4645	2.79845	2.80933	0.0028333	1
6	341	216	0.0272611	0.0237577	0.000292178	1
6	342	34	1.60486	1.57007	0.000481948	1
6	343	36	2.47604	2.42029	0.00159585	1
6	344	327	3.72789	3.8793	0.00209541	1
6	345	39748	4.27144	4.18573	0.00542284	1
6	346	496	0.00538734	0.00426145	0.000161425	1
6	347	365	2.51507	2.55468	0.000556655	1
6	348	334	6.23267	6.29666	0.00409868	1
6	349	485	0.0221712	0.01796	0.000606088	1
6	350	9819	0.053488	0.0598373	0.00167466	1
6	351	10416	0.626027	0.599989	0.00326486	1
6	352	2481	0.17839	0.18509	0.000294432	1
6	353	3297	1.03686	1.09133	0.00249425	1
6	354	837	0.920572	0.842072	0.00420754	1
6	355	384	0.162814	0.146399	0.00117773	1
6	356	436	1.80644	1.81016	0.00258312	1
6	357	17475	9.30082	9.27275	0.00526816	1
6	358	411	0.256688	0.267101	0.000842578	1
6	359	1679	5.94944	5.76411	0.00616608	1
6	360	3000	8.99942	9.18452	0.0076489	1
6	361	2877	0.0936828	0.0900965	0.000776344	1
6	362	284	5.98856	5.90052	0.00426913	0
6	363	6955	6.37208	6.33605	0.00497014	0
6	364	5720	2.7112	2.69753	0.00508271	1
6	365	2820	7.6873	7.75685	0.00246618	1
6	366	89	2.12766	2.15442	0.00658733	0
6	367	4721	5.69774	5.72677	0.00351085	1
6	368	1673	0.270293	0.259414	0.00113201	1
6	369	13300	5.64993	5.51096	0.00217957	1
6	370	11828	10.7846	11.0713	0.00227163	1
6	371	1552	8.92062	8.89004	0.0034656	1
6	372	3930	1.0359	1.0643	0.00175026	1
6	373	281	0.41101	0.458163	0.00284509	1
6	374	334	3.52241	3.69242	0.0090291	0
6	375	485	0.121767	0.116222	0.00125169	1
6	376	9819	0.0137513	0.0148354	0.000229874	1
6	377	327	4.00402	3.93693	0.00542173	1
6	378	768	4.59093	4.4626	0.00172005	1
6	379	282	0.0206915	0.0247234	0.000744607	1
6	380	260	0.538177	0.564875	0.00349545	1
6	381	1867	1.36657	1.4731	0.00444982	1
6	382	2531	3.50798	3.51702	0.00273288	1
6	383	929	0.102018	0.109129	0.00054389	1
6	384	1673	0.559974	0.594114	0.00152184	1
6	385	1428	5.69835	5.68344	0.00275637	1
6	386	260	1.54986	1.60567	0.00319647	1
6	387	15339	2.92323	2.81766	0.00348525	1
6	388	282	0.0796994	0.0742385	0.000320289	1
6	389	338	3.60854	3.47307	0.000534619	1
6	390	713	0.0666399	0.056224	0.00116277	1
6	391	384	1.54576	1.58476	0.00120497	1
6	392	436	1.21226	1.19653	0.000734625	1
6	393	281	2.87276	2.87605	0.0039721	1
6	394	3216	11.2689	11.0851	0.00248276	1
6	395	7241	3.25821	3.31166	0.00490951	1
6	396	3297	1.93881	2.00291	0.0020928	1
6	397	284	0.829436	0.825748	0.0010892	1
6	398	2362	7.25788	7.30329	0.00309251	1
6	399	11515	8.96305	9.19826	0.00460626	1
6	400	43906	6.43518	6.26025	0.00229716	1
6	401	724	5.37858	5.23011	0.00525438	1
6	402	288	1.04794	1.02236	0.00126873	1
6	403	1461	6.16695	6.0787	0.00396363	1
6	404	43838	10.2103	10.177	0.00343485	1
6	405	1673	1.16352	1.21991	0.00413263	1
6	406	909	1.34414	1.25059	0.00420073	1
6	407	436	1.69216	1.79382	0.00361589	1
6	408	27650	6.83312	6.98267	0.00490581	1
6	409	411	2.3215	2.20921	0.00397891	1
6	410	23635	9.99115	9.9386	0.00264665	1
6	411	25048	6.00874	5.96615	0.00529337	1
6	412	3297	0.596092	0.565983	0.00277592	1
6	413	253	1.21063	1.13988	0.00244886	1
6	414	3289	3.2102	3.42915	0.00513265	1
6	415	284	2.56807	2.58552	0.00206672	1
6	416	4302	3.82579	3.8007	0.00570948	1
6	417	18036	3.24066	3.31251	0.00469723	1
6	418	617	3.58977	3.77826	0.00598655	1
6	419	436	2.1832	2.09068	0.00430201	1
6	420	9951	4.17341	4.23114	0.0031427	1
6	421	13807	8.19329	8.25676	0.00327354	1
6	422	2210	7.80544	7.95743	0.00273794	1
6	423	418	4.41554	4.46693	0.00072935	1
6	424	39748	2.82249	2.82784	0.00249739	1
6	425	496	0.00123086	0.000886625	6.97001e-05	1
6	426	1673	0.692828	0.699501	0.00112552	1
6	427	6372	5.97315	5.92361	0.00591843	1
6	428	650	1.18069	1.22255	0.00649527	1
6	429	3216	3.01243	2.90122	0.00513594	1
6	430	1828	4.13423	4.10999	0.00327734	1
6	431	3297	0.464294	0.44631	0.00127661	1
6	432	451	5.04639	4.95923	0.00432665	1
6	433	436	1.91413	1.97095	0.00550333	1
6	434	582	4.73328	4.74291	0.00519493	1
6	435	282	0.0976527	0.0955058	0.000772483	1
6	436	260	0.227608	0.255198	0.00186574	1
6	437	1473	3.98254	4.01328	0.00374494	1
6	438	4477	0.000414893	0.000396644	9.32426e-06	1
6	439	284	3.62431	3.62713	0.00128478	1
6	440	768	0.204562	0.224395	0.00202895	1
6	441	11927	5.42611	5.53866	0.00423713	1
6	442	5324	3.20367	3.18676	0.000656857	1
6	443	282	0.684965	0.654838	0.00189857	1
6	444	650	0.0641511	0.0618144	0.000364034	1
6	445	1029	0.194186	0.171683	0.00177568	1
6	446	1673	0.379483	0.405547	0.00303654	1
6	447	3027	6.34094	6.25316	0.00264613	1
6	448	282	0.822795	0.856371	0.00184695	1
6	449	13300	5.10344	5.00071	0.00425399	1
6	450	637	0.680829	0.71982	0.00213564	1
6	451	99	0.00622515	0.00777937	0.000199816	1
6	452	11515	0.281469	0.284744	0.00061212	1
6	453	429	5.01307	4.89387	0.00404786	1
6	454	451	0.573381	0.521063	0.003688	1
6	455	1657	0.276221	0.274296	0.000474833	1
6	456	359	1.20564	1.16947	0.00279909	1
6	457	11927	10.0278	9.81535	0.00839352	1
6	458	24950	6.68681	6.88094	0.00302986	1
6	459	282	0.0281569	0.0316617	0.000288387	1
6	460	650	2.51591	2.66273	0.0123526	1
6	461	1029	3.32809	3.29479	0.00493206	1
6	462	418	3.51931	3.59925	0.00554018	1
6	463	476	8.87054	8.92728	0.00336091	1
6	464	338	8.25163	8.21069	0.00541271	0
6	465	2823	7.18224	6.77405	0.0037588	1
6	466	38899	2.32099	2.35706	0.00400066	1
6	467	476	1.3933	1.40486	0.00296156	1
6	468	1673	0.962582	0.952695	0.00449004	1
6	469	533	3.87282	3.9125	0.00280274	1
6	470	216	1.45073	1.54019	0.00564487	1
6	471	39	0.0206841	0.0198232	5.63154e-05	1
6	472	38	0.0377874	0.0381771	1.47168e-05	1
6	473	34	2.10032	2.08137	0.00150936	1
6	474	3297	0.257175	0.256908	0.000305887	1
6	475	384	0.549059	0.587414	0.00270387	1
6	476	2049	4.19956	4.17863	0.00205682	1
6	477	260	3.41836	3.34687	0.00255941	1
6	478	2240	2.93591	2.81154	0.0112399	1
6	479	288	2.23275	2.20857	0.00121198	1
6	480	8080	5.48381	5.3346	0.00276607	0
6	481	253	2.39911	2.29474	0.0045998	1
6	482	16983	4.57249	4.67103	0.00374237	1
6	483	3297	2.57404	2.59636	0.00162943	1
6	484	564	1.88947	1.82471	0.00217202	1
6	485	384	3.62535	3.57222	0.00169571	1
6	486	5598	1.56388	1.62838	0.00197627	1
6	487	281	2.17746	2.21313	0.0033488	1
6	488	4018	5.88513	5.77974	0.00742005	1
6	489	216	1.49007	1.58418	0.00262068	1
6	490	39	0.014765	0.0154882	5.61562e-05	1
6	491	38	0.0391578	0.0425542	0.00015641	1
6	492	36	2.57628	2.61723	0.00378642	1
6	493	645	4.37364	4.28893	0.00112654	1
6	494	384	1.59858	1.55886	0.00335305	1
6	495	436	0.80947	0.847111	0.00286529	1
6	496	9951	2.34218	2.36405	0.00369878	1
6	497	354	5.23355	5.27926	0.00598414	1
6	498	10535	2.74827	2.83555	0.00575995	1
6	499	288	0.383401	0.3676	0.001106	1
6	500	23635	6.40602	6.2797	0.00166812	1
6	501	3297	1.96129	2.01318	0.00850982	1
6	502	617	1.82203	1.82592	0.00191361	1
6	503	436	1.44272	1.43999	0.00206972	1
6	504	2773	7.37191	7.27022	0.00360669	1
6	505	281	0.0652485	0.0748927	0.000707749	1
6	506	10863	5.79521	5.74582	0.00182687	0
6	507	1523	0.822468	0.869877	0.00204916	1
6	508	260	0.652616	0.586824	0.00485473	1
6	509	21478	4.44538	4.44357	0.00450995	1
6	510	7057	2.85442	2.8918	0.00473759	1
7	256	6221	0.759461	0.742296	0.00160624	1
7	257	284	1.82887	1.68488	0.00375027	1
7	258	827	1.32347	1.34606	0.00209357	1
7	259	11393	0.626414	0.59376	0.00356184	1
7	260	3297	1.8459	1.9166	0.00301128	1
7	261	617	1.6008	1.50835	0.00647773	1
7	262	5502	4.32886	4.39075	0.00204341	1
7	263	281	0.403804	0.420925	0.0011326	1
7	264	260	1.68678	1.7037	0.00236323	1
7	265	1557	2.31674	2.41722	0.00273037	1
7	266	327	3.26195	3.36059	0.00250139	1
7	267	634	3.17989	3.20041	0.00312408	0
7	268	929	1.40907	1.30184	0.002949	1
7	269	418	6.12795	6.04758	0.00607222	1
7	270	2124	2.56476	2.25749	0.0114707	1
7	271	1673	0.697295	0.675643	0.00370509	1
7	272	2736	3.90288	3.82277	0.0105989	1
7	273	1596	3.09314	3.24761	0.00345511	1
7	274	1343	4.24297	4.31669	0.00305428	1
7	275	33806	5.75696	5.64816	0.0100206	1
7	276	314	1.24245	1.27968	0.00158267	0
7	277	253	2.32892	2.39308	0.00582643	1
7	278	29868	5.30565	5.2048	0.0035648	1
7	279	617	3.76575	3.79965	0.00151707	1
7	280	13682	10.8632	10.9866	0.00435718	1
7	281	253	2.70601	2.87858	0.0114456	1
7	282	14553	4.11645	4.21396	0.00447182	1
7	283	23987	4.56389	4.51471	0.0123924	1
7	284	327	2.4397	2.48408	0.00243853	1
7	285	260	2.05944	2.10103	0.00176399	1
7	286	5720	4.42807	4.25368	0.00376478	1
7	287	429	5.03862	4.9662	0.00216059	1
7	288	38047	8.34942	8.10742	0.00796444	1
7	289	1777	4.33559	4.55125	0.00885509	1
7	290	795	1.90628	1.85418	0.00789234	1
7	291	281	4.20826	4.10599	0.00499373	1
7	292	216	0.469356	0.373546	0.0109309	1
7	293	40	4.16784	4.23996	0.00018729	1
7	294	33	2.33706	2.39752	0.00089189	0
7	295	35	2.15395	2.15665	0.000516492	1
7	296	1673	1.12827	1.0526	0.00385749	1
7	297	3717	0.795166	0.885231	0.00408219	1
7	298	12524	11.1602	11.0247	0.00153359	1
7	299	10066	18.6282	19.2763	0.0186039	1
7	300	2190	0.866801	0.790477	0.00490656	1
7	301	650	1.87057	1.829	0.00244241	1
7	302	1029	1.81825	1.73687	0.00492652	1
7	303	411	3.70013	3.66958	0.00347573	1
7	304	28664	6.20546	6.41084	0.0037765	1
7	305	338	0.775859	0.742516	0.00242052	1
7	306	3297	3.8353	4.02891	0.00315821	1
7	307	476	2.99444	3.01688	0.0071696	1
7	308	909	3.60529	3.68048	0.00630686	0
7	309	6254	6.50298	6.46063	0.00417572	1
7	310	288	1.17431	1.13136	0.00310173	1
7	311	325	0.878065	0.847405	0.00214359	1
7	312	253	1.28772	1.29071	0.00309039	1
7	313	1586	10.4026	10.3789	0.00295512	1
7	314	409	0.283764	0.223919	0.00833097	1
7	315	4132	0.250006	0.247187	0.00164159	1
7	316	3297	2.25155	2.29142	0.000711147	1
7	317	354	4.75102	4.60475	0.00375156	1
7	318	48152	4.60296	4.48016	0.0115159	0
7	319	4083	1.78924	1.7502	0.0036393	1
7	320	3297	0.542267	0.584931	0.00371066	1
7	321	253	1.04013	1.07882	0.00115678	1
7	322	18354	4.22323	4.16095	0.00556036	1
7	323	5717	3.37145	3.29844	0.0114119	1
7	324	3297	0.798192	0.889878	0.00424388	0
7	325	253	0.691617	0.702547	0.000855075	1
7	326	17831	5.03446	5.01303	0.00462712	1
7	327	8360	2.98824	2.92423	0.0041863	1
7	328	3297	0.631023	0.74846	0.00750138	1
7	329	253	0.471878	0.478814	0.000968877	1
7	330	10001	2.42514	2.50909	0.00337427	1
7	331	3289	0.811086	0.791991	0.00199886	1
7	332	3297	0.569837	0.68655	0.00883208	1
7	333	253	0.493523	0.508564	0.00102989	1
7	334	6034	4.92213	5.0193	0.00258257	1
7	335	3440	0.000407699	0.000316753	1.35785e-05	1
7	336	5326	8.76501	8.94404	0.00384665	1
7	337	3297	0.694044	0.712111	0.00136199	1
7	338	284	1.53841	1.55219	0.000384372	1
7	339	253	0.418863	0.471871	0.00393307	1
7	340	32745	5.69243	5.76528	0.00271785	1
7	341	2138	6.21791	6.45518	0.00559023	1
7	342	1673	1.88399	1.96997	0.00824874	0
7	343	476	1.33655	1.4391	0.00374478	1
7	344	3717	0.818666	0.863868	0.00236604	1
7	345	15705	8.90455	8.82974	0.00240261	1
7	346	314	1.47697	1.44247	0.00181458	1
7	347	354	1.84061	1.85602	0.00285302	1
7	348	1183	2.57117	2.67314	0.00490216	1
7	349	282	0.0939417	0.0942739	0.000320107	1
7	350	582	3.48756	3.39846	0.00535845	1
7	351	282	0.167786	0.18093	0.00110214	1
7	352	13300	3.31563	3.20251	0.00192813	1
7	353	18555	0.0188299	0.0198704	0.000159011	1
7	354	637	0.766246	0.816398	0.00144217	1
7	355	99	0.0105808	0.0133293	0.000448025	1
7	356	1916	4.57613	4.47823	0.00213562	1
7	357	1806	2.1905	2.14925	0.00272644	1
7	358	3297	1.90216	1.93647	0.00281111	0
7	359	1626	9.98213	9.9327	0.00352114	1
7	360	3361	6.30042	6.34014	0.00459726	1
7	361	3155	7.34042	7.36551	0.00319131	1
7	362	1246	5.59646	5.2993	0.00516215	1
7	363	23519	3.56134	3.64523	0.00737627	1
7	364	34038	11.0774	10.9493	0.00115597	1
7	365	365	4.07398	4.02206	0.00213616	1
7	366	4097	5.74232	5.57704	0.00763312	1
7	367	1577	0.524018	0.624806	0.00816846	1
7	368	25792	3.66771	3.76236	0.00647129	1
7	369	129	3.99005	3.92305	0.00783153	1
7	370	226	5.65909	5.84049	0.0344675	1
7	371	21784	5.74627	5.79873	0.00457276	1
7	372	245	1.18097	1.1934	0.00763368	1
7	373	17086	4.3856	4.45372	0.00277772	1
7	374	121	3.4677	3.51654	0.00537783	1
7	375	179	2.74607	2.75451	0.00428159	1
7	376	243	2.60968	2.60056	0.00460899	1
7	377	239	0.98955	1.02963	0.00409713	1
7	378	176	5.87845	5.9423	0.00298435	1
7	379	113	3.01799	3.11532	0.00438926	1
7	380	121	0.0832451	0.0832307	0.00132827	1
7	381	2481	1.68324	1.76917	0.00360695	1
7	382	1673	2.1087	2.11089	0.00585829	1
7	383	5878	6.27741	6.24041	0.0017382	1
7	384	800	1.56853	1.51593	0.00469665	1
7	385	550	1.65864	1.76827	0.0128533	1
7	386	11515	2.00946	1.97033	0.00362342	1
7	387	281	2.63577	2.62972	0.00254956	1
7	388	260	1.58502	1.57824	0.00272305	1
7	389	22721	4.12847	4.17721	0.00362609	1
7	390	357	8.53333	8.64708	0.003434	1
7	391	11364	8.86205	8.83996	0.00149358	1
7	392	260	1.90558	1.91276	0.00363631	1
7	393	7374	3.40518	3.35647	0.00383487	1
7	394	282	0.0408301	0.035685	0.000466023	1
7	395	253	2.94078	3.08692	0.00605415	1
7	396	986	4.05233	3.99725	0.00412983	1
7	397	599	10.2292	10.133	0.00770031	0
7	398	274	1.06494	1.14073	0.00649775	1
7	399	826	4.28864	4.40762	0.00567558	0
7	400	2428	3.30268	3.2943	0.00314541	1
7	401	3297	1.28117	1.38949	0.00400527	1
7	402	527	3.24609	3.19865	0.00299119	1
7	403	436	1.87771	1.9589	0.00312382	1
7	404	1129	4.09442	4.21956	0.00509607	1
7	405	1568	7.01442	6.93509	0.00990241	1
7	406	288	0.0238413	0.0286766	0.000579101	1
7	407	6229	12.008	11.8836	0.00450585	1
7	408	1036	3.23935	3.12977	0.00342179	1
7	409	4540	8.76451	8.71293	0.00475376	1
7	410	10877	7.90021	7.97091	0.00336561	1
7	411	288	1.08009	1.05973	0.00262378	1
7	412	260	2.84314	2.97547	0.00234841	1
7	413	14641	2.35888	2.27534	0.00908959	1
7	414	1577	4.23277	4.23607	0.00262736	0
7	415	3717	1.5139	1.55191	0.00428357	1
7	416	3717	1.86332	1.86304	0.00305249	1
7	417	446	2.99899	2.93163	0.00520621	1
7	418	446	0.323403	0.297511	0.00211653	1
7	419	7891	10.0929	9.84112	0.0131161	1
7	420	446	4.66649	4.65334	0.00382916	1
7	421	446	1.02753	0.99373	0.00173098	1
7	422	3717	1.30837	1.31102	0.000554026	1
7	423	3717	0.606007	0.623231	0.00309731	1
7	424	37376	10.761	10.7345	0.00372923	1
7	425	282	1.09342	1.19917	0.00698985	1
7	426	13300	0.722779	0.725268	0.00168096	1
7	427	18555	0.0077922	0.00777943	6.73677e-05	1
7	428	637	2.54936	2.61232	0.00463696	1
7	429	99	0.024404	0.027812	0.000358033	1
7	430	1806	2.40024	2.41163	0.00274654	1
7	431	553	3.73114	3.81097	0.00834568	1
7	432	4782	6.24751	6.00877	0.00288878	1
7	433	335	0.52997	0.546559	0.00113803	1
7	434	650	1.50588	1.47371	0.00210755	1
7	435	1837	6.30264	6.34848	0.00300925	1
7	436	2588	3.85055	3.80105	0.00548438	1
7	437	282	0.00981888	0.0104141	4.41369e-05	1
7	438	1463	5.82138	6.06202	0.0131973	1
7	439	3297	1.61512	1.73325	0.00282472	1
7	440	650	1.27492	1.39035	0.00777797	1
7	441	5842	6.917	6.96917	0.003549	1
7	442	6239	9.00491	8.72844	0.00527654	1
7	443	3297	2.3814	2.60316	0.00662575	1
7	444	284	1.04598	0.94362	0.00400041	1
7	445	650	0.370205	0.380477	0.000835465	1
7	446	5289	7.45059	7.53503	0.00494783	1
7	447	19386	2.81936	2.78605	0.00334447	1
7	448	1673	1.14109	1.21354	0.00240312	0
7	449	3717	1.54735	1.63201	0.00306181	1
7	450	3717	0.93546	1.03258	0.0044613	1
7	451	446	1.6861	1.73821	0.00301081	1
7	452	446	0.126476	0.130012	0.000629353	1
7	453	446	3.78628	3.72386	0.00773762	0
7	454	3760	7.17229	7.37197	0.00273809	1
7	455	446	0.449915	0.477948	0.00230587	1
7	456	446	0.0558648	0.0480771	0.00105091	1
7	457	446	3.75171	3.41078	0.00888786	1
7	458	3717	0.566536	0.680636	0.0104455	1
7	459	3717	0.15102	0.180472	0.00291443	1
7	460	4311	5.41498	5.42083	0.00326241	1
7	461	260	1.24797	1.18397	0.0033943	1
7	462	15227	4.12034	4.22724	0.00438015	0
7	463	16552	2.18175	2.09712	0.00612423	1
7	464	3297	0.321595	0.320229	0.000896409	1
7	465	12815	8.25665	8.2258	0.00360297	1
7	466	457	0.291293	0.318442	0.00711774	1
7	467	1217	4.777	4.69751	0.00314632	1
7	468	13300	0.859496	0.854684	0.00240533	1
7	469	18555	0.00656788	0.00607784	5.08001e-05	1
7	470	260	2.15	2.27143	0.00200514	1
7	471	476	1.55534	1.5639	0.0037829	1
7	472	5720	5.71968	5.77426	0.00988107	1
7	473	12873	11.5983	11.5867	0.0012895	1
7	474	476	0.468283	0.505882	0.00201171	1
7	475	365	3.54585	3.60376	0.0020366	1
7	476	25792	3.36409	3.42976	0.00722747	1
7	477	119	6.90863	6.85173	0.00747908	1
7	478	119	1.52421	1.57129	0.00381359	1
7	479	12034	3.45047	3.38708	0.00288003	1
7	480	127	0.0366778	0.0469863	0.00198931	1
7	481	443	8.39947	8.66258	0.00358094	1
7	482	14193	5.03815	5.10775	0.0079876	1
7	483	443	4.65301	4.71513	0.00313788	1
7	484	146	1.27909	1.24314	0.00393878	1
7	485	234	1.35467	1.27819	0.00550895	1
7	486	2481	1.10026	1.20231	0.00488701	1
7	487	1673	2.03875	2.00336	0.00409781	1
7	488	378	2.88488	2.83624	0.00326516	1
7	489	768	3.38597	3.43234	0.00286047	1
7	490	3319	9.78713	9.72698	0.00243224	1
7	491	2844	5.85637	5.83536	0.00470497	1
7	492	282	4.80955	4.94446	0.00767317	1
7	493	650	0.382892	0.38869	0.00147947	1
7	494	11515	2.72793	2.75505	0.000985963	1
7	495	359	1.46011	1.5097	0.00147679	1
7	496	967	1.63095	1.62132	0.00308298	1
7	497	37347	8.03295	7.76065	0.00395432	1
7	498	335	0.0653405	0.0636678	0.000217754	1
7	499	3385	6.02207	5.83844	0.00498609	1
7	500	12330	3.83947	3.6737	0.00648173	1
7	501	355	4.12693	4.2604	0.0011413	1
7	502	260	2.28947	2.44958	0.00725281	0
7	503	17574	6.21403	6.2975	0.00618098	1
7	504	284	2.5176	2.4759	0.00146515	1
7	505	13381	0.407543	0.423792	0.0013735	1
7	506	282	0.0142021	0.0145378	0.00013208	1
7	507	260	1.50977	1.58568	0.00369673	1
7	508	1693	4.77021	4.91553	0.00379836	1
7	509	3297	1.74954	1.67857	0.0052367	1
7	510	355	3.71657	3.79589	0.00427928	0
8	256	7722	8.84961	8.94393	0.00483532	1
8	257	8666	3.13392	3.17461	0.00426421	1
8	258	288	0.1587	0.165031	0.00074415	1
8	259	650	2.75172	2.71361	0.0038955	1
8	260	1038	1.7858	1.81283	0.00452097	1
8	261	7590	6.33985	6.37097	0.00358007	1
8	262	416	5.7709	5.82255	0.00245638	1
8	263	1928	5.80392	5.89346	0.000995044	1
8	264	260	1.44526	1.51259	0.00229985	1
8	265	11753	0.0812707	0.0789974	0.000572127	1
8	266	282	0.541459	0.506025	0.00112688	1
8	267	354	3.27576	3.35398	0.00227714	1
8	268	511	5.8468	5.96881	0.00488002	1
8	269	3394	14.5591	14.3569	0.000730364	1
8	270	29	0.281471	0.266342	0.00177357	1
8	271	48	0.0333827	0.0281935	0.00049081	1
8	272	10785	9.91819	9.88749	0.00846555	1
8	273	1100	9.68718	9.56608	0.00916754	1
8	274	2259	1.27276	1.33648	0.00278969	1
8	275	918	1.23209	1.29532	0.000873893	1
8	276	3297	0.529712	0.618107	0.00601478	1
8	277	7271	12.207	12.2628	0.0031159	1
8	278	5908	2.99234	3.01461	0.00116427	1
8	279	12253	3.10748	3.02986	0.00668778	1
8	280	338	0.278479	0.2645	0.000423306	1
8	281	650	1.57112	1.61671	0.00339561	1
8	282	476	4.17097	4.16871	0.00235644	1
8	283	4248	8.49333	8.40286	0.00578851	1
8	284	8047	10.0453	10.1755	0.00189954	1
8	285	281	4.46253	4.37582	0.00966946	1
8	286	1027	5.93978	5.95691	0.0104687	0
8	287	2978	5.73415	5.75605	0.00647229	1
8	288	3930	7.2548	7.12074	0.00370764	1
8	289	3297	2.40563	2.42421	0.00298422	1
8	290	8962	9.65589	9.69208	0.00223672	1
8	291	3100	7.34491	7.38419	0.00130547	1
8	292	32287	5.91307	5.7261	0.00866079	1
8	293	284	3.57122	3.58659	0.00348973	1
8	294	2743	5.87274	5.82878	0.00308029	1
8	295	347	3.04384	3.13347	0.00373421	1
8	296	354	1.679	1.73903	0.00222003	1
8	297	990	4.29741	4.33279	0.00416057	1
8	298	32853	0.0246193	0.0233529	0.000151573	1
8	299	476	0.985461	1.07084	0.00422563	1
8	300	1673	0.227093	0.225677	0.00169093	1
8	301	909	3.33682	3.33452	0.0020269	1
8	302	3472	5.64013	5.64813	0.00439062	1
8	303	476	4.30457	4.37664	0.00304865	1
8	304	34605	7.18619	7.18561	0.00309917	1
8	305	37573	9.1397	9.00705	0.00604012	1
8	306	476	7.36462	7.38292	0.0015498	1
8	307	288	0.0681342	0.0702438	0.000235718	1
8	308	260	0.801162	0.845418	0.00135743	1
8	309	9376	9.99373	9.90059	0.00414341	1
8	310	4177	3.02405	3.09433	0.0032475	1
8	311	411	3.81637	3.96329	0.00234984	1
8	312	10348	5.2759	5.22212	0.00389106	1
8	313	357	3.34723	3.404	0.00338053	1
8	314	288	0.356128	0.371899	0.00260525	1
8	315	476	3.0877	3.02508	0.013609	1
8	316	650	4.35913	4.31166	0.00555945	1
8	317	1038	0.920091	1.05822	0.0088582	1
8	318	5359	11.6582	11.6941	0.00372366	1
8	319	379	6.68407	6.88488	0.00392525	1
8	320	433	0.594532	0.605752	0.00367079	1
8	321	22755	8.24402	8.2823	0.00480907	1
8	322	383	1.74069	1.67359	0.00274668	1
8	323	476	0.808199	0.853119	0.00161765	1
8	324	1673	0.452902	0.436864	0.00192721	1
8	325	3717	0.458681	0.496924	0.00284329	1
8	326	13300	3.71739	3.74615	0.00488061	1
8	327	18555	0.01777	0.0158809	0.000321069	1
8	328	637	0.914532	0.893396	0.00113884	1
8	329	99	0.0257632	0.0354062	0.00161874	1
8	330	8047	6.47363	6.29668	0.0038838	1
8	331	3297	3.28414	3.3399	0.00261727	1
8	332	327	4.21281	4.28615	0.00351555	1
8	333	3930	7.19738	7.09807	0.00335289	1
8	334	284	0.729533	0.616466	0.0127479	1
8	335	327	1.18399	1.27097	0.00353029	1
8	336	1449	1.45513	1.51158	0.00442679	0
8	337	3297	0.51893	0.583146	0.00563935	1
8	338	436	2.49088	2.52195	0.00396124	1
8	339	599	5.71171	5.69023	0.00358652	1
8	340	282	0.198061	0.20783	0.00096608	1
8	341	650	1.64058	1.59349	0.00243369	1
8	342	2210	6.14918	6.04131	0.00366051	1
8	343	43409	10.4757	10.4957	0.0051627	1
8	344	282	0.401263	0.403899	0.00195008	1
8	345	260	0.971481	1.12205	0.0100261	1
8	346	8357	5.35536	5.32527	0.00394396	1
8	347	282	0.0894431	0.096654	0.00106131	1
8	348	7900	3.54762	3.72646	0.00381092	1
8	349	1577	2.68311	2.68434	0.00332341	1
8	350	384	1.88256	1.88194	0.00300422	1
8	351	12574	7.13321	7.02254	0.00361692	1
8	352	800	4.82236	4.71294	0.00527998	1
8	353	1806	5.10889	5.30696	0.00206316	1
8	354	288	0.202174	0.210794	0.000534568	1
8	355	4366	7.47445	7.44533	0.00288576	1
8	356	527	2.29386	2.32357	0.00396549	0
8	357	761	2.11612	2.10726	0.00347872	1
8	358	5094	0.829064	0.821799	0.00275567	1
8	359	719	0.341659	0.347826	0.000692851	1
8	360	2500	2.45759	2.4156	0.00291649	1
8	361	35726	4.94531	5.05771	0.0066473	1
8	362	327	0.329154	0.317414	0.00125119	1
8	363	21174	4.20741	4.21176	0.00226852	1
8	364	1849	3.1232	3.20021	0.00385695	1
8	365	1673	0.770018	0.759054	0.000672777	1
8	366	21997	12.4937	12.4142	0.00284148	1
8	367	530	3.43214	3.42266	0.00757218	1
8	368	519	2.06127	2.13386	0.0156489	1
8	369	4150	4.76599	4.66987	0.0070835	1
8	370	338	2.02466	2.03413	0.00429572	1
8	371	327	4.61172	4.69371	0.00508697	1
8	372	13300	1.64714	1.58625	0.00237239	1
8	373	18555	0.0179688	0.0195013	0.000120144	1
8	374	3297	0.469154	0.48643	0.00327125	1
8	375	476	1.96361	2.12457	0.00715542	1
8	376	3117	5.4137	5.35281	0.00864118	1
8	377	281	3.07747	2.98799	0.00385888	1
8	378	451	3.70615	3.79855	0.00631425	1
8	379	905	0.917661	0.890194	0.00318242	1
8	380	314	1.16124	1.24189	0.00325703	1
8	381	7900	5.80117	5.73966	0.00366286	1
8	382	476	1.2541	1.28227	0.00231256	1
8	383	3297	2.02509	2.09851	0.00168797	1
8	384	13300	9.08334	9.03333	0.00367326	1
8	385	4150	6.87107	7.20399	0.00365556	1
8	386	14582	5.48519	5.51302	0.00364625	1
8	387	335	0.738129	0.743227	0.000967665	1
8	388	5219	3.09536	3.09482	0.00645693	1
8	389	715	1.97164	1.9585	0.00399727	1
8	390	347	0.00605068	0.0072515	0.000134048	1
8	391	5747	6.75715	6.77611	0.00764871	1
8	392	1029	1.22179	1.14618	0.00620974	1
8	393	3297	0.527626	0.568332	0.00267678	1
8	394	35266	9.3089	9.15473	0.00377629	1
8	395	3297	0.271594	0.254978	0.000679759	1
8	396	9843	7.04793	6.82252	0.0154629	1
8	397	3297	0.453384	0.456343	0.00013756	1
8	398	2355	4.54878	4.44754	0.00367783	1
8	399	3297	0.317996	0.36175	0.00261949	1
8	400	284	2.17276	2.17886	0.002869	1
8	401	550	4.91828	4.82602	0.00430587	1
8	402	11515	6.34266	6.25715	0.00668872	0
8	403	1673	1.68524	1.68613	0.00367869	1
8	404	3717	0.742001	0.786743	0.0028746	1
8	405	3717	2.33092	2.44511	0.00332372	1
8	406	446	1.03178	1.17065	0.0073429	1
8	407	446	0.0502779	0.0478096	0.000241042	1
8	408	446	0.0686139	0.075705	0.000683876	1
8	409	17022	10.3162	10.3028	0.00455003	1
8	410	19386	5.26557	5.16793	0.00851901	0
8	411	446	0.0743749	0.0784012	0.000459301	1
8	412	446	0.0148706	0.0170391	0.000182516	1
8	413	446	0.0855914	0.0657981	0.00375513	1
8	414	3717	0.184825	0.202727	0.00148378	1
8	415	3717	0.151595	0.157021	0.000569807	1
8	416	13300	1.57636	1.61844	0.0024279	1
8	417	18555	0.00949081	0.00832315	0.000202702	1
8	418	637	0.836144	0.784681	0.00287549	1
8	419	99	0.0071147	0.00760354	3.62105e-05	1
8	420	746	5.00974	4.92182	0.00387783	1
8	421	314	1.82656	1.7331	0.00460719	1
8	422	7703	4.52105	4.45787	0.00338163	1
8	423	2120	7.70268	7.72324	0.00116481	1
8	424	511	0.118545	0.0917843	0.00435648	1
8	425	327	0.143841	0.143566	0.000621008	1
8	426	624	0.686191	0.568098	0.00861567	1
8	427	1845	6.80258	6.64353	0.00419339	1
8	428	1673	3.61329	3.76659	0.00363463	1
8	429	4097	6.9451	6.79296	0.00260856	1
8	430	12815	1.55834	1.75892	0.00888123	0
8	431	11854	7.07566	7.08208	0.00306241	1
8	432	804	5.05264	5.29581	0.00301293	1
8	433	260	1.37569	1.5214	0.00551905	1
8	434	2115	0.748184	0.826689	0.00476465	1
8	435	30866	4.50586	4.48069	0.00349446	1
8	436	245	3.13619	3.12333	0.00480384	1
8	437	224	5.79276	5.95251	0.0110703	1
8	438	41479	7.26029	7.17924	0.00314158	1
8	439	35094	8.50723	8.48696	0.00518593	1
8	440	365	2.15403	2.2111	0.00464752	1
8	441	544	3.69134	3.84943	0.00801808	1
8	442	6160	4.58466	4.71009	0.0131851	1
8	443	84	4.08103	4.0164	0.00366644	1
8	444	16739	1.53307	1.48795	0.00313441	1
8	445	322	9.78579	9.58171	0.00121771	1
8	446	2756	2.06137	1.95747	0.00404062	1
8	447	863	3.4498	3.62654	0.0026758	1
8	448	29	7.8057	7.71736	0.00245269	1
8	449	476	5.97035	6.09564	0.00543045	1
8	450	2994	8.41864	8.48379	0.00625865	1
8	451	34396	7.9402	8.11559	0.00472513	0
8	452	476	1.10276	1.16757	0.00404873	1
8	453	2481	0.157481	0.164819	0.000423015	1
8	454	3297	2.51851	2.34167	0.00300223	1
8	455	253	2.00769	1.91269	0.00322821	1
8	456	4594	4.02295	4.00172	0.00116709	1
8	457	288	0.0931713	0.0881721	0.000588586	1
8	458	8386	11.1274	11.1317	0.00770318	1
8	459	37184	0.184381	0.248192	0.0101497	1
8	460	637	0.720309	0.744435	0.00354292	1
8	461	5410	8.08625	8.16473	0.00738364	1
8	462	282	0.0239214	0.026264	0.000178314	1
8	463	43726	3.04288	3.12604	0.00396526	1
8	464	1673	2.96061	2.97128	0.00104655	1
8	465	38047	8.35309	8.33853	0.00314223	0
8	466	1777	4.27015	4.35638	0.00410179	1
8	467	795	1.47477	1.50497	0.00361634	1
8	468	436	3.41291	3.57374	0.0131375	1
8	469	260	1.50727	1.64778	0.00513985	0
8	470	808	0.377557	0.368664	0.000949267	1
8	471	288	0.891978	0.919802	0.00340592	1
8	472	4109	5.53836	5.47218	0.00226986	1
8	473	260	1.57232	1.75097	0.00506559	1
8	474	26511	5.01685	5.09448	0.00459643	1
8	475	282	0.127458	0.129817	0.000150713	1
8	476	13300	0.982024	1.04336	0.0032389	1
8	477	18555	0.0493259	0.0532323	0.000210677	1
8	478	637	0.226075	0.211058	0.000788855	1
8	479	99	0.0542969	0.072588	0.00291033	1
8	480	9016	5.42582	5.52073	0.00422614	1
8	481	3297	2.1235	2.09155	0.0013285	1
8	482	2385	2.65103	2.74631	0.00487492	1
8	483	281	0.938669	0.965102	0.00150334	1
8	484	216	0.957077	0.921371	0.00132169	1
8	485	40	5.99025	5.62985	0.00115084	1
8	486	33	2.52073	2.48667	0.000276269	1
8	487	35	2.44634	2.41776	0.000791386	1
8	488	338	1.93578	1.97414	0.00254169	1
8	489	650	2.17943	2.16716	0.001458	1
8	490	28930	9.58743	9.42072	0.00143547	1
8	491	3297	2.10347	2.10838	0.00138827	1
8	492	476	5.07005	5.05107	0.00334698	1
8	493	12787	10.2493	10.1382	0.00804349	1
8	494	281	4.43723	4.29475	0.00976846	1
8	495	650	1.36718	1.48718	0.00619844	1
8	496	746	2.88172	2.93996	0.00492415	1
8	497	8260	13.4372	13.5488	0.00424487	1
8	498	527	2.72145	2.68928	0.00505199	1
8	499	2672	9.05439	9.30184	0.00379985	1
8	500	1800	4.48134	4.37688	0.00234565	1
8	501	761	2.36152	2.39535	0.00279855	1
8	502	9744	6.41577	6.33007	0.00558251	1
8	503	805	3.87182	3.89131	0.00201454	1
8	504	1900	8.73634	8.76203	0.00300508	1
8	505	318	0.0183361	0.0147452	0.000534844	1
8	506	476	1.11655	1.09182	0.0039582	1
8	507	1673	0.103628	0.101936	0.000513816	1
8	508	909	3.37425	3.37195	0.00233096	1
8	509	26125	10.3799	10.3618	0.00411083	1
8	510	511	2.65254	2.59067	0.00266826	1
9	256	3297	2.96549	2.96375	0.00378098	1
9	257	1129	7.15681	7.0873	0.00313903	1
9	258	27960	8.27868	8.33258	0.0110183	1
9	259	4537	9.24902	9.13928	0.00310425	1
9	260	476	1.69952	1.72512	0.00138622	1
9	261	8544	1.54796	1.57033	0.00742423	1
9	262	979	3.39152	3.21111	0.00446555	1
9	263	260	1.28813	1.32755	0.0032376	1
9	264	11515	2.44956	2.44363	0.00241228	1
9	265	429	0.787972	0.774889	0.000419953	1
9	266	260	1.30627	1.41743	0.00458069	1
9	267	3008	3.07299	3.09224	0.00287798	1
9	268	17012	9.43103	9.53826	0.0105647	1
9	269	463	4.9311	4.89781	0.00718	1
9	270	18727	0.167409	0.19114	0.00232618	1
9	271	1657	0.109333	0.109244	0.000399051	1
9	272	457	3.17525	3.19009	0.00360192	1
9	273	253	0.783136	0.839885	0.00442054	1
9	274	476	1.61574	1.76245	0.00411236	1
9	275	6759	13.0845	13.0169	0.00405245	1
9	276	284	2.96364	2.97956	0.00182038	1
9	277	1149	5.0341	4.93196	0.00521323	1
9	278	282	1.88843	1.70033	0.00626115	1
9	279	4494	5.65394	5.55844	0.00410004	1
9	280	476	0.519515	0.608425	0.00657131	1
9	281	1673	1.5872	1.60602	0.00626627	1
9	282	3717	1.84691	1.82027	0.00307285	1
9	283	3483	5.13099	5.06482	0.0041726	1
9	284	384	2.45972	2.44482	0.0041551	1
9	285	4150	3.36759	3.56131	0.00581877	1
9	286	281	2.35137	2.35933	0.00481306	1
9	287	511	5.00131	4.89371	0.00272954	1
9	288	21174	6.24889	6.20444	0.00565907	1
9	289	2717	1.87113	1.93819	0.00547082	1
9	290	3297	0.667454	0.66662	0.00167266	1
9	291	13300	4.34047	4.37912	0.004117	1
9	292	18555	0.0252278	0.0293078	0.00038915	1
9	293	314	2.38735	2.40975	0.00195705	1
9	294	1450	1.56505	1.56092	0.00249042	1
9	295	1343	0.103816	0.114954	0.000943905	1
9	296	327	0.125407	0.127379	0.000346463	1
9	297	650	0.532881	0.57545	0.0075903	1
9	298	303	7.33342	7.41603	0.00455205	1
9	299	146	9.33382	9.28488	0.00975843	0
9	300	246	2.58282	2.59451	0.0124765	1
9	301	1595	4.46505	4.45534	0.00501663	1
9	302	89	1.03901	0.960515	0.00367749	1
9	303	3297	0.836324	0.824698	0.00247533	1
9	304	253	2.65523	2.75587	0.00784387	0
9	305	1502	4.25718	4.29306	0.00483897	1
9	306	282	0.0226211	0.024791	0.000278261	1
9	307	8216	4.05075	4.077	0.00305728	1
9	308	351	3.60861	3.61499	0.00578471	1
9	309	6844	5.98162	5.79052	0.0087022	1
9	310	10195	5.38395	5.51402	0.00365694	1
9	311	335	1.93127	1.67479	0.01177	1
9	312	910	2.46285	2.5453	0.00882897	1
9	313	284	0.840417	0.866161	0.00324355	1
9	314	2627	1.43019	1.42339	0.00307966	1
9	315	3297	1.26958	1.27013	0.00179765	1
9	316	327	5.48514	5.50656	0.00474773	1
9	317	1183	3.3154	3.26917	0.00522305	1
9	318	1577	1.97906	2.03784	0.00211595	1
9	319	3717	2.8517	2.8413	0.00426678	1
9	320	6810	9.00548	8.95414	0.00495297	1
9	321	827	4.91919	4.83627	0.00178845	1
9	322	31233	3.24764	3.23011	0.00268456	1
9	323	282	0.0482702	0.0548456	0.000618368	1
9	324	13300	4.61327	4.5221	0.00111966	0
9	325	18555	0.0519474	0.0550685	0.000342329	1
9	326	637	0.750128	0.800684	0.00185123	1
9	327	99	0.0100304	0.0121833	0.000267576	1
9	328	216	4.47036	4.40216	0.0017807	1
9	329	33	1.02218	1.04115	0.000812282	1
9	330	37	2.8181	2.8576	0.00379356	0
9	331	32	1.11866	1.09174	0.00410044	1
9	332	32	2.14373	1.98656	0.00449948	1
9	333	28306	5.56426	5.60675	0.00579925	1
9	334	1806	1.78057	1.75784	0.00222576	1
9	335	359	0.671411	0.633724	0.00201279	1
9	336	281	1.55542	1.60409	0.00242414	1
9	337	451	3.29346	3.34344	0.00251615	1
9	338	910	0.954258	0.998178	0.00215803	1
9	339	3297	1.10587	1.12679	0.00207542	1
9	340	284	1.86242	1.85222	0.00364181	1
9	341	384	2.53812	2.59207	0.00707712	1
9	342	314	1.83218	1.76808	0.00384775	1
9	343	3178	4.38741	4.44186	0.00321842	1
9	344	2500	1.51413	1.4437	0.0046725	1
9	345	288	0.568822	0.533308	0.00179061	1
9	346	325	0.803573	0.718457	0.00337423	0
9	347	624	5.41461	5.32557	0.00678067	1
9	348	2899	4.20866	4.30451	0.00660647	1
9	349	38999	1.08573	1.08377	0.00371694	1
9	350	1673	0.623013	0.640315	0.00265211	1
9	351	2736	2.77433	2.7056	0.00322559	1
9	352	1450	5.53767	5.52932	0.00464254	1
9	353	303	5.49049	5.68898	0.00180584	1
9	354	146	0.0334153	0.0301375	0.000415929	1
9	355	246	0.0180007	0.0193501	0.000124925	1
9	356	1595	0.00890269	0.00939643	6.37403e-05	1
9	357	89	0.125072	0.127473	0.000100926	1
9	358	722	6.96359	7.19833	0.00381851	1
9	359	260	1.80376	1.87188	0.00408074	1
9	360	7623	8.45602	8.49387	0.00381567	1
9	361	3151	7.44375	7.59368	0.00517354	1
9	362	2309	7.55981	7.26084	0.00985521	1
9	363	411	0.936483	0.932896	0.00133438	1
9	364	260	0.967198	1.06654	0.00636158	1
9	365	910	3.75274	3.73283	0.00619526	1
9	366	288	0.95286	1.05044	0.00886318	1
9	367	803	5.45515	5.42094	0.00511361	1
9	368	22857	7.8867	7.72773	0.0105859	0
9	369	2627	5.39051	5.58058	0.00518595	1
9	370	2161	6.35892	6.41579	0.000895837	1
9	371	670	0.0211563	0.0212729	9.14865e-05	1
9	372	347	6.03099	6.29811	0.006618	1
9	373	5070	4.27512	4.2807	0.00827917	1
9	374	5289	5.4831	5.52968	0.0100966	1
9	375	9416	8.88003	8.90481	0.00705248	1
9	376	1673	0.942257	0.936336	0.00187396	1
9	377	7271	9.85541	9.73507	0.00244705	1
9	378	5908	1.75327	1.74702	0.00326445	1
9	379	6623	2.28835	2.32404	0.00706407	1
9	380	338	1.49711	1.49984	0.005115	1
9	381	3297	3.28021	3.35272	0.00200432	1
9	382	476	0.452298	0.529611	0.00782203	1
9	383	357	3.75736	3.71041	0.00308292	1
9	384	314	0.430763	0.387171	0.00320578	1
9	385	5485	9.41604	9.295	0.00374099	1
9	386	338	1.05215	1.05513	0.000602532	1
9	387	17566	9.58256	9.6105	0.00208661	1
9	388	18555	3.77148	3.62783	0.0056683	1
9	389	314	3.49961	3.49856	0.00245764	1
9	390	1730	1.59858	1.56511	0.00222667	1
9	391	288	0.0610868	0.0624991	0.000112207	1
9	392	722	3.9325	4.17536	0.00795674	1
9	393	588	3.36094	3.38696	0.00374143	1
9	394	29331	12.9127	12.8818	0.00250695	1
9	395	47223	8.54046	8.62181	0.00523831	1
9	396	253	1.31401	1.2823	0.00171991	1
9	397	910	0.38046	0.395428	0.00198175	1
9	398	281	2.54469	2.59648	0.0054139	1
9	399	588	2.18382	2.24819	0.00378891	1
9	400	1782	8.69199	8.77616	0.00187059	1
9	401	253	0.169285	0.17799	0.000505901	1
9	402	5710	1.54571	1.53711	0.00330239	1
9	403	476	0.925796	0.984028	0.00330196	1
9	404	1673	0.358888	0.345521	0.000822398	1
9	405	3717	1.11703	1.21295	0.00633352	1
9	406	3717	6.1725	6.28179	0.00206333	1
9	407	446	9.11711	9.17931	0.00578906	1
9	408	446	2.25038	2.30931	0.00547659	1
9	409	27024	15.1332	14.8671	0.00118001	1
9	410	446	5.66038	5.62997	0.00512366	1
9	411	446	1.15708	1.06043	0.00735266	0
9	412	3717	1.49881	1.62737	0.0054775	1
9	413	3717	2.28279	2.41754	0.00429042	1
9	414	3959	5.65396	5.73877	0.00353603	1
9	415	288	0.00885172	0.00882959	4.93144e-05	1
9	416	260	2.47968	2.7236	0.0106401	0
9	417	31148	5.38704	5.17157	0.00472796	1
9	418	46213	2.5633	2.8095	0.00299033	1
9	419	28962	1.32182	1.57654	0.0150419	1
9	420	3297	0.40754	0.423398	0.000939738	1
9	421	13300	2.26155	2.37071	0.00500044	1
9	422	18555	0.00963927	0.00949049	4.32065e-05	1
9	423	637	1.51536	1.61699	0.00589082	1
9	424	99	0.00537842	0.00808115	0.000565741	1
9	425	11657	4.90632	4.93357	0.00332316	1
9	426	359	1.58214	1.61296	0.00293512	1
9	427	2500	4.09065	4.02923	0.00336159	1
9	428	411	2.67796	2.73967	0.0068031	1
9	429	800	1.03459	1.02147	0.00163814	1
9	430	6546	4.69448	4.52996	0.0047784	1
9	431	12815	0.41108	0.385221	0.0024737	1
9	432	288	0.467906	0.430299	0.00192765	1
9	433	325	0.179141	0.155886	0.00203962	1
9	434	1486	2.23251	2.14902	0.00257477	1
9	435	260	0.112569	0.12996	0.00138742	1
9	436	6250	1.56407	1.62396	0.00256619	1
9	437	282	1.16082	1.18941	0.00453406	1
9	438	511	1.13681	1.07134	0.00211521	0
9	439	655	4.19439	4.36946	0.00228421	1
9	440	3297	2.36774	2.42676	0.00738636	1
9	441	284	1.16286	1.17809	0.00187688	1
9	442	357	3.55907	3.62755	0.00480304	1
9	443	2496	9.08855	9.21415	0.000348221	1
9	444	476	3.98034	3.99985	0.00216906	1
9	445	650	2.65596	2.67489	0.00436597	1
9	446	10395	10.1136	10.1326	0.00270359	1
9	447	3297	4.9341	4.85783	0.00233242	1
9	448	17902	9.19154	9.12271	0.00635418	0
9	449	1789	4.17285	4.21453	0.00255013	1
9	450	2022	4.43983	4.443	0.00279293	1
9	451	722	6.39369	6.37838	0.00117969	1
9	452	282	0.0481137	0.052121	0.000550807	1
9	453	511	2.90245	2.84073	0.00243975	1
9	454	260	0.820445	0.826881	0.00317096	1
9	455	1349	8.76539	8.72389	0.00326957	1
9	456	320	0.851962	1.04199	0.0135545	1
9	457	791	0.181967	0.203804	0.00257044	1
9	458	690	8.55884	8.54128	0.00663884	1
9	459	38917	0.36288	0.307598	0.00579208	1
9	460	282	0.553132	0.515779	0.00265709	1
9	461	253	3.75079	3.8436	0.00436751	1
9	462	8715	6.55786	6.45854	0.00648859	1
9	463	284	3.01511	2.99438	0.00281494	0
9	464	282	4.63012	4.73951	0.00464919	1
9	465	511	3.63816	3.75089	0.00291807	1
9	466	260	0.38046	0.411942	0.00390044	1
9	467	464	7.66921	7.75809	0.00349067	1
9	468	258	0.427311	0.473825	0.00604958	1
9	469	780	0.805255	0.676079	0.0106445	0
9	470	31424	8.6969	8.65148	0.0121437	0
9	471	282	0.27411	0.275348	0.00114927	1
9	472	260	1.85462	1.91241	0.00454512	1
9	473	1212	4.48072	4.45147	0.0114035	0
9	474	2229	1.04092	1.02523	0.00552843	1
9	475	3297	2.75879	2.71897	0.00174182	1
9	476	7936	8.73628	8.6222	0.00657841	1
9	477	338	1.94658	2.23561	0.0307535	1
9	478	787	5.39529	5.46959	0.00400814	1
9	479	8483	7.19316	7.01269	0.0050844	1
9	480	416	1.61392	1.6518	0.00142836	1
9	481	2042	3.48343	3.4756	0.00389092	0
9	482	7363	7.23327	7.33424	0.00244258	1
9	483	1673	1.80272	1.84378	0.00478549	1
9	484	476	1.1513	1.30382	0.00906198	1
9	485	3717	1.32221	1.35909	0.00381958	1
9	486	533	3.0617	3.02582	0.0027324	1
9	487	650	2.455	2.60459	0.00631129	1
9	488	9569	4.52389	4.48253	0.0099425	1
9	489	284	4.96882	4.88162	0.003926	1
9	490	4654	6.26772	6.31886	0.00470885	1
9	491	1695	2.7713	2.6384	0.0011107	1
9	492	650	2.18817	2.07519	0.00632429	1
9	493	2112	0.44454	0.425681	0.00221962	1
9	494	3297	0.519192	0.549751	0.00272954	1
9	495	13300	0.749022	0.714683	0.00313436	1
9	496	18555	0.00657842	0.00809797	0.000175033	1
9	497	436	1.38979	1.33252	0.00242633	1
9	498	441	4.5154	4.36317	0.0030994	1
9	499	6899	8.39561	8.44579	0.00403954	1
9	500	16003	2.8038	2.78815	0.0030275	1
9	501	1673	3.43906	3.4212	0.00302523	1
9	502	533	3.23159	3.13585	0.00260816	1
9	503	599	5.4736	5.34288	0.0108987	1
9	504	451	2.3194	2.28	0.0079375	1
9	505	416	3.77146	3.64683	0.00177435	1
9	506	325	0.0255101	0.0274691	0.000116713	1
9	507	10866	0.349195	0.358914	0.00138503	1
9	508	288	0.0517371	0.0494748	0.000172614	1
9	509	650	1.30574	1.27522	0.00149444	1
9	510	30690	7.802	7.74258	0.00310827	1
10	256	389	1.00415	0.959071	0.0033993	1
10	257	2554	0.169038	0.192998	0.00204154	1
10	258	284	1.34993	1.28951	0.00100692	1
10	259	13300	1.86111	1.94999	0.00398197	1
10	260	18555	0.0220731	0.020653	0.000207518	1
10	261	2422	4.46942	4.52338	0.00245439	1
10	262	288	1.45964	1.42703	0.00683155	0
10	263	325	0.453535	0.482808	0.00211736	1
10	264	9388	1.98576	2.07808	0.00305632	0
10	265	347	0.135309	0.134569	0.000331082	1
10	266	7834	7.34483	7.32557	0.00364527	1
10	267	7827	7.45179	7.43912	0.00429741	1
10	268	260	1.02415	1.07494	0.00408159	1
10	269	11979	6.95995	7.07204	0.00390675	1
10	270	3297	5.25524	5.33815	0.00253234	1
10	271	422	6.99774	7.11001	0.00376769	1
10	272	7006	0.00195546	0.00234187	5.26402e-05	1
10	273	363	0.0480858	0.0488245	0.00027841	1
10	274	284	0.500371	0.498553	0.00021453	1
10	275	46712	0.453877	0.462294	0.00233317	1
10	276	20886	9.25728	9.33334	0.00848694	1
10	277	282	0.0972146	0.109961	0.00109472	1
10	278	4097	0.181918	0.183172	0.000826667	1
10	279	2517	1.15488	1.05259	0.00665646	1
10	280	1673	0.417494	0.380437	0.00279713	1
10	281	1814	3.86109	3.85534	0.00318145	1
10	282	260	0.752711	0.797759	0.00133174	1
10	283	1142	0.415155	0.380547	0.00230344	1
10	284	655	0.0107889	0.0115534	5.85817e-05	1
10	285	3297	0.31626	0.316442	0.00129219	1
10	286	260	1.66696	1.80929	0.00698621	1
10	287	1421	4.94183	4.99033	0.00380148	0
10	288	282	0.0357941	0.0369746	0.000206456	1
10	289	30022	6.33448	6.38401	0.00211754	1
10	290	3394	11.7097	11.5668	0.00149493	1
10	291	29	0.187467	0.185477	0.00176112	1
10	292	48	0.385229	0.271812	0.0248106	1
10	293	46310	2.99902	3.01462	0.00713152	1
10	294	23612	9.62399	9.69828	0.00164735	1
10	295	338	0.433064	0.398205	0.00297569	1
10	296	13300	2.0635	2.23258	0.00413386	1
10	297	18555	0.00664938	0.00617436	5.37555e-05	1
10	298	3297	4.77803	4.58634	0.00200627	1
10	299	347	2.04511	2.09016	0.00262021	1
10	300	624	5.39344	5.47849	0.00555121	0
10	301	21174	8.19161	8.12152	0.00577973	1
10	302	12203	4.9633	4.92919	0.00422749	1
10	303	280	0.00232472	0.00178228	0.000141138	1
10	304	3297	0.394733	0.350088	0.00345717	1
10	305	10559	8.28492	8.25313	0.00189847	1
10	306	260	2.02811	2.14248	0.00241051	1
10	307	15133	6.44221	6.41622	0.00306411	1
10	308	2548	0.254891	0.256909	0.000648329	1
10	309	1673	2.72254	2.88795	0.00364751	1
10	310	2746	7.10291	7.03049	0.00368875	1
10	311	23607	0.995806	0.965147	0.00392498	1
10	312	24715	9.07845	9.167	0.00198117	1
10	313	6803	5.4897	5.67906	0.00346101	1
10	314	451	3.27065	3.20322	0.00215604	0
10	315	10115	8.37563	8.34237	0.00264624	1
10	316	645	3.46403	3.25652	0.00240621	1
10	317	384	0.370434	0.380243	0.00138481	1
10	318	4150	1.56775	1.6351	0.001736	1
10	319	338	1.05021	1.05265	0.00176403	1
10	320	13300	1.93747	2.02238	0.00293723	1
10	321	18555	0.0186918	0.0172833	0.000372186	1
10	322	436	1.28235	1.24462	0.00278942	1
10	323	476	1.33173	1.3512	0.00579337	1
10	324	46865	10.2542	10.1495	0.00299906	1
10	325	5211	0.569878	0.55046	0.00348026	1
10	326	4563	6.56756	6.56413	0.00155278	1
10	327	975	2.19254	2.41252	0.00589494	1
10	328	4563	6.60337	6.49507	0.000715483	1
10	329	738	6.99166	6.99332	0.00308665	1
10	330	511	4.88259	4.8575	0.00261717	1
10	331	650	1.48944	1.39288	0.00317027	1
10	332	15501	9.79515	9.90492	0.00417918	1
10	333	774	0.214688	0.19617	0.00166477	1
10	334	6108	0.00166222	0.00164622	1.75627e-05	1
10	335	3297	2.41068	2.49004	0.00282327	1
10	336	384	0.744612	0.729814	0.00287264	1
10	337	2093	3.66981	3.62907	0.00397764	1
10	338	327	6.21666	6.3726	0.00503012	1
10	339	260	3.95837	3.94462	0.00273317	1
10	340	1898	5.64411	5.45662	0.00470386	1
10	341	282	0.0591187	0.0574919	0.000373708	1
10	342	253	0.794175	0.757165	0.00241493	1
10	343	6960	9.73388	9.86315	0.00194278	1
10	344	28349	5.87656	5.93094	0.00574788	0
10	345	650	1.74651	1.79117	0.00255261	1
10	346	18530	9.31243	9.35131	0.00559858	1
10	347	476	5.96872	5.9761	0.00367122	1
10	348	1673	0.62403	0.61864	0.00168007	1
10	349	2736	5.55141	5.48542	0.00615107	1
10	350	3200	2.83827	2.96581	0.00583626	1
10	351	436	1.69824	1.6776	0.00285981	1
10	352	4573	7.82752	8.00948	0.00398937	1
10	353	411	0.299883	0.316989	0.00208536	1
10	354	650	1.11041	1.01847	0.0082289	1
10	355	2470	3.73098	3.69297	0.00237865	1
10	356	288	0.0664514	0.0643303	0.000269754	1
10	357	27300	6.07998	6.12269	0.00350045	1
10	358	6096	7.21515	7.32634	0.00304823	1
10	359	43795	4.5052	4.47523	0.00246662	1
10	360	1577	3.06691	3.10047	0.00302432	0
10	361	2356	6.24838	6.17429	0.00265088	1
10	362	36165	8.98786	9.01627	0.00527934	1
10	363	592	3.81754	3.96477	0.00236902	1
10	364	12779	5.03478	5.12772	0.00459705	1
10	365	411	1.59061	1.67364	0.000939514	1
10	366	650	0.460359	0.508349	0.00261281	1
10	367	14624	7.56321	7.40117	0.00375442	1
10	368	288	0.446902	0.484653	0.00422802	1
10	369	260	0.578391	0.576431	0.00201763	1
10	370	3251	6.15417	6.22499	0.00451456	1
10	371	1686	0.810958	0.882672	0.00523891	1
10	372	3297	1.23996	1.33703	0.00652581	1
10	373	979	1.65514	1.71684	0.00460479	1
10	374	2356	3.47328	3.56724	0.0033274	1
10	375	18604	1.34113	1.39025	0.00407511	1
10	376	17273	6.67058	6.6204	0.00283789	1
10	377	650	0.498984	0.505787	0.00192445	1
10	378	1982	6.68032	6.85424	0.00542921	1
10	379	327	1.00026	1.22101	0.0125133	1
10	380	260	0.958393	0.947104	0.00268738	1
10	381	3183	3.37085	3.42968	0.00395208	1
10	382	1673	1.42876	1.55338	0.00757049	1
10	383	22743	8.86925	8.87555	0.00608547	1
10	384	36165	6.84393	6.89427	0.00286502	1
10	385	856	5.46938	5.40704	0.00711404	1
10	386	1492	6.15141	6.32132	0.00926905	1
10	387	288	0.451189	0.452084	0.002568	1
10	388	650	1.77036	1.7309	0.000747894	1
10	389	5289	9.89758	9.93854	0.00335217	1
10	390	16423	2.98432	2.79478	0.00902164	0
10	391	3297	2.81738	2.82033	0.00257981	1
10	392	979	3.64092	3.7159	0.00444911	1
10	393	6546	1.50805	1.76955	0.0165702	1
10	394	18604	0.249011	0.194704	0.00836348	1
10	395	592	1.95483	1.98204	0.00395846	1
10	396	6504	4.21633	4.19318	0.00447363	1
10	397	411	0.0410692	0.0430106	0.000128845	1
10	398	650	0.224719	0.224716	0.000259754	1
10	399	10441	7.73981	7.80057	0.00327444	1
10	400	1673	1.58355	1.64044	0.00316524	1
10	401	4311	6.1268	6.13267	0.00489076	1
10	402	260	1.47147	1.5529	0.00430398	1
10	403	9436	5.87174	5.87158	0.0124056	1
10	404	282	0.0134796	0.013295	5.94512e-05	1
10	405	260	0.454135	0.477731	0.00152676	1
10	406	4228	6.79123	6.75364	0.00377396	1
10	407	637	0.237725	0.251213	0.00162141	1
10	408	99	0.0789019	0.078444	0.000143632	1
10	409	5261	2.64618	2.50103	0.00940404	1
10	410	282	0.640049	0.631388	0.000235001	1
10	411	3275	0.00787302	0.00738043	6.03349e-05	1
10	412	3297	0.519686	0.441669	0.00639626	1
10	413	13300	3.02134	2.95211	0.00518885	1
10	414	18555	0.00321474	0.00309604	3.75639e-05	1
10	415	637	1.23386	1.20196	0.00083174	1
10	416	99	0.00664984	0.00733484	5.9786e-05	1
10	417	14624	11.2492	11.2662	0.00289308	1
10	418	288	0.694111	0.723546	0.000914254	1
10	419	260	0.471037	0.46696	0.00160117	1
10	420	1215	2.05059	2.19454	0.00566606	1
10	421	284	2.06116	2.04848	0.000639765	1
10	422	1982	8.34228	8.62007	0.0034627	1
10	423	327	0.188279	0.224968	0.00301486	1
10	424	260	0.488042	0.518218	0.00396556	1
10	425	3183	1.23359	1.11065	0.00656541	1
10	426	457	0.388098	0.405562	0.00190392	1
10	427	719	0.854498	0.823161	0.00488852	1
10	428	13487	4.84179	4.88563	0.00503468	1
10	429	347	0.525434	0.551787	0.0012602	1
10	430	25780	12.439	12.4159	0.00362786	1
10	431	18726	7.12916	7.21631	0.00796903	1
10	432	284	2.1884	2.03507	0.00268605	1
10	433	23116	4.96456	4.92332	0.00731827	0
10	434	3297	1.83564	1.87167	0.00276007	1
10	435	284	1.98411	1.95655	0.00214438	1
10	436	384	2.66004	2.56623	0.00271281	1
10	437	553	0.581906	0.549992	0.00264145	1
10	438	719	0.332011	0.357755	0.00187735	1
10	439	24145	4.68766	4.666	0.00337935	1
10	440	327	1.53102	1.55149	0.00148804	1
10	441	650	0.359302	0.39967	0.00345254	1
10	442	722	4.92343	5.257	0.00487898	1
10	443	282	0.0081529	0.00925705	0.000116601	1
10	444	2232	5.92539	5.9159	0.00762509	1
10	445	3297	5.60472	5.62026	0.0030465	1
10	446	476	6.99837	6.88226	0.00387511	1
10	447	701	8.53939	8.42914	0.00711197	0
10	448	637	0.438648	0.453783	0.00224208	1
10	449	99	0.027371	0.0255636	0.000219875	1
10	450	1789	2.70445	2.67079	0.0083241	1
10	451	476	0.543153	0.549783	0.00265254	1
10	452	1673	1.14172	1.13805	0.00210824	1
10	453	3717	0.979736	1.00459	0.00259053	1
10	454	13300	4.04303	4.2045	0.00374418	1
10	455	18555	0.0130065	0.0124571	0.000131623	1
10	456	637	0.723503	0.753666	0.00231035	1
10	457	99	0.00474719	0.00451999	2.60971e-05	1
10	458	9338	4.57373	4.48228	0.00279571	1
10	459	6679	2.48266	2.63803	0.00340377	0
10	460	288	4.39415	4.40538	0.00311281	1
10	461	715	1.98029	1.94497	0.00393102	0
10	462	354	0.420231	0.385528	0.00165068	1
10	463	5815	0.0150101	0.0160404	0.000131565	1
10	464	338	0.212835	0.221992	0.000337228	1
10	465	357	2.77356	2.90693	0.00444356	1
10	466	314	2.74829	2.74556	0.00223415	1
10	467	347	8.543	8.6089	0.00292291	1
10	468	1759	4.54628	4.64575	0.00627906	0
10	469	288	0.269085	0.253957	0.00301067	1
10	470	2621	6.66653	6.89643	0.00508864	1
10	471	650	1.76884	1.65721	0.0126094	1
10	472	3200	0.4654	0.509654	0.00403774	1
10	473	347	0.492172	0.568687	0.00516947	1
10	474	338	3.72053	3.64365	0.00750687	1
10	475	282	0.0494357	0.047806	0.000448327	1
10	476	12081	4.77124	4.82894	0.00416233	1
10	477	281	3.24225	3.26472	0.00333275	1
10	478	3996	1.23762	1.32642	0.00369253	1
10	479	1577	4.84162	4.90704	0.00153399	1
10	480	357	2.31057	2.34516	0.0030338	1
10	481	436	2.79848	2.78813	0.00293884	1
10	482	1759	4.01281	3.95525	0.00523574	1
10	483	327	3.22038	3.40959	0.00193471	1
10	484	750	3.71732	3.75585	0.00316602	1
10	485	4097	3.42798	3.40035	0.0126825	1
10	486	5720	1.45546	1.34671	0.00558436	1
10	487	441	4.09878	4.12411	0.00154948	1
10	488	288	0.168851	0.1728	0.000804831	1
10	489	325	1.58272	1.61728	0.00503167	1
10	490	7220	3.02558	3.07784	0.00639272	1
10	491	411	0.119462	0.129292	0.000581708	1
10	492	1272	0.748935	0.705685	0.00134942	1
10	493	1673	0.912547	0.88342	0.00299504	1
10	494	2445	5.41925	5.33929	0.00498721	1
10	495	665	3.38672	3.42673	0.00380362	1
10	496	436	2.5802	2.45142	0.00381944	0
10	497	2093	4.6871	4.76778	0.00217231	0
10	498	1372	5.1577	5.18125	0.00260565	1
10	499	13300	3.38164	3.76535	0.0144544	1
10	500	18555	0.0532463	0.0581282	0.000643048	1
10	501	3297	1.4751	1.49453	0.00262289	1
10	502	1212	9.18877	9.12647	0.00199697	1
10	503	15583	2.40179	2.35702	0.00448277	1
10	504	3922	4.30479	4.35441	0.00240316	1
10	505	281	2.22338	1.95612	0.00766339	1
10	506	260	2.16219	2.13311	0.000465218	1
10	507	5174	4.50618	4.56332	0.00297253	1
10	508	282	0.331464	0.37529	0.00288547	1
10	509	1678	10.832	10.6929	0.00461166	1
10	510	3260	6.08855	6.01043	0.00365474	1
11	256	3479	1.24755	1.31206	0.00687835	1
11	257	40196	0.0126434	0.0148093	0.000236495	1
11	258	2120	8.9312	8.92993	0.00846096	0
11	259	511	1.86064	1.69822	0.0110972	1
11	260	15583	3.61878	3.69911	0.00142997	1
11	261	284	2.7952	2.72434	0.0039635	1
11	262	665	6.81758	6.95539	0.012388	1
11	263	592	1.26814	1.19071	0.0028806	1
11	264	1443	3.56496	3.60955	0.00273991	1
11	265	8666	3.9985	3.97252	0.00543643	1
11	266	288	0.207009	0.219271	0.000761765	1
11	267	13300	1.46626	1.53616	0.00194483	1
11	268	18555	0.00920981	0.0109981	0.000186617	1
11	269	3297	3.54483	3.61747	0.00173918	1
11	270	3551	3.42539	3.40824	0.00377217	1
11	271	650	2.50548	2.48487	0.00270708	1
11	272	3200	3.55512	3.50321	0.00572114	1
11	273	416	2.34666	2.36289	0.00106524	1
11	274	325	0.301169	0.283983	0.000645398	1
11	275	2269	0.308114	0.316103	0.000767782	1
11	276	281	0.13801	0.148941	0.00109639	1
11	277	634	4.33877	4.29445	0.00278025	1
11	278	501	8.49112	8.61379	0.00278355	1
11	279	487	7.05183	6.89979	0.00541134	1
11	280	6004	3.25802	3.2354	0.0127085	1
11	281	365	2.31291	2.42431	0.0340354	1
11	282	476	6.13542	5.99044	0.0141383	1
11	283	4097	4.63349	4.37791	0.0267502	1
11	284	7900	2.17603	2.3097	0.0135358	1
11	285	1135	10.2877	10.2824	0.00522828	0
11	286	411	2.04713	1.92746	0.0100842	1
11	287	4931	3.19551	3.10599	0.0108646	0
11	288	15583	0.908121	0.909578	0.00186029	1
11	289	476	0.908389	1.00279	0.00484815	1
11	290	2481	0.234258	0.248202	0.00107574	1
11	291	17737	8.66282	8.28777	0.0100961	1
11	292	2962	0.0155547	0.0149443	7.82906e-05	1
11	293	715	3.12263	3.02031	0.00949033	1
11	294	347	0.00119989	0.00137513	1.62493e-05	1
11	295	389	5.88807	5.85869	0.00268286	1
11	296	5131	6.3585	6.32475	0.00274183	1
11	297	81	1.67204	1.54633	0.0115773	1
11	298	1541	2.81694	3.15711	0.0291214	1
11	299	18278	4.04671	4.1333	0.00798942	1
11	300	257	7.27236	7.28655	0.00584675	1
11	301	621	5.04582	4.79459	0.00607162	1
11	302	18278	0.957889	0.818816	0.00874223	1
11	303	281	5.06543	5.02456	0.00374283	1
11	304	260	0.821165	0.860674	0.00422934	1
11	305	216	0.802896	0.759824	0.00305401	1
11	306	41	3.48762	3.54706	0.000376995	1
11	307	373	0.0399128	0.0436681	0.000341026	1
11	308	2070	0.234103	0.259292	0.00234828	1
11	309	1673	0.941604	0.985106	0.00158868	1
11	310	378	2.60453	2.64129	0.00325759	1
11	311	808	3.1721	3.16369	0.00248263	1
11	312	7703	6.19675	6.2037	0.00471238	1
11	313	4931	4.10881	4.00732	0.00495683	1
11	314	3148	10.584	10.7143	0.00459674	1
11	315	1508	0.554435	0.514019	0.00189228	1
11	316	282	0.0462223	0.0453263	0.000357735	1
11	317	13300	0.537908	0.527483	0.00207975	1
11	318	18555	0.00311664	0.00359045	5.06774e-05	1
11	319	637	2.04911	1.70174	0.0230192	1
11	320	99	0.002891	0.00356448	8.65219e-05	1
11	321	7900	0.867618	0.86973	0.000524922	1
11	322	436	0.246026	0.251969	0.000405536	1
11	323	45036	7.72401	7.6123	0.00296366	1
11	324	276	5.41206	5.73731	0.00562227	1
11	325	1541	3.87435	3.86679	0.0113944	1
11	326	609	7.28981	7.42395	0.0100491	1
11	327	94	3.74515	3.45583	0.00641854	1
11	328	365	3.14264	3.27273	0.00150434	1
11	329	216	0.901508	0.871345	0.00248217	1
11	330	33	0.172614	0.188575	0.000920975	1
11	331	34	1.95449	1.88768	0.00144908	1
11	332	39	2.35331	2.36896	0.000345158	1
11	333	40	2.71428	2.73607	0.00112435	1
11	334	816	4.38046	4.26564	0.00466373	1
11	335	216	0.111462	0.126892	0.00156939	1
11	336	33	0.0199214	0.0195771	7.87637e-05	1
11	337	35	0.0139568	0.0152509	7.01539e-05	1
11	338	36	1.11152	1.07108	0.00140834	1
11	339	38	2.25341	2.23645	0.000632895	1
11	340	2481	0.492424	0.552379	0.00443555	1
11	341	3297	0.591999	0.562275	0.00138994	1
11	342	253	0.971696	0.943631	0.00218135	1
11	343	428	9.38377	9.41939	0.0043471	1
11	344	254	0.561661	0.632104	0.00802307	1
11	345	106	1.47946	1.1888	0.0308039	1
11	346	2554	0.262357	0.30205	0.0111174	1
11	347	24933	1.08281	1.21805	0.0167025	0
11	348	23155	11.4323	11.4208	0.00733704	0
11	349	284	1.92519	1.78548	0.00477401	1
11	350	582	3.93992	3.83515	0.00302552	1
11	351	282	0.0142364	0.0134044	5.77885e-05	1
11	352	260	0.0778519	0.0835938	0.000668616	1
11	353	768	1.44536	1.4963	0.00392937	1
11	354	7411	2.40495	2.36439	0.0017178	1
11	355	3803	5.55374	5.5604	0.00632171	1
11	356	282	0.207887	0.227414	0.00103429	1
11	357	260	0.834963	0.924569	0.00463347	1
11	358	3657	7.78965	7.85832	0.00423188	1
11	359	282	0.279328	0.287053	0.00120043	1
11	360	260	0.40668	0.416849	0.00167893	1
11	361	13696	6.9708	6.9469	0.00351058	1
11	362	13700	5.83706	5.67637	0.0153201	1
11	363	8544	4.44372	4.39244	0.00360006	1
11	364	384	1.2076	1.13836	0.00451027	1
11	365	3452	9.22626	9.14527	0.0028631	1
11	366	24145	2.07217	1.99064	0.00250313	1
11	367	13300	0.694511	0.706783	0.00133345	1
11	368	18555	0.0118963	0.013838	0.000215038	1
11	369	284	2.57125	2.57349	0.00257805	1
11	370	1135	4.09675	4.08504	0.00257752	1
11	371	253	2.52832	2.48321	0.00247281	1
11	372	16468	6.99545	6.93411	0.00493543	1
11	373	335	0.215258	0.220064	0.000805655	1
11	374	634	4.67206	4.76855	0.00206738	1
11	375	11515	2.36316	2.27713	0.004345	1
11	376	282	2.33449	2.38419	0.00391294	1
11	377	13300	4.13342	4.43885	0.00752744	1
11	378	18555	0.0941681	0.0988809	0.000675621	1
11	379	429	5.54295	5.47594	0.00527361	1
11	380	260	1.05318	1.00839	0.00301404	1
11	381	4939	5.02229	5.09074	0.00512589	1
11	382	282	0.00576957	0.00523416	3.61873e-05	1
11	383	253	2.98223	2.95408	0.00264065	1
11	384	24933	1.57195	1.40583	0.00887021	1
11	385	13274	4.13879	4.31093	0.00539768	1
11	386	281	2.82392	2.94345	0.00402236	1
11	387	5153	10.7754	11.0183	0.00426339	1
11	388	1673	8.22198	8.31495	0.00613104	1
11	389	216	0.276864	0.264579	0.000857781	1
11	390	33	1.31106	1.31797	0.000477042	1
11	391	33	2.63751	2.61924	0.00219279	1
11	392	282	1.3773	1.37086	0.00370468	1
11	393	334	5.63475	5.68456	0.00596943	1
11	394	2554	6.02778	6.17123	0.0070938	1
11	395	88	2.62587	2.6992	0.00446788	1
11	396	2231	5.0371	5.02443	0.00550423	1
11	397	1999	1.88577	1.7856	0.0230907	1
11	398	18278	0.542745	0.51462	0.00320051	1
11	399	1673	2.60845	2.63152	0.00315533	1
11	400	2736	4.19042	4.19706	0.00377604	1
11	401	2222	7.33194	7.25464	0.00264153	1
11	402	678	5.06303	5.04107	0.00764691	1
11	403	18278	2.67449	2.75168	0.0026384	1
11	404	870	6.715	6.73248	0.00804281	1
11	405	1698	8.26062	8.36931	0.0082154	1
11	406	726	13.9555	13.9129	0.0078828	1
11	407	2862	0.165026	0.227294	0.0113152	1
11	408	8168	7.59889	7.51382	0.00704531	1
11	409	800	3.25492	3.18522	0.00283957	1
11	410	501	6.96977	6.96477	0.00363614	1
11	411	487	2.51441	2.55851	0.0064729	0
11	412	6004	0.0550354	0.0544039	0.000874895	1
11	413	527	3.80936	3.76358	0.0063798	1
11	414	592	2.14557	2.0991	0.0041833	1
11	415	4763	8.07839	8.09636	0.00387158	1
11	416	6549	9.34808	9.42802	0.00233183	1
11	417	476	7.63776	7.43102	0.00375184	1
11	418	7220	7.42474	7.26293	0.00447611	1
11	419	411	0.45981	0.391899	0.00679521	1
11	420	13300	0.99354	1.01923	0.00367479	1
11	421	18555	0.00826941	0.00772705	4.85208e-05	1
11	422	476	1.91501	1.94469	0.000932873	1
11	423	281	3.42166	3.20568	0.00323467	1
11	424	480	4.03637	4.12397	0.0023235	1
11	425	4478	9.67904	9.68197	0.00358074	1
11	426	1813	0.0619622	0.060696	0.000535055	1
11	427	1673	1.35898	1.33334	0.00215218	1
11	428	678	3.80302	3.76322	0.00226598	1
11	429	18278	0.0434706	0.0449066	0.000292537	1
11	430	870	0.0203042	0.0188475	0.000158719	1
11	431	637	3.27222	3.35446	0.00977001	1
11	432	99	0.0253473	0.0260303	0.000184003	1
11	433	2222	3.6949	4.0297	0.00612728	1
11	434	452	4.42063	4.44545	0.00570126	0
11	435	311	10.5453	10.6228	0.00520781	1
11	436	15037	1.07456	1.02898	0.00862544	1
11	437	1541	2.52299	2.61467	0.00388497	1
11	438	18278	2.94417	2.79667	0.00753096	1
11	439	1595	2.53862	2.6378	0.00644452	1
11	440	254	2.37272	2.54249	0.00589698	1
11	441	761	4.82147	4.83419	0.00259099	1
11	442	2800	5.85966	5.89036	0.00217774	1
11	443	3890	5.65821	5.59219	0.00206044	1
11	444	351	0.26662	0.265694	0.000223159	1
11	445	260	1.49905	1.60607	0.00366121	1
11	446	5620	7.81675	7.88306	0.00686182	1
11	447	284	2.62122	2.56048	0.00413292	1
11	448	11702	10.4513	10.3297	0.00206732	1
11	449	1873	0.0462938	0.0560307	0.00137538	1
11	450	14978	0.183019	0.131872	0.0213919	1
11	451	1541	2.57798	2.7836	0.0215583	1
11	452	435	0.291853	0.41693	0.0304241	1
11	453	419	0.0637002	0.0555229	0.00273954	1
11	454	368	1.44286	1.3494	0.00439185	1
11	455	284	2.12434	2.05881	0.00283271	1
11	456	36067	9.63982	9.47933	0.00318117	1
11	457	13300	2.2441	2.26303	0.00254426	1
11	458	18555	0.00163629	0.00181837	1.96721e-05	1
11	459	637	0.267784	0.270856	0.000300799	1
11	460	99	0.00210357	0.00199684	2.11072e-05	1
11	461	7900	1.47535	1.43393	0.0033218	1
11	462	281	1.45084	1.53399	0.00298051	1
11	463	260	1.61848	1.59453	0.00272561	1
11	464	25815	13.1223	12.9906	0.00266879	1
11	465	905	1.83021	1.94256	0.00740924	1
11	466	8544	3.21463	3.27189	0.00298979	0
11	467	582	5.0639	5.01582	0.00232618	1
11	468	1194	5.48373	5.45979	0.00612147	1
11	469	442	7.16641	7.1181	0.00311738	1
11	470	5271	2.12699	2.35148	0.00843797	0
11	471	15037	2.62314	2.50359	0.00546592	1
11	472	46203	5.05111	5.20088	0.00713045	1
11	473	41945	4.77627	4.96294	0.00465305	1
11	474	3297	1.54258	1.58027	0.00470447	1
11	475	260	2.17153	2.19632	0.00155843	1
11	476	46756	10.1889	10.4605	0.00444792	1
11	477	28277	2.96294	2.90994	0.0331075	0
11	478	779	9.63308	9.72833	0.00825677	1
11	479	293	0.0498225	0.0615515	0.00132077	1
11	480	282	1.35919	1.40302	0.00177437	1
11	481	260	0.667586	0.755947	0.00577505	1
11	482	5620	3.93153	3.99609	0.00609129	1
11	483	284	3.08861	3.01999	0.00297209	1
11	484	260	1.87832	1.86172	0.0118658	1
11	485	4919	3.78936	3.75709	0.00671143	1
11	486	5351	2.44768	2.37747	0.00704687	1
11	487	282	1.01561	0.972952	0.00118885	1
11	488	298	10.1854	10.0352	0.00733088	1
11	489	863	2.99719	3.0358	0.0184616	0
11	490	81	1.36619	1.21203	0.0203618	0
11	491	7900	4.73968	4.58373	0.00469355	1
11	492	3297	1.01551	1.14843	0.00785661	1
11	493	3413	2.57478	2.58275	0.00308039	1
11	494	452	2.02216	2.07788	0.00172252	1
11	495	311	0.156209	0.216584	0.00953616	1
11	496	15037	0.0060298	0.00488117	0.000219991	1
11	497	3297	4.36257	4.42041	0.00204494	1
11	498	476	0.637056	0.690271	0.00303662	1
11	499	9602	6.43487	6.4998	0.00490104	1
11	500	339	1.88615	1.89285	0.00308669	1
11	501	835	5.03434	4.98987	0.0021635	1
11	502	260	2.21039	2.25505	0.00396265	1
11	503	7900	1.71098	1.69386	0.00285264	1
11	504	282	0.0930032	0.0919394	0.000297703	1
11	505	13300	1.09842	1.13679	0.00662349	1
11	506	18555	0.0105257	0.0102578	3.60938e-05	1
11	507	284	2.80673	2.91319	0.00229053	1
11	508	9679	9.66532	9.44559	0.00495658	1
11	509	389	1.77534	1.80814	0.00429354	1
11	510	2554	0.522969	0.433363	0.00898183	1
12	256	933	5.96889	5.99581	0.00230946	1
12	257	13300	3.39103	3.34445	0.00443363	1
12	258	18555	0.0924258	0.101651	0.00151395	1
12	259	6329	1.30291	1.4968	0.0115234	1
12	260	436	1.26774	1.25617	0.00570232	1
12	261	260	1.36897	1.46977	0.00365327	1
12	262	1035	6.03041	6.00756	0.00299981	1
12	263	1450	0.984397	1.01097	0.0047816	1
12	264	5720	0.60242	0.59051	0.00119745	1
12	265	281	1.60232	1.56685	0.00503527	1
12	266	1463	6.02961	6.09199	0.00269405	1
12	267	284	2.66533	2.40955	0.0045886	0
12	268	24145	5.49978	5.39685	0.00542429	1
12	269	1541	5.85371	5.788	0.00323841	1
12	270	16739	0.118815	0.116443	0.00132689	1
12	271	95	0.0341921	0.0327772	0.000309439	1
12	272	42274	0.603979	0.581668	0.00169999	1
12	273	17864	0.00806193	0.00802389	5.62723e-05	1
12	274	637	1.71723	1.72716	0.00228973	1
12	275	99	0.258749	0.328457	0.0105363	1
12	276	16468	7.53353	7.58804	0.00464782	1
12	277	327	2.58805	2.59453	0.000986051	1
12	278	624	1.17536	1.07414	0.00499595	1
12	279	16948	5.95583	5.96213	0.00422785	1
12	280	284	0.634396	0.583892	0.00291244	1
12	281	36807	6.52966	6.30723	0.00315962	1
12	282	3297	1.88692	2.00648	0.00194252	1
12	283	979	3.69486	3.63923	0.00270345	1
12	284	384	3.3627	3.25339	0.00265266	1
12	285	20053	5.46052	5.60005	0.0040701	1
12	286	1573	9.4449	9.33384	0.00475808	1
12	287	34812	3.9262	4.12396	0.00700864	1
12	288	981	7.99611	8.0542	0.00445161	1
12	289	260	0.266887	0.282804	0.00113757	1
12	290	38047	5.16246	5.19732	0.00444655	0
12	291	18932	1.73605	1.61402	0.00833303	0
12	292	592	9.46665	9.59401	0.00405218	1
12	293	1147	2.22149	2.31377	0.00467797	1
12	294	4377	10.8462	10.7699	0.0056933	1
12	295	45950	3.11156	3.51294	0.00940555	1
12	296	515	0.0272962	0.0299617	0.000579042	1
12	297	1673	1.02993	0.972982	0.00220902	1
12	298	34006	11.9385	11.8769	0.0054312	1
12	299	35455	1.16884	1.19525	0.00952267	1
12	300	40434	2.57548	2.50581	0.00833891	0
12	301	15037	0.241148	0.34387	0.0177131	1
12	302	3297	0.821777	0.779775	0.00213664	1
12	303	260	2.06169	2.00564	0.00337502	1
12	304	6250	3.2236	3.25128	0.00271817	1
12	305	421	5.09659	5.20928	0.00330233	1
12	306	30614	0.175194	0.13742	0.00669642	1
12	307	5720	0.400657	0.382703	0.00195781	1
12	308	3297	2.18447	2.11293	0.00107354	1
12	309	436	2.72216	2.85252	0.00458581	1
12	310	597	0.970019	0.927106	0.00205895	1
12	311	7757	6.41847	6.30288	0.00241283	1
12	312	7220	0.308951	0.317802	0.000700866	1
12	313	411	0.0271144	0.0267256	0.000104029	1
12	314	13300	1.43255	1.48094	0.00270411	1
12	315	18555	0.00480675	0.00463212	4.10627e-05	1
12	316	8544	6.48878	6.51413	0.000518845	1
12	317	281	2.08808	2.14979	0.00280162	1
12	318	16765	10.378	10.4646	0.00212483	1
12	319	101	1.53375	1.77229	0.0147546	1
12	320	787	2.328	2.41027	0.00741301	1
12	321	41528	4.79258	4.92298	0.00477743	1
12	322	300	0.944808	0.884803	0.00684127	1
12	323	24597	1.5807	1.27952	0.0177036	1
12	324	3297	0.301515	0.295718	0.000728493	1
12	325	650	3.54723	3.47767	0.00372011	1
12	326	21720	6.0506	6.04153	0.017156	0
12	327	3297	0.454931	0.439505	0.00355515	1
12	328	384	0.671686	0.629322	0.00202746	1
12	329	27725	5.40581	5.42816	0.00520665	1
12	330	260	1.98414	2.11161	0.00452708	1
12	331	808	6.01452	6.14828	0.00317596	1
12	332	827	2.82086	2.81377	0.00533682	1
12	333	3204	0.986661	1.13038	0.00820115	1
12	334	282	0.118052	0.113443	0.000255253	1
12	335	330	7.84664	7.86014	0.0013893	1
12	336	11652	11.5821	11.5549	0.00597592	1
12	337	10254	6.85784	6.88121	0.00526824	1
12	338	365	2.64336	2.63343	0.00550445	1
12	339	17097	2.5538	2.59062	0.00296449	1
12	340	242	1.58566	1.47742	0.00450623	1
12	341	115	1.8747	1.72875	0.0177389	1
12	342	14483	4.28821	4.37652	0.00326299	1
12	343	245	4.78816	4.61169	0.025861	1
12	344	2481	4.24668	4.42845	0.00394281	1
12	345	1092	9.1856	9.22461	0.00266719	1
12	346	253	5.54652	5.54971	0.00308439	1
12	347	421	5.9013	5.86765	0.00295265	1
12	348	30614	0.00424263	0.00439653	2.64517e-05	1
12	349	347	5.3337	5.32601	0.00291339	1
12	350	624	5.60426	5.63391	0.00944269	1
12	351	5887	4.94216	4.93489	0.00393364	1
12	352	284	2.4147	2.43985	0.00205926	1
12	353	597	4.79786	4.77581	0.00980117	1
12	354	800	7.09315	7.11698	0.00374158	1
12	355	282	2.29388	2.44569	0.00332222	1
12	356	650	0.79833	0.797488	0.00112335	1
12	357	550	2.85901	2.72943	0.00337282	1
12	358	421	2.09717	2.09586	0.00347033	1
12	359	30614	0.539481	0.597141	0.00251334	1
12	360	457	3.19128	3.32208	0.00536942	1
12	361	1887	3.49479	3.77888	0.00527996	1
12	362	32778	6.26345	6.39834	0.00300532	1
12	363	284	1.90655	1.82429	0.0118926	1
12	364	5535	3.28174	3.45701	0.00317533	1
12	365	1673	1.06255	1.03797	0.00323682	1
12	366	657	4.32128	4.33388	0.00327732	1
12	367	314	0.785317	0.749807	0.0016054	1
12	368	1137	2.02958	1.96562	0.00428237	1
12	369	338	0.128031	0.141949	0.00101601	1
12	370	645	3.30493	3.25644	0.00458919	1
12	371	384	2.25975	2.26688	0.00444048	1
12	372	4242	5.44699	5.58078	0.00157544	1
12	373	281	1.72935	1.67066	0.00185961	1
12	374	13956	5.77785	5.83624	0.00163454	1
12	375	10339	0.0461524	0.0522234	0.000538426	1
12	376	981	5.37676	5.3394	0.00354818	1
12	377	253	4.15189	4.01456	0.00128465	1
12	378	986	5.98324	6.13261	0.00714943	1
12	379	2827	6.05364	5.93355	0.00652369	1
12	380	3297	1.51264	1.56624	0.00386878	1
12	381	253	4.10182	4.19065	0.00485959	1
12	382	3784	5.87077	5.92034	0.00520849	1
12	383	282	0.0684193	0.0763837	0.000824568	1
12	384	13300	3.11132	3.11765	0.00286415	1
12	385	18555	0.00817501	0.00818218	3.14915e-05	1
12	386	637	0.396277	0.38542	0.00319321	1
12	387	99	0.00177572	0.00246767	0.000123625	1
12	388	7900	2.51055	2.41521	0.0037982	1
12	389	436	0.799978	0.899093	0.00707775	1
12	390	983	1.88968	1.78379	0.00423185	1
12	391	351	4.56276	4.33536	0.00254725	1
12	392	1272	0.344742	0.390534	0.00417087	1
12	393	347	4.67396	4.68439	0.00418113	1
12	394	582	4.4082	4.4363	0.00511274	1
12	395	282	0.0979436	0.0976946	0.00049684	1
12	396	253	4.90254	4.81787	0.0023391	1
12	397	1443	1.00049	0.937275	0.00278187	1
12	398	9764	4.3064	4.40583	0.00424963	1
12	399	3723	1.73734	1.70163	0.00416424	1
12	400	527	3.36605	3.51793	0.00816179	1
12	401	384	1.67327	1.7646	0.00770368	1
12	402	436	2.96742	3.08743	0.00289994	1
12	403	1730	3.32745	3.34736	0.00468649	1
12	404	288	0.0107119	0.0107871	7.85374e-05	1
12	405	3631	2.5658	2.50071	0.00510811	1
12	406	1130	3.43003	3.53223	0.00333122	0
12	407	1673	1.693	1.73541	0.00514531	1
12	408	3717	0.818764	0.842811	0.00205799	1
12	409	3717	1.97937	2.08278	0.00280544	1
12	410	446	8.17902	8.1141	0.00298462	1
12	411	446	2.52368	2.58485	0.00355879	1
12	412	27292	9.27666	9.2637	0.00200929	1
12	413	446	3.23421	3.25853	0.00703044	1
12	414	446	0.30535	0.252421	0.00690527	1
12	415	3717	1.70803	1.72992	0.0047992	1
12	416	3717	1.72938	1.82159	0.00368997	0
12	417	330	4.50513	4.69385	0.00736654	1
12	418	3175	8.57659	8.40544	0.00619095	1
12	419	282	0.0127945	0.0148223	0.000218916	1
12	420	6825	4.67801	4.72255	0.00365774	1
12	421	457	2.53268	2.60941	0.00331117	1
12	422	719	0.483288	0.470681	0.00176541	1
12	423	804	1.28106	1.47172	0.0105976	1
12	424	281	1.45535	1.56133	0.00359956	1
12	425	3016	9.1557	9.17237	0.004123	1
12	426	288	0.0894786	0.0903127	0.000287287	1
12	427	13477	2.06051	2.16111	0.00653931	1
12	428	13300	0.874554	0.898476	0.00301458	1
12	429	18555	0.00711347	0.00713527	2.626e-05	1
12	430	637	0.238539	0.22005	0.00125125	1
12	431	99	0.00222721	0.00265128	4.06531e-05	1
12	432	746	3.77446	3.72716	0.000705655	1
12	433	618	1.54346	1.6641	0.00428347	1
12	434	2321	1.18287	1.14931	0.00135983	0
12	435	1673	1.97638	1.95835	0.00428253	1
12	436	1032	4.43653	4.53119	0.0039939	1
12	437	41134	10.2348	10.1348	0.00317281	1
12	438	21632	5.23579	5.28297	0.00537811	1
12	439	20634	4.25977	4.26678	0.00348373	1
12	440	281	1.58927	1.61112	0.0016096	1
12	441	378	3.33595	3.52463	0.00521787	1
12	442	29689	6.88241	6.80634	0.00406748	1
12	443	37683	0.681972	0.656663	0.0035996	1
12	444	282	0.0572776	0.0631261	0.000388503	1
12	445	13300	1.17601	1.28671	0.00678938	1
12	446	18555	0.00226507	0.00224918	3.56411e-05	1
12	447	3297	1.5519	1.61362	0.0070609	1
12	448	476	2.25683	2.24547	0.00423808	0
12	449	1385	4.01021	3.88955	0.00575987	1
12	450	359	0.714009	0.691452	0.00057613	1
12	451	800	1.68547	1.67187	0.0033497	1
12	452	896	1.80846	1.96805	0.0117473	1
12	453	1853	0.952778	0.916524	0.00323432	1
12	454	288	1.00187	1.08064	0.00307528	1
12	455	2424	3.76682	3.67675	0.00456447	1
12	456	260	1.13325	1.25603	0.00860241	1
12	457	1828	6.98347	6.94125	0.00425387	1
12	458	2773	5.37124	5.35863	0.00147335	1
12	459	281	0.318087	0.308301	0.00142395	1
12	460	25436	1.50033	1.51479	0.00286418	1
12	461	13300	0.968869	1.11201	0.00739457	1
12	462	18555	0.00646504	0.00665163	2.80287e-05	1
12	463	3297	4.27582	4.21056	0.0018367	1
12	464	527	4.01957	4.13766	0.00195948	1
12	465	314	1.87635	1.79683	0.00280726	1
12	466	1701	2.64056	2.75589	0.00618815	0
12	467	392	3.55415	3.62518	0.00669026	1
12	468	737	3.5922	3.60658	0.00358231	1
12	469	347	7.30987	7.33329	0.00410082	1
12	470	800	0.214704	0.195197	0.0010813	1
12	471	896	2.7464	2.83282	0.00565044	1
12	472	18189	2.73585	2.90568	0.00834432	1
12	473	347	0.146165	0.156397	0.000588146	1
12	474	1636	0.578404	0.586191	0.00136718	1
12	475	476	1.61221	1.68218	0.00245635	1
12	476	365	2.01545	1.9471	0.00676443	1
12	477	273	2.37165	2.37379	0.00397826	1
12	478	30	0.138003	0.146722	0.000460824	1
12	479	1792	6.03762	6.01504	0.000338292	1
12	480	3951	2.27105	2.13403	0.00983643	0
12	481	89	1.72374	1.74541	0.00293779	1
12	482	2481	0.538918	0.550651	0.00184492	1
12	483	1673	1.24339	1.18643	0.00342183	1
12	484	378	2.71271	2.77597	0.0037389	1
12	485	36611	6.03538	6.21868	0.00369389	1
12	486	457	1.69106	1.65932	0.0016841	1
12	487	761	3.78587	3.74883	0.00270836	1
12	488	288	0.670084	0.64592	0.00153054	1
12	489	22747	3.22218	2.97746	0.00710057	0
12	490	351	0.0358354	0.0354426	0.000124284	1
12	491	7611	10.6932	10.6621	0.00300663	1
12	492	578	2.5722	2.49896	0.00343789	1
12	493	260	1.19941	1.27697	0.00386707	1
12	494	5764	7.59848	7.71491	0.00382247	1
12	495	10195	10.7366	10.596	0.005557	1
12	496	282	0.334081	0.360984	0.00153723	1
12	497	260	0.985561	1.18296	0.0145718	1
12	498	2798	0.886782	0.981765	0.00581044	1
12	499	1355	5.25627	5.43761	0.0109421	1
12	500	29851	6.3049	6.4335	0.00503236	1
12	501	1587	9.99061	9.87987	0.00337511	0
12	502	8942	1.13666	1.15754	0.0124813	1
12	503	288	3.93004	3.88815	0.00385045	1
12	504	253	4.2255	4.4393	0.00747024	1
12	505	4641	6.22785	6.16379	0.00636501	1
12	506	6923	2.14452	2.31371	0.00681082	1
12	507	365	5.16717	5.03061	0.00329757	1
12	508	2755	6.24418	6.13355	0.00407615	1
12	509	645	2.31474	2.3405	0.00285389	1
12	510	25436	4.55135	4.32073	0.00647087	1
13	256	32	0.0725837	0.0761393	0.000232279	1
13	257	33	1.42556	1.4852	0.000656387	1
13	258	37	2.50047	2.55539	0.000576185	1
13	259	3297	1.30117	1.37505	0.0031347	1
13	260	12502	4.42457	4.42864	0.00381563	1
13	261	29140	6.87054	6.8103	0.005633	1
13	262	2587	3.35258	3.36981	0.00405486	1
13	263	18189	7.14068	7.41545	0.00566186	1
13	264	3297	4.54737	4.69511	0.000698304	1
13	265	351	3.48562	3.34509	0.00252571	1
13	266	6371	13.0103	12.9058	0.00552948	1
13	267	4097	6.44331	6.07821	0.00658535	1
13	268	5604	6.03594	6.08418	0.0090259	0
13	269	3297	1.22987	1.25613	0.00583207	1
13	270	282	0.472141	0.475569	0.00196288	1
13	271	260	1.89426	1.87146	0.00468738	1
13	272	2994	5.92804	5.99258	0.00373883	1
13	273	7900	5.06631	5.11779	0.00704345	1
13	274	282	0.637928	0.671212	0.00236042	1
13	275	13300	0.774883	0.836512	0.00416392	1
13	276	18555	0.00653286	0.00768932	0.000179676	1
13	277	281	3.12291	3.00767	0.00706658	1
13	278	2976	5.60896	5.60121	0.00562277	1
13	279	11964	0.380386	0.42285	0.00371789	1
13	280	3297	1.95075	2.0036	0.00173882	1
13	281	351	2.86468	2.77189	0.00325928	1
13	282	6656	5.66662	5.65047	0.0027355	1
13	283	14747	5.93795	5.89917	0.00354574	1
13	284	18446	8.72172	8.64683	0.002672	1
13	285	3297	2.60415	2.74375	0.00823757	0
13	286	527	3.07444	3.29351	0.00759949	1
13	287	14198	9.12801	9.19296	0.00229886	1
13	288	19620	7.36991	7.48741	0.0027939	1
13	289	924	5.09048	4.88858	0.00377864	1
13	290	1673	2.48523	2.56442	0.002121	1
13	291	3717	1.94365	1.90813	0.00379032	1
13	292	3717	4.91068	4.89775	0.00238479	1
13	293	3717	3.76612	4.02598	0.00379052	1
13	294	446	8.74656	8.81395	0.00535053	1
13	295	39653	12.3074	12.3735	0.00438296	1
13	296	1206	6.32436	6.34412	0.00506761	1
13	297	365	3.48328	3.45449	0.00605178	1
13	298	1963	6.26143	6.17941	0.00811625	1
13	299	45212	9.07081	9.02449	0.0011895	1
13	300	4956	5.37295	5.22556	0.00183812	1
13	301	2481	0.490635	0.4649	0.00467598	1
13	302	446	1.56854	1.46281	0.00420029	1
13	303	3717	1.58159	1.52054	0.00308173	1
13	304	3717	1.89809	1.85569	0.00181044	1
13	305	476	4.75856	4.78954	0.0028051	1
13	306	39653	4.64009	4.33961	0.00943269	1
13	307	1206	0.214948	0.229263	0.00124416	1
13	308	476	2.72346	2.80733	0.00643062	1
13	309	314	0.808882	0.780664	0.00213063	1
13	310	253	0.628932	0.637588	0.00380063	1
13	311	4956	1.58385	1.58778	0.0049966	1
13	312	5797	4.00878	3.83633	0.00283082	1
13	313	411	0.610834	0.556856	0.00265461	1
13	314	2321	4.64737	4.6779	0.00902477	1
13	315	3394	9.59609	9.6727	0.00851968	1
13	316	29	0.201764	0.218542	0.00166168	1
13	317	48	0.0439238	0.0431306	0.000169216	1
13	318	8335	8.37515	8.21639	0.00596245	1
13	319	7706	8.1446	7.99188	0.00766055	1
13	320	5975	8.95585	9.12075	0.00615617	1
13	321	1963	1.47171	1.45961	0.00310837	1
13	322	45212	0.083224	0.0996121	0.00273972	1
13	323	327	4.91812	5.04912	0.00199279	1
13	324	480	1.41775	1.49843	0.00340384	1
13	325	1796	2.98924	3.0545	0.0029759	1
13	326	18373	3.49377	3.53811	0.00242023	1
13	327	21613	0.0521186	0.0528199	0.000277427	1
13	328	3297	2.94587	3.06054	0.00280918	1
13	329	7285	8.63779	8.75705	0.00459019	1
13	330	2867	1.96512	2.0456	0.00524671	1
13	331	7172	1.57009	1.58708	0.00732567	1
13	332	365	1.94332	1.98662	0.0122554	0
13	333	216	2.02935	2.09582	0.00284238	1
13	334	34	0.315952	0.295658	0.00122065	1
13	335	32	0.0338561	0.037508	0.000281885	1
13	336	33	0.400593	0.4201	0.000416094	1
13	337	34	2.54181	2.5908	0.00183921	1
13	338	2481	1.28639	1.36883	0.00598186	1
13	339	1673	0.810721	0.808427	0.00143125	1
13	340	657	1.43908	1.48047	0.00214857	1
13	341	436	1.0152	1.01862	0.00105297	1
13	342	5118	2.31004	2.31868	0.00288921	1
13	343	347	1.52848	1.49528	0.000835409	1
13	344	260	1.34329	1.3658	0.00263767	1
13	345	2004	8.37311	8.49444	0.00515532	0
13	346	637	2.43671	2.54999	0.0093619	1
13	347	99	0.302127	0.313164	0.00381034	1
13	348	1796	2.33409	2.30676	0.00590502	1
13	349	2244	0.248515	0.267073	0.00132773	1
13	350	281	2.38764	2.33629	0.00746141	1
13	351	4521	7.26754	7.46758	0.00512436	1
13	352	284	1.48355	1.37771	0.00413205	1
13	353	260	1.29324	1.19262	0.00615729	1
13	354	3464	2.29072	2.25482	0.00547313	1
13	355	3043	6.82884	6.9452	0.00263857	1
13	356	2244	2.43506	2.13334	0.0128529	1
13	357	335	2.45649	2.34402	0.00637713	1
13	358	216	3.69017	3.63002	0.0082386	1
13	359	39	3.49959	3.47623	0.000907554	1
13	360	4450	2.80599	2.80623	0.00185241	1
13	361	216	0.216972	0.194619	0.00134093	1
13	362	34	0.00800173	0.00720368	5.76949e-05	1
13	363	32	0.00058716	0.000603507	9.23807e-07	1
13	364	33	0.00611115	0.00685213	4.31104e-05	1
13	365	35	0.791923	0.814798	0.000731845	1
13	366	1673	0.851115	0.908976	0.00250265	1
13	367	378	1.53874	1.51976	0.00151928	1
13	368	4956	0.4297	0.455954	0.00260516	1
13	369	436	0.986672	1.02909	0.00311647	1
13	370	8168	4.59135	4.62317	0.00365027	1
13	371	411	0.249768	0.259718	0.000915535	1
13	372	28242	7.23472	7.35416	0.00502586	1
13	373	45701	3.11753	3.00118	0.00283782	1
13	374	426	4.47304	4.5133	0.00357785	1
13	375	39010	5.51215	5.33967	0.00588149	1
13	376	4260	6.55136	6.55628	0.0067014	1
13	377	3297	1.63974	1.65318	0.00371913	1
13	378	28242	6.07916	6.03724	0.00358984	1
13	379	697	1.89554	1.85149	0.00632625	1
13	380	36020	6.28113	6.25258	0.00524069	1
13	381	254	4.16729	4.16703	0.00642138	0
13	382	3297	0.85801	0.800274	0.00347137	1
13	383	1065	5.79766	5.93134	0.00662554	1
13	384	7089	5.26807	5.49365	0.0053694	1
13	385	442	5.09228	5.32005	0.00855381	1
13	386	277	4.34453	4.42106	0.00658227	0
13	387	2347	5.54593	5.63233	0.0106205	1
13	388	3297	0.677873	0.758141	0.0045319	1
13	389	12404	11.2324	11.2642	0.00175914	1
13	390	276	7.72482	7.71644	0.0051587	1
13	391	659	4.10689	4.20672	0.00775189	1
13	392	1520	7.09556	6.83874	0.00613483	1
13	393	14884	3.76594	3.8244	0.00823203	1
13	394	3297	0.903601	1.08354	0.0153701	0
13	395	26521	12.5519	12.5517	0.00412555	1
13	396	2676	8.03581	8.16005	0.00878602	1
13	397	284	2.20863	2.37181	0.0104532	0
13	398	624	8.01403	7.97232	0.00238255	1
13	399	11009	4.97345	4.92789	0.00680488	1
13	400	3297	3.37738	3.41008	0.00211367	1
13	401	9914	6.74396	6.66789	0.00268917	1
13	402	36317	8.93697	9.11936	0.00525857	1
13	403	284	2.06456	2.08813	0.010855	1
13	404	428	5.59859	5.63541	0.00227551	1
13	405	8119	5.36623	5.45449	0.00684401	1
13	406	718	5.03733	4.98779	0.00705653	1
13	407	387	3.30666	3.38608	0.00601577	1
13	408	13627	0.424986	0.511835	0.0134258	1
13	409	1673	1.16366	1.18967	0.0086023	1
13	410	476	3.35012	3.19974	0.0047769	1
13	411	39653	0.837216	0.886336	0.00613222	1
13	412	1206	0.0466833	0.0524004	0.000679629	1
13	413	476	0.205067	0.186352	0.00182993	1
13	414	314	1.40967	1.38825	0.00161747	1
13	415	354	2.85989	2.87498	0.00219636	1
13	416	614	4.77278	4.73067	0.00497779	1
13	417	15727	0.022749	0.0220319	5.65608e-05	1
13	418	1149	9.40784	9.23445	0.00509549	1
13	419	1139	2.59342	2.49718	0.00399118	1
13	420	4956	0.759581	0.704012	0.00485239	1
13	421	351	1.94098	1.85892	0.00438784	1
13	422	6318	6.7492	6.71483	0.00133965	1
13	423	2165	4.78138	4.87119	0.00411719	1
13	424	8544	5.92116	6.06345	0.0107549	1
13	425	260	1.68804	1.61582	0.00328376	1
13	426	21439	1.44362	1.41321	0.00501485	1
13	427	2202	7.0303	7.03006	0.00235212	1
13	428	253	1.71304	1.70296	0.00195279	1
13	429	19447	8.36201	8.38711	0.00313049	0
13	430	637	2.6169	2.74163	0.00392664	1
13	431	99	0.0266621	0.0239893	0.000344294	1
13	432	834	8.43254	8.51812	0.0021701	0
13	433	261	0.048408	0.0553593	0.000666738	1
13	434	6584	0.0017212	0.00188097	1.30686e-05	1
13	435	351	0.193277	0.174184	0.00346869	1
13	436	253	0.867392	0.904629	0.00139915	1
13	437	1546	8.77859	8.728	0.00301171	1
13	438	550	3.19695	3.04059	0.00520838	1
13	439	1673	1.02859	1.05366	0.00379208	1
13	440	30345	7.21393	7.32123	0.00586956	1
13	441	24145	4.64224	4.54398	0.00212264	1
13	442	260	0.548982	0.56197	0.00346399	1
13	443	4956	0.408516	0.393216	0.00131885	1
13	444	327	0.96867	0.983051	0.00120519	1
13	445	624	0.265084	0.293319	0.00217917	1
13	446	2262	6.73355	6.71731	0.00457382	1
13	447	3297	2.4258	2.49054	0.00959867	1
13	448	8743	9.39717	9.55381	0.00824167	1
13	449	357	0.128564	0.152785	0.00216646	1
13	450	253	1.8017	1.82791	0.00086971	1
13	451	1481	7.55223	7.38028	0.0116553	1
13	452	3394	15.8409	15.9881	0.00328296	1
13	453	29	0.202176	0.179022	0.00295728	1
13	454	48	0.0218705	0.019158	0.000480255	1
13	455	578	4.55349	4.5734	0.00583775	1
13	456	4320	7.3934	7.54954	0.0228346	1
13	457	335	2.88681	2.77756	0.0039587	1
13	458	7285	7.91074	7.88163	0.0181463	1
13	459	2867	0.0275789	0.0250423	0.000390946	1
13	460	7172	0.0340219	0.0338433	0.000153123	1
13	461	1673	0.839267	0.909077	0.00386614	1
13	462	3717	1.82919	1.77164	0.00263109	1
13	463	378	2.04786	2.0803	0.00363161	1
13	464	4320	3.96193	3.99848	0.00454982	1
13	465	2163	5.08251	5.04314	0.00448735	1
13	466	260	1.37962	1.3646	0.00130712	1
13	467	1528	4.55056	4.6691	0.00491128	1
13	468	637	0.172526	0.183899	0.000932795	1
13	469	99	0.00667419	0.00597466	5.60882e-05	1
13	470	15708	4.18735	4.19828	0.00225547	1
13	471	1466	5.55785	5.43917	0.00160186	1
13	472	3394	8.12168	8.11431	0.00728399	1
13	473	29	0.0129341	0.0115132	0.000196048	1
13	474	48	0.00105028	0.00114295	1.28251e-05	1
13	475	3772	6.02451	6.2734	0.0068537	1
13	476	5380	4.86392	5.00087	0.0130644	1
13	477	281	1.82904	1.87588	0.00548111	1
13	478	7597	6.51562	6.9755	0.014551	0
13	479	284	1.99946	2.0193	0.00247921	1
13	480	260	1.14358	1.30784	0.0101716	1
13	481	1797	4.65018	4.55855	0.00337934	1
13	482	8378	0.18799	0.183984	8.01965e-05	1
13	483	3297	1.94613	2.04809	0.00402202	1
13	484	979	4.59603	4.73485	0.00298533	1
13	485	35549	7.1542	7.22326	0.00400399	1
13	486	1466	4.82546	4.75185	0.00211908	1
13	487	3394	3.16585	3.21109	0.00162116	1
13	488	29	0.00882034	0.00813829	8.30974e-05	1
13	489	48	0.00160709	0.00157082	1.84689e-06	1
13	490	14510	8.39832	8.59322	0.00501401	1
13	491	6115	8.48087	8.42398	0.0111127	1
13	492	281	0.456514	0.437017	0.00410876	1
13	493	1062	3.6851	3.58523	0.00215478	1
13	494	28031	11.9943	11.7819	0.00445237	1
13	495	10643	3.69982	3.74845	0.00281544	1
13	496	365	4.33057	4.06903	0.00597171	1
13	497	45191	8.51856	8.43972	0.0116961	1
13	498	284	1.04689	0.971059	0.00276024	1
13	499	8990	0.78711	0.777235	0.00304427	1
13	500	7409	0.22537	0.149265	0.0197222	1
13	501	2481	0.297199	0.306255	0.000538752	1
13	502	3297	2.6727	2.67562	0.00586148	1
13	503	347	2.82635	2.82449	0.00332596	1
13	504	876	0.062305	0.0569618	0.00046636	1
13	505	347	0.024637	0.023305	0.000117456	1
13	506	281	1.07445	1.06748	0.0016828	1
13	507	4617	3.86639	3.8049	0.00451167	1
13	508	3297	2.59539	2.7967	0.00371958	1
13	509	4004	2.07119	2.02854	0.00524538	1
13	510	3297	1.32833	1.44778	0.00287303	1
14	256	611	4.95938	5.00055	0.00259321	1
14	257	34458	0.00592118	0.00670816	7.84816e-05	1
14	258	2177	4.71585	4.71406	0.00239986	1
14	259	1673	0.536893	0.570243	0.00168149	1
14	260	3717	1.81982	1.92842	0.00265029	1
14	261	378	1.4111	1.47878	0.00265891	1
14	262	4956	3.34844	3.30415	0.00249	1
14	263	436	1.37543	1.33318	0.00483175	1
14	264	3249	4.65702	4.69849	0.00274376	1
14	265	281	0.611543	0.605252	0.000513488	1
14	266	260	0.5479	0.50108	0.00302147	1
14	267	14452	12.1182	12.2149	0.00501442	1
14	268	3133	7.19977	7.33162	0.00406209	1
14	269	3305	8.76942	8.88328	0.00303079	1
14	270	22053	1.04505	1.05589	0.0033381	1
14	271	216	3.51916	3.58257	0.0063044	1
14	272	34	1.3189	1.36072	0.00164285	1
14	273	32	3.14426	3.11545	0.00448523	1
14	274	33	0.323059	0.340824	0.00125893	1
14	275	36	1.85729	1.80872	0.00104298	1
14	276	3297	0.943714	0.996569	0.00426974	1
14	277	284	2.26276	2.17195	0.00263552	1
14	278	314	2.73442	2.74217	0.00472142	1
14	279	597	2.43828	2.37052	0.00559914	1
14	280	582	4.23304	4.19502	0.00207978	1
14	281	282	0.0387492	0.043412	0.000486419	1
14	282	260	0.206163	0.196014	0.00099146	1
14	283	2702	7.76895	7.91709	0.00391055	1
14	284	8786	0.744051	0.690215	0.0060035	1
14	285	1770	7.35201	7.38071	0.0022699	1
14	286	335	1.78118	1.79199	0.00140386	1
14	287	260	0.428581	0.422995	0.00133523	1
14	288	33730	7.41786	7.56448	0.00442079	1
14	289	3586	2.70864	2.82248	0.00539451	1
14	290	1673	3.42198	3.64246	0.00136089	1
14	291	4454	6.82611	6.82865	0.00301237	1
14	292	3297	1.04316	1.18563	0.00571633	1
14	293	357	2.87657	2.92774	0.00620526	1
14	294	314	1.72003	1.74835	0.000974875	1
14	295	260	2.05321	2.22169	0.00471266	1
14	296	3403	2.65485	2.68249	0.00275227	1
14	297	1085	9.52196	9.48107	0.00245869	1
14	298	4320	1.98569	2.01076	0.0024751	1
14	299	335	1.34413	1.35161	0.00337955	1
14	300	260	0.295945	0.286036	0.00123579	1
14	301	2038	6.15753	6.00449	0.00900056	1
14	302	8638	4.39417	4.36589	0.00781471	1
14	303	282	0.111313	0.088077	0.003067	1
14	304	3569	9.24979	9.36721	0.00318009	1
14	305	1848	4.63586	4.66289	0.00318329	1
14	306	637	1.93126	1.98416	0.00288376	1
14	307	99	0.0654821	0.077142	0.00148584	1
14	308	1812	4.18685	4.58202	0.0249887	0
14	309	339	1.50951	1.48489	0.00178433	1
14	310	9472	1.56977	1.39787	0.0170914	1
14	311	9778	4.7499	4.59117	0.02155	1
14	312	5728	6.25847	6.30361	0.00376018	1
14	313	216	2.85139	2.80289	0.003371	1
14	314	36	4.63966	4.65797	0.00210303	1
14	315	38	3.46763	3.4621	0.00579412	1
14	316	1673	1.67804	1.68134	0.00548392	1
14	317	3717	1.80002	1.85987	0.00275519	1
14	318	3717	4.308	4.51151	0.00341961	1
14	319	446	8.53706	8.70394	0.0082228	1
14	320	446	3.7421	4.02076	0.00545753	1
14	321	20744	10.3942	10.2119	0.00260668	1
14	322	284	4.42118	4.31434	0.00140924	1
14	323	4706	7.92112	8.00996	0.0035217	1
14	324	446	3.25923	3.17541	0.0138094	1
14	325	446	0.729657	0.794243	0.00543298	1
14	326	3717	2.72214	2.60021	0.00371878	1
14	327	3717	3.10992	3.14523	0.0028582	1
14	328	476	4.42646	4.43782	0.00219247	1
14	329	39653	1.39419	1.3218	0.00393517	1
14	330	1206	0.316001	0.31218	0.00362916	1
14	331	476	0.298295	0.307205	0.00109968	1
14	332	436	0.842736	0.833994	0.000830365	1
14	333	2855	2.32085	2.34553	0.0024933	1
14	334	411	0.473258	0.549623	0.00684979	1
14	335	28242	6.69196	6.70626	0.00226903	1
14	336	45701	4.5574	4.46626	0.00340032	1
14	337	426	4.42451	4.45048	0.00363505	1
14	338	39010	5.52381	5.27395	0.00492322	1
14	339	4260	6.1216	6.00189	0.00870809	1
14	340	3297	1.02532	1.07659	0.0018002	1
14	341	28242	5.09338	5.051	0.00480646	1
14	342	697	1.69557	2.07242	0.0169888	1
14	343	36020	5.56169	5.49349	0.00354946	1
14	344	254	4.32772	4.23284	0.00503254	1
14	345	3297	0.600872	0.63228	0.0016197	1
14	346	1065	5.83461	5.86442	0.00153317	1
14	347	7089	4.66018	4.68914	0.00471069	1
14	348	442	4.66492	4.61842	0.00608487	1
14	349	277	4.28347	4.42205	0.00680893	1
14	350	2347	5.99179	5.92151	0.00981328	1
14	351	3297	0.536858	0.616145	0.00487182	1
14	352	12404	10.6318	10.6716	0.00201322	1
14	353	276	7.73548	7.86977	0.00500336	1
14	354	659	3.94302	3.96513	0.00699974	1
14	355	1520	7.68243	7.82132	0.00647175	0
14	356	14884	2.49954	2.65771	0.010464	1
14	357	3297	0.895093	0.870725	0.00152256	1
14	358	26521	12.133	12.0564	0.00248031	1
14	359	2676	8.22444	8.31544	0.00992461	1
14	360	3297	2.62864	2.66794	0.0027851	1
14	361	284	2.34541	2.27912	0.00204927	1
14	362	624	8.76001	8.85474	0.00191372	0
14	363	11009	3.93865	3.96538	0.0072754	1
14	364	3297	3.21949	3.28169	0.00356403	1
14	365	9914	6.63425	6.75363	0.00278096	1
14	366	36317	8.98962	8.90628	0.00590631	1
14	367	284	2.20736	2.15154	0.00550493	1
14	368	428	5.42783	5.36567	0.00285312	1
14	369	8119	5.3539	5.41052	0.00543918	1
14	370	718	5.20075	5.1478	0.0083985	1
14	371	387	3.14031	3.20041	0.00812435	1
14	372	13627	0.339589	0.372654	0.00519908	1
14	373	1673	1.32866	1.41391	0.0139534	1
14	374	36317	9.21995	9.39831	0.00206078	1
14	375	3297	2.53092	2.59257	0.00798465	1
14	376	659	4.85144	4.83348	0.00947911	1
14	377	1520	0.036831	0.0548455	0.0041304	1
14	378	14884	0.000797004	0.000789089	2.20802e-06	1
14	379	3297	0.495606	0.533775	0.00175671	1
14	380	284	0.656662	0.540806	0.0103627	1
14	381	718	0.584959	0.546868	0.00353711	1
14	382	387	0.00690978	0.00690398	7.02004e-05	1
14	383	13627	0.00572396	0.00541791	0.00019742	1
14	384	761	4.20434	4.21994	0.00258917	1
14	385	27443	11.1438	11.1644	0.00215106	1
14	386	8168	4.25292	4.30928	0.00341635	1
14	387	1963	13.5531	13.6534	0.00164691	1
14	388	45212	0.777326	0.834806	0.00585443	1
14	389	637	1.67594	1.47265	0.0253505	0
14	390	99	0.118649	0.137259	0.00287706	1
14	391	2672	5.03345	4.99811	0.00302821	1
14	392	5380	3.32918	3.28493	0.00530928	1
14	393	1900	4.88809	4.51169	0.00900069	1
14	394	735	0.0061249	0.00625144	3.63931e-05	1
14	395	3297	1.30463	1.31717	0.00139574	1
14	396	476	0.583679	0.571421	0.00157242	1
14	397	1812	4.97543	4.95204	0.00317755	1
14	398	26504	5.34083	5.38077	0.00268535	1
14	399	1206	0.639182	0.623396	0.00174988	1
14	400	25805	4.37295	4.19101	0.00878162	1
14	401	476	0.426896	0.439701	0.00182438	1
14	402	3297	1.29881	1.44049	0.00475239	1
14	403	476	0.216108	0.224026	0.000927176	1
14	404	1963	4.95194	4.89166	0.0051484	0
14	405	38551	4.36174	4.24827	0.00350528	1
14	406	476	2.03802	2.07141	0.00334823	1
14	407	3297	0.600429	0.629273	0.000989974	1
14	408	284	0.706267	0.692299	0.000418804	1
14	409	476	0.126522	0.138177	0.00127417	1
14	410	16829	5.87832	5.97834	0.00338602	1
14	411	2445	7.06252	7.11355	0.00565152	1
14	412	1046	3.95973	4.04743	0.00456318	1
14	413	637	4.39551	4.61598	0.00597186	1
14	414	257	0.10296	0.0932907	0.00074539	1
14	415	8124	3.23566	3.48879	0.0128371	1
14	416	476	0.56125	0.573215	0.00151962	1
14	417	1673	1.20187	1.18424	0.00105648	1
14	418	533	3.8075	3.84714	0.00219556	1
14	419	4124	6.13851	6.1001	0.00549277	1
14	420	216	0.376421	0.32422	0.00385862	1
14	421	34	0.108588	0.0974959	0.000620965	1
14	422	32	0.00157353	0.0015215	2.24229e-06	1
14	423	33	0.298258	0.283803	0.000313251	1
14	424	34	1.7177	1.75517	0.000444828	1
14	425	3297	0.532206	0.609485	0.00459263	1
14	426	378	4.15304	4.28228	0.00281748	1
14	427	18994	7.06194	7.09749	0.00158133	1
14	428	3213	2.48703	2.39917	0.0053034	0
14	429	338	0.254607	0.234517	0.00235046	1
14	430	15399	8.02654	8.20077	0.0049361	1
14	431	21679	0.900506	0.725427	0.0186954	1
14	432	478	0.000395881	0.000557155	3.53573e-05	1
14	433	3297	2.93957	2.96301	0.00422357	1
14	434	260	3.17491	3.32916	0.005171	1
14	435	1528	3.1449	3.0675	0.00395821	1
14	436	637	0.0924297	0.0877142	0.000287718	1
14	437	99	0.0824353	0.079377	0.000501769	1
14	438	8864	1.43634	1.4467	0.00225641	1
14	439	3297	0.337804	0.321611	0.00187832	1
14	440	761	0.734759	0.700855	0.0022752	1
14	441	12594	8.39167	8.35418	0.00291095	1
14	442	7411	11.3019	11.2324	0.00424238	1
14	443	4956	2.45405	2.5404	0.00257288	1
14	444	35341	0.867555	0.784633	0.00276182	1
14	445	288	0.735811	0.663922	0.00599936	1
14	446	13384	7.82683	7.92418	0.00833992	1
14	447	327	1.1355	1.19487	0.00306933	0
14	448	1898	10.9091	10.9257	0.00184953	1
14	449	335	0.753368	0.761237	0.000885297	1
14	450	1963	4.51639	4.57358	0.00156886	1
14	451	45212	0.10998	0.0969918	0.00127547	1
14	452	637	0.355995	0.344577	0.00299057	1
14	453	99	0.107676	0.132914	0.00367214	1
14	454	1796	3.47199	3.44423	0.0029347	1
14	455	21613	1.11384	1.1782	0.00294207	1
14	456	1673	1.52477	1.55483	0.00599482	1
14	457	36317	3.03531	2.76402	0.00761431	1
14	458	1137	5.30887	5.07497	0.00581236	1
14	459	3297	4.09522	4.32384	0.0048496	1
14	460	476	0.201001	0.203957	0.000846393	1
14	461	657	3.47845	3.56255	0.00462898	1
14	462	637	1.88174	2.1066	0.00817292	1
14	463	99	0.00498024	0.00614506	0.000144679	1
14	464	1070	6.04909	5.91619	0.00281706	1
14	465	288	1.16349	1.15683	0.00115422	1
14	466	820	2.99005	3.11144	0.00549703	1
14	467	480	4.59273	4.59034	0.00369737	1
14	468	19366	9.41024	9.39766	0.00368475	1
14	469	335	1.64491	1.65119	0.00302691	1
14	470	260	1.25847	1.26678	0.00263825	1
14	471	2477	5.01676	5.00749	0.00310616	1
14	472	1673	3.00218	3.02069	0.0102159	1
14	473	476	0.623205	0.661578	0.00226323	1
14	474	533	3.89809	3.85035	0.00532699	1
14	475	1706	2.98394	2.86585	0.00624718	1
14	476	3297	0.773527	0.70993	0.00298806	0
14	477	260	1.45671	1.46321	0.00481043	1
14	478	2524	6.52795	6.5373	0.00518851	1
14	479	3213	2.73929	2.65968	0.00213966	1
14	480	338	0.116383	0.0980924	0.00251963	1
14	481	5224	10.6659	10.6307	0.0040459	1
14	482	1881	4.54392	4.65874	0.0064925	1
14	483	17330	2.63573	2.83777	0.0110588	1
14	484	436	2.92416	2.96851	0.00244811	1
14	485	1891	3.85439	3.97458	0.00540907	1
14	486	335	0.723561	0.779422	0.0017851	1
14	487	9266	11.7201	11.5224	0.00222021	1
14	488	338	5.16173	5.10567	0.00212443	1
14	489	3249	2.31611	2.36192	0.00396516	1
14	490	7625	8.94141	8.94873	0.00418352	0
14	491	8478	1.74798	1.695	0.00821038	1
14	492	284	1.69636	1.54818	0.00761654	1
14	493	36020	11.0049	10.9182	0.00217492	1
14	494	254	0.206131	0.231635	0.00286463	1
14	495	1673	0.958442	0.910853	0.00284306	1
14	496	3717	2.40873	2.21156	0.00891931	1
14	497	476	2.17347	2.2283	0.00266555	1
14	498	39653	3.152	3.17076	0.00431619	1
14	499	1206	0.234825	0.241746	0.000610308	1
14	500	476	0.12012	0.115527	0.000473083	1
14	501	436	0.462699	0.532076	0.00497228	1
14	502	5958	5.53298	5.56632	0.00274207	1
14	503	347	1.16197	1.10625	0.0036013	0
14	504	260	0.495211	0.486191	0.000831493	1
14	505	1796	3.15787	2.98364	0.00501303	1
14	506	2038	6.85879	6.6916	0.00838955	1
14	507	2244	2.34538	2.46333	0.00562994	1
14	508	284	4.72119	4.61712	0.00267767	1
14	509	3464	4.93341	4.85952	0.00777755	1
14	510	3113	5.83369	5.88673	0.0054278	1
15	256	4109	6.66946	6.74545	0.00355433	1
15	257	282	0.930311	0.901267	0.00288688	1
15	258	414	5.91485	5.77821	0.00211359	1
15	259	36	4.57596	4.36026	0.00671026	1
15	260	288	0.769467	0.754753	0.0021914	1
15	261	340	3.55915	3.51036	0.00151865	1
15	262	35712	11.6308	11.5441	0.00296784	1
15	263	124	3.22889	3.24125	0.00847704	1
15	264	216	1.85083	1.9818	0.0044273	1
15	265	38	2.38649	2.28015	0.00728258	1
15	266	1673	1.46665	1.49234	0.00488996	1
15	267	21889	8.73673	8.72811	0.00252525	1
15	268	8585	0.602298	0.767076	0.0149319	0
15	269	2978	1.14131	1.18829	0.00264565	1
15	270	15987	4.55599	4.56049	0.00442658	1
15	271	12345	4.1688	4.15785	0.0039013	1
15	272	3297	0.614853	0.695873	0.00478163	1
15	273	15717	3.94307	3.9498	0.00548227	1
15	274	3204	9.4095	9.23414	0.00186463	1
15	275	284	1.4082	1.42194	0.000508198	1
15	276	18325	3.55724	3.5332	0.00275029	1
15	277	781	0.0321341	0.0300829	0.000300275	1
15	278	1673	0.804984	0.837164	0.00298444	1
15	279	25012	6.12833	6.02397	0.00308198	1
15	280	281	2.77006	2.81713	0.00242025	1
15	281	260	1.5296	1.58445	0.00610986	1
15	282	1646	4.76506	4.79885	0.00389482	1
15	283	282	0.0435745	0.038034	0.000595529	1
15	284	414	2.52898	2.55796	0.000686102	1
15	285	1739	2.65843	2.596	0.0109189	0
15	286	3297	0.212816	0.23352	0.00241435	1
15	287	260	0.348306	0.347622	0.0010486	1
15	288	9713	7.55679	7.48226	0.000604126	1
15	289	314	0.878431	0.881951	0.00243791	1
15	290	932	6.05853	6.09338	0.00581304	1
15	291	281	1.82818	1.81876	0.00444685	1
15	292	1273	8.4469	8.29577	0.00420899	1
15	293	655	1.39065	1.53446	0.0102467	1
15	294	284	2.09236	1.94598	0.00461994	1
15	295	7488	6.13092	6.182	0.00273246	0
15	296	418	2.01276	2.04479	0.00217668	1
15	297	253	0.356369	0.370767	0.00145535	1
15	298	2365	3.16905	3.14576	0.00417107	1
15	299	216	2.286	2.38858	0.00261454	1
15	300	41	3.58411	3.53973	0.00127788	1
15	301	32	0.869186	0.894361	0.00462365	1
15	302	20849	1.93812	1.97553	0.00427205	1
15	303	567	0.0554655	0.0477404	0.000802543	1
15	304	8427	0.0285562	0.0314464	0.000440757	1
15	305	3297	3.02472	3.11739	0.00256857	1
15	306	2289	5.70997	5.66381	0.00592451	1
15	307	288	0.00814016	0.00938481	0.000139869	1
15	308	260	1.27624	1.10902	0.0118183	1
15	309	3182	6.92229	6.86664	0.0047786	1
15	310	7381	7.6462	7.72551	0.00670855	1
15	311	2477	0.303484	0.319429	0.00123407	1
15	312	2587	5.50731	5.58432	0.0036136	1
15	313	418	5.07769	5.04756	0.000944539	1
15	314	9778	5.80407	5.88791	0.0058327	1
15	315	19359	6.31116	6.18583	0.00588006	1
15	316	30	0.591011	0.579955	0.00139353	1
15	317	824	0.338387	0.366119	0.00293129	1
15	318	411	4.43179	4.34691	0.000863937	1
15	319	41508	3.18743	3.33796	0.0049687	1
15	320	2272	6.39965	6.52883	0.0006091	1
15	321	11133	7.41196	7.44905	0.0138853	1
15	322	70	0.127719	0.151682	0.00391669	1
15	323	9778	1.04473	1.09884	0.00448419	1
15	324	14336	3.89504	3.92749	0.0042153	1
15	325	1673	0.969181	1.03029	0.00296657	1
15	326	17775	11.383	11.3389	0.00130253	1
15	327	3297	1.04879	1.17534	0.00595	1
15	328	21169	9.03634	9.01975	0.00136772	1
15	329	11020	9.8328	9.96604	0.0141089	1
15	330	280	5.00397	5.31062	0.0134803	0
15	331	429	3.92043	3.97801	0.00799919	0
15	332	2018	6.34029	6.25323	0.00408649	1
15	333	33764	3.45935	3.39399	0.00644354	1
15	334	5332	3.74336	3.63821	0.00581834	0
15	335	338	0.468608	0.449733	0.000907636	1
15	336	260	0.643944	0.62903	0.00386893	1
15	337	4320	1.74425	1.78755	0.00222987	1
15	338	314	1.95232	1.87885	0.00360208	1
15	339	476	1.65824	1.78755	0.0056914	1
15	340	37428	9.23187	9.20903	0.00498902	1
15	341	11624	2.42648	2.40441	0.00351235	1
15	342	5557	9.88039	10.0185	0.00399055	1
15	343	476	9.10717	9.18048	0.00728785	1
15	344	1673	2.55585	2.60464	0.0066838	1
15	345	378	1.50789	1.53227	0.00264188	1
15	346	48566	7.24584	7.26393	0.00193164	1
15	347	2627	0.751454	0.805374	0.00383201	1
15	348	15472	10.8224	10.6582	0.00166531	1
15	349	260	1.48092	1.60851	0.00942138	1
15	350	19447	6.41733	6.40265	0.00433124	1
15	351	637	1.53163	1.59053	0.00337413	1
15	352	99	0.0406701	0.0447315	0.000414254	1
15	353	834	8.33787	8.33071	0.00669513	1
15	354	261	0.0530663	0.0691875	0.00214439	1
15	355	6584	0.00207195	0.00171183	4.20032e-05	1
15	356	351	0.19734	0.181236	0.00211497	1
15	357	253	1.62312	1.62964	0.00219542	1
15	358	1546	8.73224	8.5963	0.0055945	1
15	359	550	3.24901	3.30296	0.00719964	1
15	360	3297	1.0697	1.09969	0.00373385	1
15	361	284	1.85643	1.82707	0.00635264	1
15	362	18103	5.46439	5.09392	0.0121736	1
15	363	297	7.34357	7.26922	0.00266168	1
15	364	1110	2.46196	2.00479	0.0155614	1
15	365	1676	0.011624	0.00771741	0.000985941	1
15	366	3151	0.753924	0.705065	0.00720039	1
15	367	327	1.29336	1.29825	0.00353773	1
15	368	4287	3.1138	3.07111	0.00444715	1
15	369	25110	1.81047	1.71264	0.00544536	1
15	370	281	3.42066	3.42256	0.00224873	1
15	371	260	0.906741	0.911997	0.00260598	1
15	372	3204	7.53171	7.57557	0.00807893	1
15	373	476	1.27964	1.32718	0.00178382	1
15	374	1094	5.47389	5.4669	0.00520654	1
15	375	346	1.26321	1.17597	0.00487596	0
15	376	1326	3.53422	3.49703	0.00489874	1
15	377	16107	5.56806	5.6822	0.00145391	1
15	378	252	0.0635125	0.0557118	0.000581635	1
15	379	267	4.36336	4.27292	0.00296835	1
15	380	13506	0.0747063	0.0779492	0.000514629	1
15	381	1188	5.26586	5.24783	0.00555724	1
15	382	357	2.30917	2.21368	0.00320736	1
15	383	2890	5.76864	5.87354	0.00402689	1
15	384	2272	6.01611	6.10279	0.00530967	1
15	385	1350	4.484	4.55462	0.00582689	1
15	386	346	2.01426	1.96588	0.00294549	1
15	387	915	3.82115	3.55264	0.00509359	0
15	388	267	1.11934	1.14737	0.00173596	1
15	389	13506	0.00100043	0.00113267	1.43411e-05	1
15	390	1188	2.77408	2.62102	0.00389771	1
15	391	549	4.37478	4.62024	0.00119665	1
15	392	1478	1.54706	1.4892	0.0034721	1
15	393	2272	1.53522	1.56559	0.00282848	1
15	394	20428	9.46072	9.3351	0.00698997	1
15	395	1643	9.66203	9.48165	0.00749909	1
15	396	40782	4.69975	4.80028	0.00904473	0
15	397	3297	3.03949	3.09953	0.00472766	1
15	398	40782	3.10229	2.98913	0.00445955	1
15	399	3297	1.95776	2.07809	0.00771529	1
15	400	40782	1.16172	1.07264	0.0041088	1
15	401	3297	1.30957	1.41085	0.00508623	1
15	402	40782	0.692718	0.688255	0.00202289	1
15	403	3297	1.55639	1.59113	0.00412702	1
15	404	40782	0.513512	0.548762	0.00193583	1
15	405	1673	1.76182	1.74631	0.00310583	1
15	406	476	0.523721	0.47712	0.00371115	1
15	407	3717	2.60964	2.62783	0.00267902	1
15	408	476	5.7607	5.85821	0.0219798	1
15	409	39653	1.16873	1.33296	0.0100235	1
15	410	1206	0.0803389	0.0844515	0.000596314	1
15	411	476	0.103246	0.110364	0.000921038	1
15	412	436	2.6094	2.67431	0.00327095	1
15	413	876	6.53126	6.41268	0.00549977	1
15	414	3656	0.584193	0.610482	0.00221123	1
15	415	411	0.587306	0.555442	0.00203368	1
15	416	3912	7.53995	7.56569	0.00384949	1
15	417	2477	2.33035	2.36443	0.00748232	1
15	418	12815	1.11483	1.09383	0.00426045	1
15	419	3297	2.23639	2.29558	0.00229262	1
15	420	617	1.94322	1.9492	0.00445529	1
15	421	41850	12.1423	12.0112	0.00858672	1
15	422	335	1.40741	1.49372	0.00321971	1
15	423	624	1.47821	1.61482	0.00519488	1
15	424	2174	6.10132	6.07166	0.00451294	1
15	425	282	1.24933	1.25098	0.00217187	1
15	426	2262	2.47625	2.34311	0.00558104	1
15	427	1673	2.31894	2.50104	0.00883331	1
15	428	5148	7.87004	7.78945	0.00232473	1
15	429	45600	6.14566	6.07258	0.00354685	1
15	430	12662	0.0229386	0.030468	0.00135072	1
15	431	637	2.8219	3.06297	0.00330141	1
15	432	99	0.128268	0.124703	0.000566151	1
15	433	12711	6.48286	6.61509	0.00498138	1
15	434	27288	7.08473	7.06389	0.00463502	1
15	435	276	0.257631	0.320106	0.00878255	1
15	436	3297	2.51166	2.51178	0.00250545	1
15	437	617	0.943555	0.841275	0.00815506	1
15	438	24145	2.69612	2.68578	0.00257117	1
15	439	624	3.37835	3.46741	0.00194013	1
15	440	7634	8.13646	8.06419	0.00857894	1
15	441	3297	1.76778	1.79872	0.004325	1
15	442	284	0.153211	0.168029	0.00128918	1
15	443	18452	6.36826	6.40907	0.00273894	1
15	444	47428	7.63802	7.49306	0.00433927	1
15	445	282	2.56996	2.50172	0.000776518	1
15	446	8593	6.0512	6.09487	0.00405689	1
15	447	4265	0.00443884	0.00426455	8.33567e-05	1
15	448	3297	3.7588	3.6846	0.00349712	1
15	449	617	1.21961	1.49594	0.02629	1
15	450	16003	6.19586	6.39672	0.00251515	1
15	451	260	1.53426	1.55274	0.00180028	1
15	452	23439	5.59425	5.60723	0.00212059	1
15	453	3297	2.18761	2.36464	0.00407924	1
15	454	3873	3.52076	3.66451	0.0115309	1
15	455	476	3.78205	3.78014	0.00216822	1
15	456	39653	0.923034	0.839261	0.00538431	1
15	457	1206	0.241069	0.255881	0.00115531	1
15	458	476	0.137959	0.148676	0.000726201	1
15	459	347	0.058638	0.0621237	0.000292046	1
15	460	582	3.25001	3.32312	0.000886752	1
15	461	282	0.0422761	0.0497064	0.00072171	1
15	462	260	0.32047	0.297624	0.00151066	1
15	463	21613	3.6321	3.80912	0.0020224	1
15	464	637	0.279781	0.284822	0.000272864	1
15	465	99	0.00620707	0.00623732	3.01487e-05	1
15	466	9041	4.85362	4.77027	0.00265247	1
15	467	1673	0.435449	0.445495	0.00132916	1
15	468	5325	10.3901	10.5719	0.00576123	1
15	469	271	3.8251	3.6812	0.00447868	1
15	470	9133	5.19153	5.289	0.00734981	1
15	471	4298	4.00295	4.24173	0.00665186	1
15	472	271	0.148162	0.115229	0.00952365	1
15	473	327	6.45029	6.4555	0.00252025	1
15	474	378	2.11136	2.16807	0.00320575	1
15	475	22316	2.37061	2.23939	0.0078874	1
15	476	600	9.70814	9.68233	0.00396969	1
15	477	1753	0.0697618	0.0614928	0.00136279	1
15	478	260	0.665975	0.68482	0.00133311	1
15	479	4320	1.10002	1.15386	0.0013191	1
15	480	637	1.57518	1.56103	0.00254762	1
15	481	99	0.183998	0.179012	0.00163447	1
15	482	32777	7.29974	7.242	0.00471645	1
15	483	347	2.82764	2.85021	0.00653876	1
15	484	476	1.04213	1.07575	0.00136165	1
15	485	1759	8.05016	8.03145	0.00414634	1
15	486	288	1.33581	1.51857	0.00923993	1
15	487	37866	9.21427	9.20879	0.0067363	0
15	488	14275	0.0702492	0.0779892	0.000768508	1
15	489	429	3.67235	3.55849	0.00588505	1
15	490	469	1.36843	1.42458	0.00530123	1
15	491	2106	2.48412	2.43332	0.00455617	1
15	492	476	2.85022	2.98523	0.00516962	1
15	493	1673	0.649687	0.635787	0.00322443	1
15	494	6356	6.34267	6.3602	0.00241026	1
15	495	13227	8.08256	8.06886	0.00611773	1
15	496	7450	7.78558	7.97836	0.00881328	1
15	497	282	1.16659	1.17812	0.00117844	1
15	498	9116	7.44123	7.49891	0.0018629	1
15	499	41042	3.40091	3.55366	0.0077921	1
15	500	5332	1.98359	1.92965	0.00286638	1
15	501	260	2.93716	2.9407	0.000622796	1
15	502	4956	1.18397	1.23024	0.00185962	1
15	503	637	1.08316	1.07371	0.00396504	1
15	504	99	0.0989323	0.109291	0.000730052	1
15	505	6717	10.3421	10.3007	0.00372012	1
15	506	288	2.00175	1.80558	0.00419821	1
15	507	1438	3.253	3.31896	0.00442218	1
15	508	354	2.04621	2.04786	0.00095435	1
15	509	3113	4.10893	3.97801	0.00437847	1
15	510	5380	0.541245	0.545794	0.00303085	1
16	256	1797	2.07124	2.08602	0.00118262	1
16	257	8378	0.0228094	0.0194882	0.000300543	1
16	258	1673	0.113813	0.109785	0.000327687	1
16	259	1985	3.86218	3.85105	0.00386861	1
16	260	260	1.71987	1.75882	0.00201123	1
16	261	2605	4.34143	4.36703	0.00235785	1
16	262	10808	0.181001	0.174866	0.00126739	1
16	263	216	0.0227023	0.021387	0.000130741	1
16	264	33	0.845889	0.844216	0.000457649	1
16	265	40	2.38786	2.31781	0.00226875	1
16	266	4745	1.90317	1.89159	0.00355141	1
16	267	216	0.02287	0.0219975	9.86289e-05	1
16	268	34	0.00163355	0.00160697	2.54955e-06	1
16	269	32	0.000254232	0.00026376	4.21247e-07	1
16	270	33	0.00356427	0.00302574	4.62763e-05	1
16	271	34	0.385233	0.392843	0.000429004	1
16	272	3297	0.330484	0.313389	0.000665697	1
16	273	476	2.20446	2.22348	0.00241833	1
16	274	39653	0.0454078	0.0365831	0.00126688	1
16	275	1206	0.162839	0.138003	0.0047297	1
16	276	476	0.07823	0.071289	0.000664206	1
16	277	2802	5.5889	5.60759	0.00211072	1
16	278	5287	0.000247796	0.000222934	3.21369e-06	1
16	279	418	0.289428	0.292737	0.000539727	1
16	280	1230	0.0857479	0.0954446	0.000874598	1
16	281	216	0.545303	0.579245	0.00174255	1
16	282	41	2.72562	2.70856	0.000125939	1
16	283	32	3.113	3.0865	0.004385	1
16	284	335	0.664087	0.652967	0.0052572	1
16	285	260	0.0480658	0.0511322	0.000302256	1
16	286	1797	4.34773	4.48029	0.00326428	1
16	287	1918	0.87995	1.01144	0.00556419	1
16	288	8593	2.49401	2.49388	0.000954785	1
16	289	4265	0.000879272	0.000916232	5.58226e-06	1
16	290	12399	0.125753	0.136959	0.00118893	1
16	291	216	0.572881	0.618809	0.00450575	1
16	292	33	0.00117239	0.00153885	0.000113341	1
16	293	32	0.000408017	0.000681018	6.63808e-05	1
16	294	32	0.000309849	0.000521673	8.38379e-05	1
16	295	1568	12.0212	11.882	0.00990321	1
16	296	288	0.0300863	0.0341736	0.000451295	1
16	297	3182	10.3844	10.3156	0.00505324	1
16	298	6097	2.88188	2.92415	0.00162328	1
16	299	7122	1.75081	1.57032	0.0108048	0
16	300	429	4.81132	4.77785	0.00295816	1
16	301	624	2.38302	2.29582	0.00416997	1
16	302	1958	7.43824	7.53994	0.00619149	1
16	303	21613	0.815483	0.851827	0.00285864	1
16	304	1673	0.858916	0.909585	0.00254777	1
16	305	1032	5.11876	5.1392	0.00784123	1
16	306	253	2.31747	2.22257	0.00236284	1
16	307	966	0.898484	0.950968	0.00700645	1
16	308	282	0.729383	0.691454	0.00140718	1
16	309	354	4.84457	5.00999	0.00207739	1
16	310	476	4.37682	4.4921	0.00286043	1
16	311	1112	8.20892	8.14088	0.00520081	1
16	312	3394	5.22865	5.2916	0.00786906	1
16	313	29	0.0741148	0.0691334	0.000650157	1
16	314	48	0.0572199	0.0649328	0.00055884	1
16	315	282	3.49597	3.65846	0.00695453	1
16	316	3394	6.30174	6.54635	0.00918682	1
16	317	29	0.0953075	0.114243	0.0023628	1
16	318	48	0.0131724	0.0146986	0.000113936	1
16	319	713	7.42412	7.49516	0.00701197	0
16	320	6097	11.5092	11.9276	0.00546227	1
16	321	17169	5.79869	5.62362	0.0059802	0
16	322	476	1.87607	1.96571	0.00978183	1
16	323	335	2.9438	3.10382	0.00295145	1
16	324	260	1.47991	1.49536	0.00146265	1
16	325	2605	2.57778	2.60209	0.00456467	1
16	326	10808	0.145462	0.138269	0.00108961	1
16	327	216	0.0318147	0.0295002	0.00018121	1
16	328	35	2.19313	2.20972	0.000672321	1
16	329	32	0.810813	0.802333	0.00209757	1
16	330	4645	1.72531	1.67815	0.000439907	1
16	331	216	0.0201469	0.0184557	0.000149498	1
16	332	34	0.00283571	0.00260417	1.03163e-05	1
16	333	32	0.000188367	0.000173174	7.8104e-07	1
16	334	33	0.0150976	0.0140719	3.8254e-05	1
16	335	34	0.213383	0.191584	0.00164608	1
16	336	3297	0.106153	0.103507	0.000292623	1
16	337	260	1.29232	1.3174	0.00595052	1
16	338	4320	2.44267	2.4255	0.000635514	1
16	339	298	5.62727	5.75002	0.0033345	0
16	340	3394	19.2212	18.9498	0.00708382	1
16	341	29	0.00727791	0.00796438	0.000108763	1
16	342	48	0.0141779	0.0113056	0.000522625	1
16	343	7999	9.18596	9.24757	0.00575568	1
16	344	260	1.63039	1.72119	0.00381066	1
16	345	12399	4.42406	4.58519	0.00695514	1
16	346	216	0.0624455	0.0514915	0.0016491	1
16	347	33	0.0370141	0.040658	0.000183242	1
16	348	32	0.0219929	0.0251821	0.000247681	1
16	349	32	0.0107726	0.0124421	0.000266602	1
16	350	418	0.752135	0.764813	0.00416832	1
16	351	1230	0.135603	0.143153	0.000737077	1
16	352	216	0.0776891	0.0765774	0.000335049	1
16	353	40	2.28504	2.368	0.0030286	1
16	354	35	2.47942	2.50447	0.00157205	1
16	355	1673	0.465103	0.535987	0.00574944	1
16	356	2550	4.80114	4.84664	0.00341966	1
16	357	260	2.45349	2.49517	0.00213385	1
16	358	16799	9.25057	9.22373	0.003218	1
16	359	2477	4.41669	4.36329	0.00348642	1
16	360	3341	0.262263	0.270177	0.00171175	1
16	361	436	1.89332	1.85194	0.00378255	1
16	362	5118	0.34823	0.320821	0.00260679	1
16	363	3297	0.9554	1.00019	0.00199104	1
16	364	260	1.28306	1.23181	0.00263518	1
16	365	4956	1.89777	1.92887	0.00113037	1
16	366	298	3.40439	3.4192	0.00262615	1
16	367	3394	2.23566	2.29929	0.00164456	1
16	368	29	0.000552101	0.000508275	8.99316e-06	1
16	369	48	0.00120897	0.00130161	4.59933e-06	1
16	370	7999	1.52508	1.42502	0.00493626	1
16	371	260	0.774954	0.91492	0.00884997	0
16	372	12399	1.53186	1.62288	0.00421348	1
16	373	216	0.0225919	0.017352	0.000903382	1
16	374	33	0.101276	0.117838	0.00125841	1
16	375	32	0.0125187	0.0127288	7.99912e-05	1
16	376	32	0.0144125	0.0180669	0.000503251	1
16	377	418	0.192663	0.2153	0.00162374	1
16	378	1230	0.0777021	0.0799294	0.000293711	1
16	379	216	0.0261459	0.0239455	0.000138734	1
16	380	38	2.34124	2.44297	0.0022341	1
16	381	37	2.31305	2.35293	0.00296424	1
16	382	1673	0.51648	0.593642	0.00519229	1
16	383	476	2.22119	2.28547	0.00378417	1
16	384	39653	0.0370771	0.0338884	0.000455914	1
16	385	1206	0.0429915	0.0455588	0.000293797	1
16	386	476	0.0552029	0.0535426	0.000350629	1
16	387	761	4.41957	4.4723	0.00373202	0
16	388	3459	4.27654	4.13499	0.00198183	1
16	389	216	1.30282	1.39028	0.00325012	0
16	390	34	1.82964	1.85213	0.00121868	1
16	391	32	2.5372	2.48582	0.00105935	1
16	392	39	3.91832	3.92023	0.00666478	0
16	393	3394	10.6425	10.5367	0.00186321	1
16	394	28	9.63008	9.76313	6.77421e-05	1
16	395	48	14.3118	14.4179	0.000429296	1
16	396	216	2.51485	2.59077	0.00391621	1
16	397	32	3.66395	3.6682	0.00139168	1
16	398	32	1.33301	1.49221	0.00753911	1
16	399	32	0.118128	0.147832	0.0033274	1
16	400	3182	7.39017	7.31355	0.00481088	1
16	401	34171	0.385876	0.441355	0.00408513	1
16	402	281	1.92992	1.95973	0.00308616	1
16	403	260	0.88906	0.904842	0.00154259	1
16	404	2038	2.30565	2.32068	0.00185393	1
16	405	411	6.49809	6.6376	0.00266448	1
16	406	216	1.56548	1.44991	0.00329948	1
16	407	33	1.32256	1.31114	0.000188971	1
16	408	40	2.40797	2.36023	0.000731361	1
16	409	4450	1.41937	1.42383	0.00418891	1
16	410	216	0.0488724	0.0420403	0.00103356	1
16	411	34	0.00363484	0.00311125	4.44336e-05	1
16	412	32	0.000204991	0.000198928	6.88535e-07	1
16	413	33	0.0149287	0.0147765	4.5962e-06	1
16	414	35	0.224596	0.231606	0.000188202	1
16	415	1673	0.516622	0.5307	0.000688763	1
16	416	378	2.11767	2.03992	0.00316418	1
16	417	2244	1.75221	1.7556	0.00323235	1
16	418	5354	8.28854	8.17134	0.00315469	1
16	419	38237	2.55932	2.55923	0.00172577	1
16	420	418	0.0265776	0.0273466	0.000209478	1
16	421	1230	0.164184	0.180608	0.00103525	1
16	422	216	0.175484	0.144997	0.00308299	1
16	423	36	2.39393	2.40342	0.000140409	1
16	424	38	2.58532	2.66407	0.0013634	1
16	425	335	0.760908	0.854156	0.00647996	1
16	426	260	0.0910078	0.0886171	0.00112149	1
16	427	12399	1.84359	1.8222	0.00471952	1
16	428	216	0.0247348	0.0211259	0.000498002	1
16	429	33	0.0335108	0.0384059	0.000428728	1
16	430	32	0.00200596	0.00214516	1.27111e-05	1
16	431	32	0.00161136	0.00188925	3.75985e-05	1
16	432	284	3.56322	3.4563	0.00402606	1
16	433	436	2.57491	2.59915	0.00338326	1
16	434	14348	3.81496	3.86256	0.00329406	1
16	435	4231	2.79184	2.8306	0.00674129	1
16	436	411	0.555137	0.600216	0.00223582	1
16	437	260	0.96547	0.99834	0.00303378	1
16	438	44427	0.997776	0.882762	0.00627926	1
16	439	15004	0.0242466	0.0193717	0.000744189	1
16	440	4846	0.0711119	0.0617954	0.00148876	1
16	441	282	0.24177	0.255316	0.000732186	1
16	442	2493	0.0117139	0.011872	0.000297056	1
16	443	365	1.34904	1.41254	0.00129707	1
16	444	45986	6.62814	6.50056	0.00733085	1
16	445	6676	0.00191694	0.00233712	6.02747e-05	1
16	446	2481	0.150382	0.170236	0.00167142	1
16	447	335	1.07367	1.14291	0.00211073	1
16	448	216	0.254548	0.261292	0.000576131	1
16	449	34	1.09427	1.08434	0.000915138	1
16	450	37	2.44632	2.46575	0.000317986	1
16	451	4124	2.99123	3.05892	0.00143661	1
16	452	216	0.0222226	0.0230645	9.95425e-05	1
16	453	34	0.00713527	0.00705715	1.27824e-06	1
16	454	32	0.000201464	0.000194213	6.29618e-07	1
16	455	33	0.00975352	0.00914728	2.09736e-05	1
16	456	35	0.354815	0.363209	0.000620641	1
16	457	3297	2.75369	2.69063	0.000565103	1
16	458	44251	7.94079	7.9586	0.00485224	1
16	459	42149	14.3187	14.1615	0.00370999	1
16	460	282	0.669078	0.644814	0.0019218	1
16	461	216	2.19208	2.23773	0.00342332	1
16	462	37	2.02666	2.0015	0.000958509	1
16	463	32	1.30022	1.29839	0.00175458	1
16	464	32	0.491918	0.516403	0.00130607	1
16	465	3394	5.77349	5.70191	0.00541531	1
16	466	28	1.16473	1.16672	0.00451978	1
16	467	48	1.07507	0.975041	0.00523502	1
16	468	216	0.248861	0.217068	0.00324685	1
16	469	32	0.168236	0.170828	0.000244094	1
16	470	32	0.0245802	0.0241672	5.60631e-05	1
16	471	32	0.00582638	0.00646418	4.40793e-05	1
16	472	10017	3.09285	3.13477	0.00320356	1
16	473	1673	1.20539	1.26941	0.00293327	1
16	474	3717	2.28776	2.4783	0.00668543	1
16	475	378	5.97856	5.80606	0.00586089	1
16	476	4956	1.81666	1.89196	0.00196244	1
16	477	2163	4.30779	4.37903	0.00295102	1
16	478	1963	6.30867	6.22895	0.00258163	1
16	479	45212	0.258114	0.216619	0.00696862	1
16	480	637	0.182922	0.185176	0.000221254	1
16	481	99	0.0191142	0.0209684	0.000199328	1
16	482	8629	2.97502	2.93933	0.00133852	1
16	483	1466	1.32827	1.30753	0.00327762	1
16	484	3394	10.2313	10.2759	0.000556323	1
16	485	29	0.3431	0.304564	0.00387544	1
16	486	48	0.00440149	0.00423506	1.87607e-05	1
16	487	14510	13.2858	13.2435	0.0042339	1
16	488	5380	5.67687	6.0409	0.00742754	1
16	489	335	1.80328	1.84615	0.00293317	1
16	490	260	0.239881	0.207012	0.00446647	1
16	491	6805	6.95567	6.93316	0.0139785	1
16	492	12399	2.17097	2.18729	0.00303365	1
16	493	216	0.159935	0.149706	0.00151222	1
16	494	33	0.0168358	0.0184754	0.000142989	1
16	495	32	0.00102708	0.000819038	3.67605e-05	1
16	496	32	0.00206038	0.00201699	2.42821e-06	1
16	497	3297	2.03764	2.03844	0.00944809	1
16	498	610	4.88563	4.89686	0.00258798	1
16	499	894	0.0010184	0.00103624	2.22752e-05	1
16	500	418	0.026688	0.0268733	5.45894e-05	1
16	501	1230	0.209293	0.242161	0.00265644	1
16	502	216	0.291029	0.240474	0.00558697	1
16	503	35	2.20275	2.14419	0.00157733	1
16	504	32	2.33981	2.3828	0.0017134	1
16	505	1673	2.42108	2.44856	0.00182956	1
16	506	378	2.05541	1.94979	0.00258182	1
16	507	2244	1.44808	1.50138	0.00282193	1
16	508	5760	11.8961	11.8619	0.00323786	1
16	509	277	0.263127	0.294637	0.00183465	1
16	510	418	1.9864	2.00172	0.00243842	0
17	256	411	0.0488983	0.0547599	0.000461327	1
17	257	43969	9.83782	9.84899	0.00280489	1
17	258	276	1.43052	1.49095	0.00131096	1
17	259	20271	10.878	11.3827	0.0189495	1
17	260	478	2.45267	2.29343	0.00945981	1
17	261	3297	0.692017	0.768212	0.00831078	1
17	262	617	8.6896	8.60771	0.00279286	1
17	263	761	3.6078	3.5206	0.00460233	0
17	264	5094	1.10093	1.09448	0.00184888	1
17	265	9067	1.19606	1.16801	0.00195293	1
17	266	1963	10.305	10.3577	0.0114245	1
17	267	45212	1.75659	1.62921	0.00757648	1
17	268	637	4.06872	3.9612	0.00749681	1
17	269	99	0.164169	0.155942	0.000905834	1
17	270	2477	3.41414	3.48695	0.00280784	1
17	271	7785	1.47037	1.38988	0.0011931	1
17	272	327	1.7424	1.61312	0.00403799	1
17	273	476	2.72837	2.89958	0.00477387	1
17	274	16829	6.24485	6.20571	0.00388382	1
17	275	2445	9.64579	9.66999	0.00649831	1
17	276	1046	4.63821	4.71208	0.00358759	1
17	277	637	5.30899	5.64089	0.00757339	1
17	278	257	0.102225	0.0952963	0.000358688	1
17	279	8124	3.76996	3.85024	0.004264	1
17	280	476	0.569437	0.610925	0.00589702	1
17	281	284	0.494219	0.457974	0.00253778	1
17	282	476	0.08852	0.0826611	0.000603113	1
17	283	8728	6.55115	6.44788	0.00350314	1
17	284	13679	4.48565	4.60599	0.00790597	1
17	285	476	0.527801	0.492915	0.00226235	1
17	286	3297	0.64937	0.656032	0.0018418	1
17	287	436	1.97416	1.99022	0.00348717	1
17	288	2724	7.18545	7.22579	0.00440015	1
17	289	288	0.515826	0.503614	0.0012198	1
17	290	15544	3.77545	3.52713	0.00884468	1
17	291	260	0.456765	0.399177	0.00696661	1
17	292	1528	1.80938	1.73525	0.00335276	1
17	293	637	0.314942	0.313091	0.000294994	1
17	294	99	0.0269515	0.0248393	0.000252634	1
17	295	379	9.91329	9.92288	0.00420375	1
17	296	15092	0.800284	0.822382	0.00651249	1
17	297	11706	7.2735	7.15774	0.00502424	1
17	298	1673	2.58324	2.58016	0.00206947	1
17	299	28416	8.42579	8.54034	0.0017244	1
17	300	411	0.0402457	0.0365952	0.000281388	1
17	301	260	0.803365	0.759547	0.00315282	1
17	302	15491	9.40859	9.52882	0.0063421	1
17	303	27735	0.0149206	0.016109	0.000296034	1
17	304	3297	2.54159	2.54092	0.00190472	1
17	305	1202	13.4349	13.4288	0.00166699	1
17	306	37889	12.0753	11.9996	0.00877757	0
17	307	9411	6.33026	6.32346	0.00419678	1
17	308	3297	1.03691	1.02943	0.00161632	1
17	309	1573	8.87165	8.99112	0.00538324	1
17	310	21574	3.1569	2.99676	0.0083128	1
17	311	3297	2.98219	3.09702	0.0040993	1
17	312	284	0.459836	0.540042	0.00833571	1
17	313	2938	4.86554	4.76756	0.00407924	1
17	314	23677	4.61688	4.43957	0.00437548	1
17	315	3297	1.18813	1.1824	0.00290188	1
17	316	260	0.37201	0.377322	0.00238121	1
17	317	2477	1.982	1.85532	0.00317622	1
17	318	3341	0.0462195	0.046671	0.000139438	1
17	319	18103	5.68739	5.7324	0.00558618	1
17	320	476	5.09488	5.36642	0.0187483	1
17	321	253	5.41075	5.21861	0.0244221	1
17	322	939	9.19921	9.27306	0.00562594	1
17	323	286	1.09724	1.01064	0.00594765	1
17	324	33395	0.0617944	0.0420115	0.00714594	1
17	325	386	5.22108	5.14889	0.0115479	1
17	326	34909	0.763791	0.85176	0.005713	1
17	327	284	2.72556	2.53499	0.00678322	1
17	328	253	1.3897	1.4725	0.00374614	1
17	329	2938	7.56119	7.55724	0.00446921	1
17	330	1942	9.50502	9.53042	0.00481611	1
17	331	282	0.0704343	0.0763675	0.000555287	1
17	332	7963	9.10766	9.03767	0.00597569	1
17	333	96	2.29593	2.37456	0.0150469	1
17	334	476	2.47632	2.64806	0.00537004	1
17	335	3297	2.47875	2.51051	0.00376976	1
17	336	347	2.82307	2.93513	0.00364241	1
17	337	5332	8.04683	8.08693	0.00103602	1
17	338	411	0.357884	0.349028	0.000388737	1
17	339	20271	5.08942	5.73284	0.00702551	1
17	340	478	0.00450139	0.00486098	8.52682e-05	1
17	341	281	1.95482	2.12922	0.00635725	1
17	342	253	1.47143	1.56588	0.00365503	1
17	343	22446	10.2698	10.25	0.00320355	1
17	344	70	0.00382146	0.00312697	0.000133372	1
17	345	6231	2.80179	2.77126	0.00505532	1
17	346	5473	1.91986	1.96883	0.00213675	0
17	347	1673	0.951071	0.959343	0.00162496	1
17	348	3717	1.68802	1.74014	0.00309018	1
17	349	44638	15.8201	15.7984	0.000335961	1
17	350	411	1.4264	1.40683	0.0050578	1
17	351	4745	10.9095	10.844	0.00729186	1
17	352	216	0.820876	0.775891	0.00305239	1
17	353	34	0.677204	0.663715	0.000519012	1
17	354	32	0.797284	0.786717	0.000622218	1
17	355	33	0.486823	0.465557	0.000918002	1
17	356	34	1.27599	1.25022	0.00219909	0
17	357	3297	1.14701	1.12934	0.00312537	1
17	358	260	0.912785	0.877298	0.00569466	1
17	359	2477	1.37046	1.3833	0.00223673	1
17	360	3341	0.00794824	0.00832128	4.0892e-05	1
17	361	436	0.803502	0.806284	0.00244539	1
17	362	28832	12.5212	12.3063	0.00295714	1
17	363	3297	6.70736	6.69084	0.000457181	1
17	364	281	2.18144	2.12899	0.00271108	1
17	365	1545	6.0947	6.00082	0.00612737	1
17	366	22446	7.22075	7.07578	0.00487486	1
17	367	70	0.00230136	0.00237612	2.31834e-05	1
17	368	6231	0.431605	0.4196	0.00153891	1
17	369	11065	1.48529	1.54012	0.0040786	1
17	370	3297	0.895014	0.853145	0.00163033	1
17	371	347	0.276695	0.310632	0.00186267	1
17	372	476	1.27821	1.26062	0.00187582	1
17	373	7882	11.0708	11.0577	0.0041349	1
17	374	670	0.35484	0.374946	0.00223519	1
17	375	3534	4.63668	4.55189	0.00298719	1
17	376	392	2.47205	2.46627	0.00697947	1
17	377	637	3.86179	3.91657	0.00328487	1
17	378	307	0.0836594	0.0901979	0.000658086	1
17	379	2294	2.41236	2.50944	0.0034577	1
17	380	1092	0.896337	0.891404	0.00224214	1
17	381	476	0.659087	0.6049	0.00294472	1
17	382	411	4.14727	4.10674	0.00390467	1
17	383	1777	7.67612	7.70084	0.00327633	1
17	384	341	2.86711	2.72775	0.0120624	1
17	385	94	1.87254	1.84669	0.0103663	1
17	386	5149	3.61039	3.31149	0.0122089	1
17	387	1873	0.00691665	0.00428898	0.000829841	1
17	388	3297	1.49905	1.54998	0.00616572	1
17	389	347	4.44817	4.40115	0.00240265	1
17	390	476	2.43608	2.46782	0.00359312	1
17	391	253	1.67385	1.73417	0.00289484	1
17	392	2341	5.30279	5.38651	0.00454077	0
17	393	282	0.43483	0.432546	0.00126846	1
17	394	1759	6.00765	5.6651	0.00650728	1
17	395	746	0.0754454	0.0812599	0.000987536	1
17	396	476	1.96299	1.92642	0.00534815	1
17	397	411	0.431347	0.44871	0.00125633	1
17	398	47428	12.0001	11.8794	0.00688826	1
17	399	3297	2.27222	2.4258	0.0104562	1
17	400	347	0.821595	0.829786	0.00156994	1
17	401	476	0.191537	0.203527	0.0024075	1
17	402	6324	7.42717	7.44238	0.00219342	1
17	403	20802	7.69076	7.76159	0.00614924	0
17	404	7358	0.0110674	0.0122028	0.000419595	1
17	405	476	0.265325	0.244058	0.00313173	1
17	406	411	0.103743	0.11826	0.0012868	1
17	407	6912	7.07636	7.12917	0.002896	0
17	408	8581	3.22583	2.97187	0.00998542	1
17	409	92	0.0839891	0.0667461	0.00283962	1
17	410	8267	0.000671798	0.000479104	8.80569e-05	1
17	411	3297	0.439459	0.458297	0.000853647	1
17	412	284	1.21751	1.25291	0.00155579	1
17	413	347	0.507037	0.516582	0.00100856	1
17	414	476	0.19346	0.194923	0.000457825	1
17	415	339	7.69999	7.74037	0.00255019	1
17	416	7336	6.99169	7.03258	0.00543224	1
17	417	637	0.134651	0.162388	0.00255138	1
17	418	100	0.0653292	0.0616417	0.000457441	1
17	419	1643	3.36766	3.38252	0.00259093	1
17	420	933	8.43619	8.52682	0.00458491	0
17	421	357	3.24855	3.55066	0.0154507	1
17	422	637	1.22908	1.31998	0.0047036	1
17	423	99	0.00448363	0.00516493	6.92612e-05	1
17	424	6329	3.72404	3.82637	0.00605246	1
17	425	23399	7.97738	7.72037	0.00880546	0
17	426	3297	2.03234	2.06418	0.00245523	1
17	427	357	2.83349	2.73367	0.00784012	1
17	428	637	0.660581	0.696225	0.00279943	1
17	429	99	0.00447446	0.00424979	1.63321e-05	1
17	430	511	3.93282	3.90456	0.00353207	1
17	431	10663	9.21881	9.05429	0.00572808	1
17	432	3394	10.3846	10.5427	0.0147496	1
17	433	29	2.08528	1.97414	0.0163934	0
17	434	48	0.142478	0.172478	0.00407559	1
17	435	281	3.22746	3.32094	0.00582345	1
17	436	3394	7.44584	7.30581	0.0165656	1
17	437	29	0.758247	0.690628	0.00740846	1
17	438	48	0.0646041	0.0704059	0.00151734	1
17	439	31254	7.99396	7.98319	0.00753215	1
17	440	476	1.56219	1.44434	0.00558918	1
17	441	411	0.1767	0.172874	0.000476904	1
17	442	20271	6.58713	6.64025	0.00378537	1
17	443	478	0.00585677	0.00653156	7.5562e-05	1
17	444	1673	0.350684	0.323763	0.00216877	1
17	445	21125	11.2128	11.2587	0.00131198	1
17	446	89	2.3971	2.45935	0.00184043	1
17	447	1136	0.0554742	0.0802089	0.00596829	1
17	448	4969	7.21716	7.24583	0.00177006	1
17	449	335	0.782605	0.807892	0.00243533	1
17	450	717	5.51101	5.48839	0.00563541	1
17	451	3345	1.73162	1.88496	0.00785667	1
17	452	95	0.467297	0.430166	0.00450119	1
17	453	335	2.49721	2.69653	0.0111403	1
17	454	216	0.510441	0.512812	0.00115902	1
17	455	39	3.6104	3.69428	0.00157817	1
17	456	4450	1.21884	1.1809	0.00228397	1
17	457	216	0.0759147	0.0765788	0.000184619	1
17	458	34	0.00584326	0.00553686	1.64658e-05	1
17	459	32	0.00455707	0.00385382	6.42475e-05	1
17	460	33	0.0111058	0.00943171	0.000153907	1
17	461	35	0.353901	0.341275	0.000334346	1
17	462	3297	0.212394	0.204651	0.000491533	1
17	463	260	0.59947	0.648516	0.003613	1
17	464	2477	1.16904	1.23202	0.00154303	1
17	465	3341	0.00419388	0.00447138	1.83471e-05	1
17	466	21559	7.43405	7.32358	0.00311401	1
17	467	260	0.609704	0.576227	0.00224772	1
17	468	5975	2.86185	2.80872	0.00329535	1
17	469	14881	10.713	10.4503	0.00743929	1
17	470	896	9.35312	9.31284	0.00628188	1
17	471	9561	3.88174	3.87487	0.00727463	1
17	472	3560	6.41671	6.4675	0.00322816	1
17	473	253	1.49035	1.58021	0.00412148	1
17	474	2654	8.04905	8.00411	0.00373302	1
17	475	5078	0.958226	1.1172	0.0101469	1
17	476	3297	2.43988	2.53651	0.00386769	1
17	477	18180	6.602	6.51745	0.00598979	1
17	478	347	2.13539	2.20777	0.0014444	1
17	479	22088	6.45683	6.66439	0.00647228	1
17	480	3297	1.09785	1.11348	0.00189356	1
17	481	17057	5.05397	5.1117	0.00369947	1
17	482	366	0.0529603	0.0486218	0.000503572	1
17	483	3297	0.892594	1.01439	0.00598801	1
17	484	1011	4.15622	3.97136	0.00370467	1
17	485	3653	0.381088	0.331819	0.00661418	1
17	486	284	0.632592	0.592416	0.00127855	1
17	487	20759	11.2822	11.2848	0.00457501	0
17	488	366	2.73278	2.67756	0.00915304	1
17	489	1673	1.10331	1.06975	0.00230684	1
17	490	378	1.49924	1.56967	0.00195661	1
17	491	3341	1.33138	1.2518	0.00404279	1
17	492	3004	3.22059	3.09806	0.0052053	0
17	493	9561	5.15301	4.99029	0.00556081	1
17	494	23248	6.15587	6.44492	0.00536688	1
17	495	282	0.0309957	0.0314013	0.000207197	1
17	496	260	1.25663	1.30587	0.00459807	1
17	497	9411	3.53288	3.46391	0.00492973	1
17	498	2582	9.46663	9.35136	0.00599861	1
17	499	6125	2.53973	2.69198	0.00801976	1
17	500	3297	0.487941	0.45153	0.00434572	1
17	501	1626	5.98893	5.94612	0.00485307	1
17	502	42000	6.20775	6.35422	0.00757237	1
17	503	253	0.442416	0.495887	0.00781704	1
17	504	525	3.34068	3.25253	0.0113641	0
17	505	3234	0.0339737	0.0305068	0.000438107	1
17	506	3297	0.345705	0.403392	0.0047265	1
17	507	530	6.07944	6.16187	0.00313269	1
17	508	636	3.83381	4.02288	0.00856267	1
17	509	4404	2.25195	2.28152	0.00593755	1
17	510	8977	0.145317	0.129644	0.00263129	1
18	256	637	4.13219	4.12646	0.00412797	1
18	257	99	0.111256	0.0986272	0.00185376	1
18	258	42360	13.5618	13.34	0.00818559	1
18	259	9238	5.62658	5.54652	0.00599688	1
18	260	18260	7.32285	7.3128	0.00269744	1
18	261	1673	0.724672	0.800866	0.00701112	1
18	262	31584	10.6273	10.4514	0.0042386	1
18	263	5733	5.96599	5.98388	0.00395066	0
18	264	368	7.70452	7.74668	0.00670149	0
18	265	85	0.149282	0.121615	0.00496996	1
18	266	282	3.53553	3.6463	0.00342002	1
18	267	414	6.55664	6.43197	0.00285314	1
18	268	5728	9.23602	9.23243	0.00674916	1
18	269	8646	6.09408	6.09625	0.00610965	1
18	270	24145	6.39744	6.68806	0.0103175	1
18	271	624	4.94341	5.11812	0.000812962	1
18	272	476	1.05199	1.19058	0.00770208	1
18	273	18772	11.214	11.0592	0.00451845	1
18	274	28402	4.42701	4.36328	0.00406134	1
18	275	105	0.0358765	0.0339268	0.000407606	1
18	276	284	2.77984	2.73697	0.00306374	1
18	277	26963	8.22249	8.24222	0.00675717	0
18	278	39166	5.39482	5.4938	0.00465366	1
18	279	476	2.42248	2.40921	0.00451686	1
18	280	10009	10.7125	10.521	0.00717548	1
18	281	3297	2.01317	2.09238	0.00173654	1
18	282	284	1.97581	2.01077	0.00208262	1
18	283	22446	10.7531	10.8361	0.00460508	1
18	284	70	0.0143699	0.0141989	0.000111153	1
18	285	6231	3.94463	3.95254	0.00665443	1
18	286	637	2.33683	2.29451	0.00532221	1
18	287	99	0.869968	0.880368	0.00790826	1
18	288	530	5.82438	5.86671	0.00412571	1
18	289	406	5.54288	5.47918	0.00539929	1
18	290	572	0.225161	0.206772	0.00207739	1
18	291	94	0.0724943	0.0646357	0.000488169	1
18	292	717	5.90001	5.98023	0.00530727	0
18	293	6743	9.54303	9.55522	0.00591613	1
18	294	3873	3.72327	3.78267	0.00365932	1
18	295	260	1.06258	1.01622	0.000979303	1
18	296	16092	0.815885	0.796714	0.00127022	1
18	297	347	0.259484	0.253621	0.00088403	1
18	298	476	0.717581	0.786783	0.00346692	1
18	299	42114	14.6291	14.5408	0.00702382	1
18	300	1573	7.63492	7.68094	0.0077858	1
18	301	21574	2.80179	2.85967	0.00531116	1
18	302	476	2.3475	2.41653	0.00433825	1
18	303	1673	0.960459	1.08621	0.0112753	1
18	304	43798	10.2429	10.4503	0.0115879	1
18	305	678	5.37939	5.47985	0.00386971	1
18	306	524	3.4105	3.48632	0.00540284	1
18	307	3297	2.25007	2.16557	0.0028451	1
18	308	2385	6.16693	6.09256	0.00610234	1
18	309	327	0.33581	0.320456	0.000673186	1
18	310	42693	10.5887	10.4846	0.00339106	1
18	311	34	2.0168	2.11578	0.0118253	1
18	312	269	0.556902	0.503782	0.00838014	1
18	313	3297	1.1143	1.07565	0.00371879	1
18	314	436	4.02378	3.97378	0.00367773	1
18	315	14058	5.67271	5.74188	0.0028414	0
18	316	338	1.11271	1.0016	0.00791839	1
18	317	1980	10.8582	10.8462	0.0015378	1
18	318	7956	2.43724	2.30808	0.00626308	1
18	319	260	0.432552	0.430282	0.000854705	1
18	320	476	5.7751	5.82761	0.00109176	1
18	321	39166	9.63997	9.70248	0.00396164	1
18	322	476	2.61496	2.8611	0.00855774	1
18	323	2477	3.90654	3.78114	0.00284851	1
18	324	3341	0.0476144	0.0441018	0.000413182	1
18	325	3297	0.802818	0.849785	0.00354583	1
18	326	260	1.76729	1.73977	0.00453916	1
18	327	19761	2.72552	2.58203	0.00610165	1
18	328	868	3.35124	3.3692	0.000808721	1
18	329	457	3.85012	3.88596	0.00347382	1
18	330	253	2.50947	2.49035	0.00621324	1
18	331	1759	5.23707	5.01558	0.00436156	1
18	332	655	0.0696571	0.0654062	0.000505593	1
18	333	510	7.11779	7.19245	0.00547362	1
18	334	1418	0.225004	0.262272	0.00287507	1
18	335	644	2.79469e-05	2.13097e-05	1.39696e-06	1
18	336	260	1.04146	1.04465	0.00506966	1
18	337	1528	2.47042	2.49961	0.00376621	1
18	338	1673	0.830431	0.782572	0.00271733	1
18	339	35417	10.9013	10.9674	0.0035853	1
18	340	6172	1.20019	1.39967	0.0111345	1
18	341	7817	7.9135	8.00432	0.00531486	1
18	342	3297	2.03313	2.19261	0.0140086	1
18	343	260	2.50766	2.52595	0.00165101	1
18	344	6112	8.0759	8.14858	0.00612611	1
18	345	327	0.802313	0.834538	0.00138075	1
18	346	10677	6.93916	6.98525	0.00353201	1
18	347	11900	0.297334	0.274264	0.00323376	1
18	348	7790	1.35212	1.30159	0.00465933	1
18	349	3297	0.555008	0.524291	0.0033541	1
18	350	600	6.12606	6.07109	0.0026622	1
18	351	1753	0.0645504	0.0599684	0.00114035	1
18	352	260	0.188801	0.17959	0.000629917	1
18	353	1528	4.00655	4.05899	0.00177728	1
18	354	327	1.35823	1.3731	0.00440258	1
18	355	476	1.59354	1.6258	0.00238014	1
18	356	1953	3.38315	3.30122	0.00363974	1
18	357	253	1.49625	1.49777	0.00207408	1
18	358	21760	5.92706	5.8381	0.00340669	1
18	359	1109	3.7255	3.61263	0.00456955	1
18	360	655	3.38323	3.48592	0.00466079	1
18	361	476	0.87989	0.924976	0.00283785	1
18	362	3297	2.99385	3.06611	0.00286144	1
18	363	2161	8.331	8.44933	0.00360313	1
18	364	670	0.0560344	0.0545682	0.000190659	1
18	365	2045	6.07764	6.02962	0.00865457	1
18	366	738	3.35557	3.33334	0.00558879	1
18	367	260	0.664236	0.657571	0.00235831	1
18	368	19975	0.439035	0.424808	0.00223663	1
18	369	1673	1.58124	1.59242	0.00340671	1
18	370	3717	1.07872	1.22623	0.00766099	1
18	371	3717	5.32296	5.30759	0.002516	1
18	372	446	8.4707	8.70574	0.00601656	1
18	373	446	3.38157	3.43243	0.00307762	1
18	374	16829	12.4035	12.1971	0.0053177	1
18	375	13171	8.31272	8.36413	0.00537501	1
18	376	446	4.30604	4.24432	0.00301062	1
18	377	446	0.343586	0.346251	0.00221798	1
18	378	3717	2.89722	3.10791	0.00277741	1
18	379	3717	4.35903	4.56804	0.00365646	1
18	380	1032	5.39821	5.42589	0.00367268	1
18	381	599	3.28365	3.24695	0.00572075	1
18	382	282	0.00616771	0.00598246	4.01832e-05	1
18	383	624	2.39435	2.47974	0.00173159	1
18	384	13246	5.09418	5.15498	0.00318886	0
18	385	3297	4.06942	4.24405	0.00300336	1
18	386	1963	1.72877	1.56089	0.00656283	0
18	387	45212	0.0323866	0.0288969	0.000773588	1
18	388	4940	4.92787	4.96011	0.00486248	1
18	389	260	2.42489	2.58646	0.00620531	1
18	390	4956	2.86869	2.85365	0.00575649	1
18	391	335	4.74514	4.6721	0.00143473	1
18	392	4462	10.462	10.4624	0.00270848	1
18	393	14405	0.264689	0.219828	0.00671445	1
18	394	13894	6.14986	6.23911	0.0066087	1
18	395	284	2.68935	2.57496	0.00431139	1
18	396	981	6.10943	6.0508	0.00384964	1
18	397	480	2.54704	2.649	0.00220894	1
18	398	4969	7.98025	8.11664	0.0042867	1
18	399	7285	12.6289	12.5139	0.00474605	1
18	400	2867	3.78926	4.15317	0.012223	0
18	401	7172	0.721144	0.68439	0.00723292	1
18	402	14257	1.54602	1.56852	0.00827921	1
18	403	365	4.28181	4.25155	0.0015822	1
18	404	216	1.69158	1.76929	0.00390543	1
18	405	34	1.08924	0.986205	0.00404166	1
18	406	32	0.736706	0.685787	0.00342411	1
18	407	33	0.884276	0.881976	0.00193089	0
18	408	35	2.09816	2.13508	0.000288876	1
18	409	2481	0.829403	0.832344	0.00171089	1
18	410	1673	2.30619	2.28606	0.00223897	1
18	411	1963	3.29865	3.27988	0.00376908	1
18	412	45212	0.116503	0.0802318	0.00744536	1
18	413	4940	3.17848	3.27058	0.00226427	1
18	414	260	0.682011	0.676979	0.00134993	1
18	415	4320	4.09136	4.18224	0.00419598	1
18	416	335	0.409363	0.40333	0.00129176	1
18	417	378	3.76982	3.83366	0.00368213	1
18	418	4104	5.13544	4.99004	0.00343836	1
18	419	11890	0.120053	0.124467	0.000829109	1
18	420	418	5.69898	5.74823	0.00642873	1
18	421	260	1.24913	1.22457	0.005204	0
18	422	34707	12.062	12.0796	0.00408999	1
18	423	3644	0.933071	0.974405	0.0066132	1
18	424	335	2.19905	2.12237	0.00397556	1
18	425	216	2.71704	2.62674	0.0029561	0
18	426	33	1.24884	1.25205	0.00137257	1
18	427	35	2.60482	2.61502	0.00078065	1
18	428	4745	3.05377	3.10864	0.00229626	0
18	429	216	0.67662	0.693076	0.00128815	1
18	430	34	0.0254401	0.0222524	0.000289832	1
18	431	32	0.000654561	0.000582738	5.61862e-06	1
18	432	33	0.0160178	0.0134293	0.000237608	1
18	433	34	2.71723	2.81139	0.000930661	1
18	434	3297	1.49723	1.5597	0.00363502	1
18	435	288	5.62798	5.67248	0.00223998	1
18	436	253	1.92036	2.08552	0.00895813	1
18	437	2004	4.42773	4.47856	0.00544355	1
18	438	13347	4.75177	4.64753	0.0067631	1
18	439	5183	7.28721	6.9	0.00866928	1
18	440	418	0.297717	0.303549	0.000512802	1
18	441	216	0.207785	0.222763	0.00207406	1
18	442	33	1.23829	1.24596	0.00118629	1
18	443	37	2.47498	2.47944	0.000744579	1
18	444	3394	11.9514	11.712	0.00407234	1
18	445	28	4.26263	4.24134	0.00167735	1
18	446	48	0.836132	0.73057	0.00568524	1
18	447	216	0.0529054	0.0502502	0.000794023	1
18	448	32	1.29286	1.42456	0.00346858	1
18	449	32	0.126609	0.123363	0.000172764	1
18	450	32	0.0162938	0.0154206	6.36239e-05	1
18	451	1673	0.989452	1.01117	0.00463573	1
18	452	476	5.38863	5.42328	0.00545175	1
18	453	39653	9.9897	9.97902	0.00495701	1
18	454	1206	4.75633	4.73311	0.00768141	1
18	455	476	1.55869	1.52797	0.00251769	1
18	456	436	0.905212	0.977618	0.00375316	1
18	457	3249	3.68197	3.56654	0.00294013	1
18	458	281	0.859567	0.906124	0.00196412	1
18	459	260	0.567929	0.550512	0.00176424	1
18	460	932	5.60545	5.52823	0.0065372	1
18	461	1398	1.54427	1.39135	0.00851395	1
18	462	282	1.93309	1.79537	0.00416717	1
18	463	260	1.10482	1.18118	0.00675683	1
18	464	1528	6.11173	6.03864	0.00227699	1
18	465	637	0.970362	0.954473	0.00244734	1
18	466	99	0.119009	0.12317	0.000606092	1
18	467	216	1.75619	1.65159	0.0041399	1
18	468	35	2.34282	2.35752	0.000644294	1
18	469	4645	8.14501	8.05299	0.00196483	1
18	470	216	0.273345	0.235538	0.00368154	1
18	471	34	0.0411074	0.0357119	0.000474802	1
18	472	32	0.00265079	0.00242033	1.79702e-05	1
18	473	33	0.0202456	0.0190132	4.22261e-05	1
18	474	34	0.538379	0.55303	0.00122976	1
18	475	3459	9.01049	8.88383	0.00969994	0
18	476	3394	7.75149	7.53242	0.00286666	1
18	477	29	4.24669	4.27941	0.0096356	1
18	478	48	0.183141	0.172648	0.0026948	1
18	479	578	4.37018	4.27819	0.00396243	1
18	480	1138	3.49278	3.48807	0.00734529	1
18	481	418	3.15364	3.19258	0.00410087	1
18	482	1315	4.37894	4.33034	0.0038948	1
18	483	2863	0.829449	0.814021	0.00344449	1
18	484	4206	1.34613	1.25458	0.00420347	1
18	485	637	1.41879	1.48156	0.00471857	1
18	486	99	0.106893	0.110616	0.00066304	1
18	487	19803	3.65519	3.53287	0.00450751	0
18	488	16331	0.0110716	0.0099591	0.000128384	1
18	489	11273	0.0420273	0.0450685	0.000201832	1
18	490	1673	0.379566	0.368944	0.00104209	1
18	491	1963	2.99231	2.98748	0.00338801	1
18	492	45212	0.0822531	0.0676929	0.00192611	1
18	493	8753	7.07553	7.0984	0.00280969	1
18	494	253	1.842	1.81369	0.00135031	1
18	495	2851	3.54423	3.69467	0.00337525	1
18	496	282	1.27041	1.24984	0.0073293	1
18	497	476	1.21874	1.1971	0.00133572	1
18	498	39653	1.05807	0.999492	0.00340426	1
18	499	1206	0.116546	0.128466	0.00132444	1
18	500	476	0.223283	0.213327	0.000887287	1
18	501	3297	4.48178	4.37808	0.00481208	0
18	502	281	3.84751	3.94539	0.00390136	1
18	503	3433	3.74277	3.896	0.00208255	1
18	504	282	0.00837356	0.00896745	9.83213e-05	1
18	505	253	1.1338	1.15075	0.00252636	1
18	506	3341	6.7014	6.60176	0.00327321	1
18	507	3133	4.99727	5.19959	0.00769989	1
18	508	3394	11.9506	11.8787	0.00782941	1
18	509	29	0.389133	0.386645	0.00450522	1
18	510	48	0.00279919	0.00253552	2.96014e-05	1
19	256	28242	5.72771	5.75575	0.00339157	1
19	257	697	2.24824	2.3628	0.0052121	1
19	258	36020	7.11525	6.91868	0.00559965	1
19	259	254	4.58939	4.38722	0.00505184	1
19	260	1841	0.113305	0.0990547	0.00133977	1
19	261	2385	3.03827	3.23059	0.00649425	1
19	262	3717	2.84938	2.94477	0.00582611	1
19	263	1065	4.8658	4.88515	0.00291871	1
19	264	7089	6.52579	6.43785	0.0101027	0
19	265	442	5.10093	4.99309	0.007515	0
19	266	277	4.127	3.98589	0.00511163	1
19	267	2347	5.79718	5.95281	0.00915173	1
19	268	1841	0.0638068	0.0620648	0.000436613	1
19	269	2385	2.70959	2.711	0.00410246	1
19	270	3297	2.54552	2.51926	0.00135062	1
19	271	3969	0.61921	0.550287	0.00499476	1
19	272	18325	0.0216424	0.0184595	0.000378587	1
19	273	781	0.00199464	0.00139518	0.000113859	1
19	274	3717	0.0513353	0.0573233	0.000672857	1
19	275	26521	11.1594	11.2239	0.00223124	1
19	276	2676	8.53564	8.58957	0.00470367	1
19	277	1841	0.95009	1.00159	0.0058827	1
19	278	2385	2.2966	2.42869	0.00540167	1
19	279	3717	0.718533	0.79711	0.00387491	1
19	280	428	5.15166	5.35127	0.00457395	1
19	281	8119	4.44531	4.26626	0.00544389	1
19	282	718	5.71585	5.52597	0.0075181	1
19	283	387	1.64212	2.42575	0.087721	1
19	284	13627	0.0408746	0.0663536	0.00797283	1
19	285	1841	0.201939	0.20394	0.00184275	1
19	286	2385	1.92598	1.9219	0.00644356	1
19	287	3297	1.74588	1.80029	0.00214965	1
19	288	2262	5.57013	6.00219	0.00291201	1
19	289	3297	1.70815	2.03749	0.0135745	1
19	290	6256	4.22606	4.49805	0.00447931	1
19	291	3297	1.31145	1.53125	0.00877648	1
19	292	6907	1.48458	1.42322	0.00388269	1
19	293	3297	1.32107	1.49709	0.0082543	1
19	294	17229	3.46115	3.47139	0.00467788	1
19	295	3717	0.567128	0.503812	0.00847594	1
19	296	32163	11.4267	11.3205	0.00304371	1
19	297	842	0.224264	0.233748	0.00175046	1
19	298	9309	11.0074	10.9964	0.00435362	1
19	299	429	0.221325	0.205879	0.00166677	1
19	300	7285	8.46254	8.28797	0.00386849	1
19	301	2867	0.0655906	0.0619293	0.000356991	1
19	302	7172	0.0451388	0.0460084	0.000678472	1
19	303	637	8.82306	8.91329	0.00164105	1
19	304	99	0.677185	0.729975	0.00414362	1
19	305	38778	7.87527	8.17673	0.00663757	1
19	306	4658	0.23077	0.147622	0.0293676	1
19	307	1673	1.67723	1.68084	0.00244324	1
19	308	3717	1.62572	1.70841	0.00288754	1
19	309	3717	3.45934	3.45864	0.00751997	1
19	310	446	0.857564	0.825677	0.00334091	1
19	311	446	0.137104	0.155032	0.00188227	1
19	312	678	7.3817	7.36686	0.00337385	1
19	313	12019	0.603639	0.843768	0.0307631	1
19	314	446	0.980285	0.991294	0.00185998	1
19	315	446	0.0201814	0.0188371	0.00016249	1
19	316	3717	0.158674	0.204273	0.00599347	1
19	317	3717	0.610958	0.588005	0.00325225	1
19	318	3717	10.5291	10.4317	0.00762981	1
19	319	446	1.05912	1.09392	0.00711365	1
19	320	446	0.190245	0.220791	0.00435099	1
19	321	14546	10.158	10.27	0.00473314	1
19	322	5705	2.15555	2.38443	0.00526202	1
19	323	446	0.115283	0.145352	0.00444201	1
19	324	446	0.032371	0.0371254	0.000560512	1
19	325	3717	0.129736	0.124675	0.000366793	1
19	326	3717	0.189417	0.176669	0.000877196	1
19	327	3717	5.05676	4.67805	0.003658	1
19	328	446	0.40484	0.406189	0.00263449	1
19	329	446	0.04793	0.0452892	0.00123512	1
19	330	24600	5.26581	5.28143	0.00506387	1
19	331	1463	2.92217	3.06328	0.00469578	1
19	332	446	0.124498	0.114853	0.00108086	1
19	333	446	0.0175122	0.0172898	6.50126e-05	1
19	334	3717	0.116356	0.116868	0.000195661	1
19	335	3717	0.0744197	0.0648773	0.0010295	1
19	336	3717	4.1595	4.24911	0.00589409	1
19	337	3717	4.99491	5.03267	0.00410395	1
19	338	446	0.615382	0.639361	0.00355818	1
19	339	339	10.3449	10.2893	0.00157772	1
19	340	313	10.9387	10.8594	0.00891135	1
19	341	3394	7.28113	7.56341	0.00989431	1
19	342	29	9.70246	9.78161	0.00293276	1
19	343	48	8.08341	8.16756	0.00444578	1
19	344	1128	12.2097	12.3086	0.00383109	1
19	345	11763	12.8212	12.8446	0.004293	1
19	346	974	3.71416	3.28684	0.00957389	1
19	347	446	2.36366	2.37914	0.00366593	1
19	348	3717	3.78397	3.84282	0.00209196	1
19	349	3717	0.32659	0.31954	0.00170813	1
19	350	378	4.63636	4.74982	0.00168336	1
19	351	339	5.09832	5.02082	0.00429613	1
19	352	313	0.0380012	0.0375238	0.000215871	1
19	353	3394	1.55747	1.53583	0.00292004	1
19	354	29	0.235828	0.229735	0.00161739	1
19	355	48	0.00836096	0.0082089	6.11848e-05	1
19	356	1128	0.224361	0.192971	0.0031416	1
19	357	11763	0.664996	0.679829	0.00460969	1
19	358	4452	3.4548	3.44635	0.000169551	1
19	359	365	3.61806	3.63988	0.00334234	1
19	360	216	1.96152	2.05056	0.00670862	1
19	361	29836	14.8879	14.5353	0.00137611	1
19	362	228	0.931771	0.954602	0.00355686	1
19	363	176	2.22873	2.32095	0.00819471	1
19	364	229	1.01051	1.08275	0.00520096	1
19	365	112	5.23642	5.1287	0.00186141	1
19	366	46157	6.24743	6.49575	0.00584352	1
19	367	19805	6.69104	6.7882	0.00446615	1
19	368	116	2.24513	2.49994	0.0372963	0
19	369	179	2.13297	2.39317	0.0265437	1
19	370	227	5.91003	5.26634	0.0288249	0
19	371	116	0.0442736	0.0400079	0.00203148	1
19	372	3297	4.75274	4.7489	0.00375077	1
19	373	339	4.21715	4.16988	0.00631803	1
19	374	313	0.169462	0.219018	0.00778764	1
19	375	3394	1.82573	2.05662	0.00924938	1
19	376	29	0.04121	0.0403511	0.000239817	1
19	377	48	0.0268036	0.0285811	0.000243287	1
19	378	310	9.13557	9.04885	0.00526954	1
19	379	706	6.13237	6.20092	0.00607971	1
19	380	5896	11.5839	11.6728	0.00423147	1
19	381	24184	6.41541	6.29736	0.00572544	1
19	382	2481	1.05332	1.17969	0.00830706	1
19	383	592	2.31126	2.3297	0.00397949	1
19	384	253	1.59387	1.53663	0.00296716	1
19	385	6455	6.49964	6.36171	0.00335063	1
19	386	282	0.0177116	0.0192428	0.000159002	1
19	387	21836	9.07447	9.17592	0.00420613	1
19	388	94	1.76449	1.9711	0.01283	1
19	389	3779	1.57328	1.58796	0.01158	1
19	390	11763	0.855035	0.815939	0.00486813	1
19	391	4452	0.0317593	0.0344914	0.000141204	1
19	392	2837	3.13982	3.04433	0.00443432	1
19	393	327	1.96646	1.99147	0.00124393	1
19	394	260	0.514784	0.618954	0.0111622	1
19	395	14811	4.78208	4.75368	0.00280642	1
19	396	4931	2.91446	2.74039	0.00403002	1
19	397	10400	0.0403376	0.0414489	0.000296768	1
19	398	365	2.55021	2.45782	0.00401148	1
19	399	339	1.33559	1.29437	0.00355438	1
19	400	58	0.0878308	0.0826653	0.000759948	1
19	401	62	0.165611	0.129759	0.00499919	1
19	402	2481	0.0938838	0.0916404	0.000191268	1
19	403	981	0.674192	0.609446	0.00460608	1
19	404	2260	0.878377	0.807873	0.00332516	0
19	405	2287	0.00524902	0.00436266	0.000103211	1
19	406	339	4.86181	4.84771	0.00536481	1
19	407	30	1.2309	1.23356	0.00158176	1
19	408	24084	5.50975	5.55965	0.00224863	1
19	409	5492	3.02976	3.0165	0.00540515	1
19	410	288	0.631214	0.54211	0.00530411	1
19	411	325	0.826541	0.945208	0.00766571	1
19	412	26691	16.8027	16.9722	0.00395299	1
19	413	282	0.049671	0.0484098	0.00018221	1
19	414	260	0.499082	0.492421	0.00222654	1
19	415	18393	11.0054	11.0301	0.00806292	1
19	416	42303	9.09049	9.26251	0.00169407	1
19	417	15037	3.92473	3.95319	0.00670232	1
19	418	1128	1.38796	1.38463	0.005948	1
19	419	3297	7.18699	7.33592	0.000364164	1
19	420	502	1.16639	1.264	0.003568	1
19	421	592	0.361829	0.338603	0.00167575	1
19	422	28137	4.00059	4.20825	0.00433735	1
19	423	8539	1.86998e-05	1.22048e-05	1.79761e-06	1
19	424	1092	6.56462	6.56672	0.00591323	1
19	425	3901	5.89785	5.96829	0.00369647	1
19	426	2585	1.52182	1.5611	0.00542306	1
19	427	1673	4.933	5.05847	0.00287085	1
19	428	5148	6.26959	6.14839	0.00289018	1
19	429	7761	2.35532	2.32894	0.00375272	1
19	430	4891	5.42124	5.47567	0.00129338	1
19	431	6864	12.4434	12.3162	0.00205897	0
19	432	327	1.50215	1.61005	0.00302345	1
19	433	260	0.517411	0.481752	0.00383571	1
19	434	12977	11.1032	11.1484	0.00359203	1
19	435	282	0.177815	0.170281	0.000442702	1
19	436	260	0.353696	0.42292	0.00941267	1
19	437	3756	4.18055	4.01266	0.00363293	1
19	438	22060	4.56054	4.59354	0.0014388	1
19	439	15037	1.2316	1.17684	0.00296934	1
19	440	11564	1.13922	0.852892	0.0442863	1
19	441	281	1.67234	1.63349	0.00694272	1
19	442	216	0.235025	0.242097	0.00126421	1
19	443	33	0.0218945	0.0182766	0.000411729	1
19	444	41	0.00872553	0.00722453	0.000152735	1
19	445	34	0.445272	0.340396	0.014437	1
19	446	35	0.579567	0.607343	0.0022405	1
19	447	1673	1.4192	1.4357	0.00243034	1
19	448	1069	2.56827	2.47852	0.00477349	1
19	449	592	0.417185	0.418921	0.00147176	1
19	450	2148	8.25835	8.23146	0.00337265	1
19	451	1005	0.370337	0.32888	0.00316765	1
19	452	281	1.76792	1.89508	0.00400913	0
19	453	216	0.632584	0.649066	0.00106232	1
19	454	33	0.0555383	0.055484	1.4603e-05	1
19	455	41	0.00326171	0.00327404	3.52561e-06	1
19	456	35	1.29303	1.28115	0.000558997	1
19	457	36	2.26299	2.28798	0.000958476	1
19	458	816	8.49941	8.48686	0.00241427	1
19	459	216	0.307347	0.27086	0.00352456	1
19	460	35	1.42004	1.40456	0.000272398	1
19	461	39	3.04632	3.10375	0.000748119	1
19	462	351	3.48331	3.42057	0.00227235	1
19	463	8209	3.8038	4.0261	0.00752013	1
19	464	288	2.1919	2.11977	0.00133291	1
19	465	480	1.91559	1.96822	0.00369264	1
19	466	38883	4.09325	3.85105	0.00545951	1
19	467	284	1.52631	1.59386	0.00371054	1
19	468	12433	6.45411	6.56716	0.00399362	1
19	469	284	3.23169	2.93222	0.0102255	1
19	470	253	3.26894	3.29363	0.00263842	1
19	471	24026	5.25311	5.19693	0.00516254	1
19	472	2076	5.09282	5.07215	0.00667377	1
19	473	20801	0.397246	0.406236	0.00089654	1
19	474	281	3.66372	3.64909	0.0059568	1
19	475	260	1.89147	1.97145	0.00198488	1
19	476	27891	12.6039	12.8261	0.00334589	1
19	477	18219	0.297225	0.291949	0.00126945	1
19	478	14330	10.5096	10.5285	0.00927837	1
19	479	3997	3.60371	3.78924	0.0176268	1
19	480	1673	1.18365	1.35099	0.00838207	1
19	481	43804	8.28622	8.27431	0.00415754	1
19	482	502	1.29975	1.31441	0.00137006	1
19	483	4944	5.93054	5.95152	0.00113427	1
19	484	253	2.04749	1.96885	0.00431678	1
19	485	4835	5.70475	5.81881	0.00278473	0
19	486	1791	0.162352	0.176143	0.00124001	1
19	487	281	0.217556	0.225256	0.000889137	1
19	488	260	0.399129	0.437842	0.00449014	1
19	489	5665	2.66165	2.58961	0.00460548	1
19	490	334	0.598929	0.58293	0.000808715	1
19	491	3335	0.228646	0.124318	0.0337839	1
19	492	3394	11.5575	11.7408	0.00273477	1
19	493	29	0.0243299	0.0201923	0.000587141	1
19	494	48	0.00571753	0.00520953	7.51128e-05	1
19	495	4931	5.78151	5.59653	0.00307869	1
19	496	2287	1.56057	1.4819	0.0056866	1
19	497	1673	1.28006	1.28235	0.0029713	1
19	498	3717	1.60054	1.67578	0.00217992	1
19	499	6372	8.36372	8.31887	0.00598871	1
19	500	260	1.6768	1.82453	0.00472045	0
19	501	6280	10.032	10.0036	0.00583612	1
19	502	15517	9.85576	9.90355	0.00411741	1
19	503	438	0.0218004	0.0228992	0.000220322	1
19	504	3297	1.85134	1.98141	0.00498386	1
19	505	1062	2.82884	2.82352	0.00190388	1
19	506	7117	4.98275	5.02533	0.00283794	1
19	507	592	0.824019	0.838079	0.00166723	1
19	508	2500	4.62116	4.66952	0.00452096	1
19	509	24489	6.63305	6.58473	0.00492348	1
19	510	411	1.26998	1.33523	0.00473712	1
20	256	411	2.89688	2.84902	0.00559867	1
20	257	260	0.874935	0.956102	0.00654481	1
20	258	5185	10.9547	10.8328	0.0119861	1
20	259	3113	7.21919	7.06333	0.0032562	1
20	260	14309	3.38239	3.33968	0.00454463	1
20	261	6548	4.23926	4.11578	0.00658256	1
20	262	4677	0.180602	0.184789	0.00089987	1
20	263	284	0.69338	0.71305	0.00341423	1
20	264	253	3.47594	3.62916	0.00472461	0
20	265	6771	1.33566	1.31123	0.00364366	1
20	266	1486	6.51673	6.74233	0.00794476	1
20	267	4931	1.92059	1.97504	0.0024287	1
20	268	14309	2.10129	2.04828	0.00275835	1
20	269	22449	2.95051	2.82711	0.00502182	1
20	270	288	0.177315	0.155043	0.00174994	1
20	271	2125	2.95728	2.81055	0.00669983	0
20	272	253	1.5092	1.45973	0.00124941	1
20	273	14954	3.36162	3.30529	0.0068956	1
20	274	282	0.912657	1.01224	0.00821693	1
20	275	3575	5.02825	5.18292	0.00629541	1
20	276	7761	0.0871724	0.0852599	0.000659921	1
20	277	3269	8.1622	8.14519	0.00498054	1
20	278	2001	0.0203847	0.0242155	0.000383458	1
20	279	288	0.0318363	0.0272211	0.000490289	1
20	280	12721	3.71785	3.64104	0.00304815	1
20	281	260	0.887924	0.845168	0.00325409	1
20	282	1797	1.94951	1.91986	0.00327646	1
20	283	1918	0.0234568	0.0224425	9.01853e-05	1
20	284	10400	1.11702	1.09972	0.00408569	1
20	285	281	1.99343	2.01638	0.0030973	1
20	286	354	3.96519	3.92235	0.00101972	1
20	287	7085	5.83438	5.89379	0.00250684	1
20	288	281	3.62678	3.70293	0.00770795	1
20	289	4931	7.92219	7.85669	0.00148785	1
20	290	16187	4.02562	3.97615	0.000217638	1
20	291	5656	0.000927504	0.0010309	1.37908e-05	1
20	292	1673	1.17591	1.19485	0.00134943	1
20	293	378	1.45076	1.48431	0.0015742	1
20	294	339	4.48081	4.62306	0.00351402	1
20	295	58	0.016107	0.014725	0.000336503	1
20	296	62	0.057963	0.061593	0.000913571	1
20	297	637	2.19261	2.42775	0.00593974	0
20	298	99	0.0112103	0.0103727	0.000133837	1
20	299	14954	3.85357	3.87379	0.00422773	1
20	300	282	1.21072	1.26937	0.00496562	1
20	301	11763	2.03619	2.09675	0.00334339	1
20	302	4452	0.030231	0.0344209	0.000267557	1
20	303	761	2.37815	2.36438	0.00156763	1
20	304	8220	6.18457	6.14993	0.00299976	1
20	305	3452	4.83187	4.91527	0.00427937	1
20	306	3424	1.84245	1.88204	0.00170063	1
20	307	281	0.563332	0.56093	0.0019007	1
20	308	216	3.63309	3.61994	0.00349636	1
20	309	33	0.11079	0.122086	0.0010723	1
20	310	41	0.0422292	0.0376372	0.000337675	1
20	311	32	3.55908	3.65789	0.00251299	1
20	312	37	1.68894	1.81532	0.00325974	1
20	313	3297	1.87984	1.98062	0.00400954	1
20	314	260	4.78942	4.94379	0.00245513	1
20	315	1596	4.22951	4.25048	0.00756358	1
20	316	713	2.68723	2.87179	0.00444664	1
20	317	282	0.183077	0.174069	0.00106172	1
20	318	260	0.337195	0.320157	0.00218033	1
20	319	24976	3.13631	3.05007	0.0032253	1
20	320	559	0.0208698	0.0190293	0.000355388	1
20	321	3394	13.7433	13.6042	0.00102712	1
20	322	29	0.0346157	0.0320095	0.000656644	1
20	323	48	0.00600419	0.00491034	0.000167099	1
20	324	4931	7.44998	7.43789	0.00354479	1
20	325	2287	2.40737	2.2009	0.00612636	1
20	326	3297	0.921104	1.04223	0.00780485	1
20	327	527	3.38283	3.26521	0.0012471	1
20	328	35891	5.52212	5.59984	0.00363973	1
20	329	281	0.146317	0.16631	0.00127366	1
20	330	260	0.308739	0.284641	0.00170216	1
20	331	8040	5.05458	5.07546	0.00477969	1
20	332	282	0.0229532	0.0286751	0.000641355	1
20	333	260	0.422649	0.397608	0.0038784	1
20	334	6103	2.2677	2.07181	0.00826531	1
20	335	5665	4.23986	3.99255	0.00374659	1
20	336	284	3.65747	3.40333	0.00566298	1
20	337	11961	0.413636	0.47155	0.00593827	1
20	338	6125	8.16665	8.07388	0.00531016	1
20	339	29908	8.7572	8.5607	0.00373807	1
20	340	6749	0.0531857	0.0356444	0.0048112	1
20	341	418	1.87564	1.81303	0.00267327	1
20	342	260	0.439821	0.404552	0.00574479	1
20	343	9420	0.209481	0.217216	0.00116205	1
20	344	282	0.00817317	0.00962406	0.000305007	1
20	345	17177	1.74909	1.86627	0.0101011	1
20	346	26690	0.0132713	0.0090665	0.000958874	1
20	347	1673	1.09914	1.14765	0.0115771	1
20	348	3717	1.60666	1.7425	0.00600406	1
20	349	533	5.97415	6.03156	0.0161517	1
20	350	260	1.49673	1.58704	0.00257705	1
20	351	20761	2.6973	2.77567	0.00186787	1
20	352	3297	4.8346	5.07552	0.000293849	1
20	353	260	0.460291	0.465191	0.00169264	1
20	354	4931	1.33998	1.4119	0.003421	1
20	355	7057	7.15653	7.20278	0.0022364	0
20	356	4654	7.51023	7.64346	0.00337644	1
20	357	4642	4.56633	4.4329	0.00491242	1
20	358	624	1.04156	1.07126	0.000905215	1
20	359	1593	3.214	3.13195	0.0017343	1
20	360	288	0.431889	0.426973	0.00164115	1
20	361	260	1.31649	1.40238	0.00448966	1
20	362	827	7.56184	7.52443	0.0027633	1
20	363	6219	3.58264	3.41599	0.00631928	1
20	364	29046	8.16266	8.35407	0.00556973	0
20	365	327	3.69481	3.83309	0.00262052	1
20	366	11269	6.6885	6.562	0.0144221	1
20	367	17978	3.37635	3.36522	0.00803677	1
20	368	281	1.15956	1.1679	0.0017219	1
20	369	260	0.12506	0.120581	0.000557663	1
20	370	6125	1.32757	1.28477	0.00333384	1
20	371	7357	3.31928	3.16648	0.00397129	1
20	372	1577	2.9839	2.9621	0.00544281	1
20	373	5679	4.24752	4.05801	0.0022904	1
20	374	284	0.218161	0.176526	0.00563449	1
20	375	260	0.690128	0.711666	0.000790693	1
20	376	1797	0.220606	0.230459	0.000955415	1
20	377	1918	0.00310965	0.00302578	1.12112e-05	1
20	378	1673	0.303423	0.323933	0.00584795	1
20	379	8265	13.0084	13.1132	0.0011883	1
20	380	15037	6.28788	6.73619	0.0114464	1
20	381	312	3.22765	3.17792	0.00396043	0
20	382	1175	3.18841	3.10788	0.00400453	1
20	383	316	3.22586	2.87433	0.018569	1
20	384	280	3.42482	3.27204	0.00185514	1
20	385	15037	0.0104991	0.00937073	0.000535397	1
20	386	3297	1.06238	1.081	0.00162239	1
20	387	253	1.78526	1.77972	0.00276613	1
20	388	4931	2.99367	2.85646	0.00641136	1
20	389	10400	4.68046	4.75514	0.00350382	1
20	390	7106	2.20913	2.15052	0.00269031	1
20	391	10524	0.00155409	0.00117531	6.20123e-05	1
20	392	284	2.86465	2.88071	0.00361137	1
20	393	3385	4.75036	4.73349	0.00710518	1
20	394	46505	2.72455	3.10068	0.00886887	1
20	395	3297	0.453375	0.474095	0.00209272	1
20	396	35431	7.04789	7.03113	0.00345734	1
20	397	338	0.490261	0.444412	0.00303583	1
20	398	4678	11.7414	11.4989	0.0177532	1
20	399	736	2.33664	2.40161	0.00465688	1
20	400	19784	3.59104	3.75392	0.00236039	1
20	401	8120	1.47613	1.41845	0.00801447	1
20	402	826	0.346571	0.299396	0.00397705	1
20	403	3085	2.6336	2.71252	0.00275987	1
20	404	284	0.0430579	0.0373411	0.000541271	1
20	405	418	8.30691	8.28289	0.00650388	1
20	406	2124	0.130348	0.133359	0.000526201	1
20	407	582	0.532593	0.512275	0.000828916	1
20	408	282	0.315314	0.297511	0.00129326	1
20	409	624	2.45411	2.35361	0.0012231	1
20	410	827	2.94042	2.8835	0.00433683	1
20	411	1085	3.06436	3.02707	0.00303233	1
20	412	29046	1.3912	1.35691	0.00297132	1
20	413	1673	2.04604	2.02428	0.00422154	1
20	414	1626	5.82285	5.81152	0.00169191	1
20	415	338	3.51399	3.58405	0.00319396	1
20	416	1112	0.0386736	0.0318425	0.000789791	1
20	417	3297	0.955664	1.01991	0.00212662	1
20	418	384	0.722374	0.745767	0.00270027	1
20	419	1217	5.47811	5.43501	0.00328466	1
20	420	327	0.34397	0.355023	0.00184282	1
20	421	260	1.46333	1.42233	0.00139049	1
20	422	4931	2.54811	2.42265	0.00807277	1
20	423	10400	1.22186	1.20535	0.00170933	1
20	424	288	0.11238	0.103401	0.000854411	1
20	425	2125	4.06111	4.0214	0.00424326	1
20	426	253	0.901055	0.920015	0.00121037	1
20	427	14954	0.638743	0.600302	0.00278704	1
20	428	351	4.50817	4.44596	0.00054887	1
20	429	418	3.93716	4.04413	0.0143458	1
20	430	2124	0.0244579	0.0185069	0.00104945	1
20	431	216	1.98846	2.00063	0.0064603	1
20	432	39	3.24791	3.22677	0.000384519	1
20	433	32	0.964749	0.924217	0.00245318	1
20	434	2471	7.58257	7.43689	0.00707224	1
20	435	347	7.46899	7.49267	0.00215858	1
20	436	800	0.217755	0.220143	0.000757286	1
20	437	3575	3.45083	3.33477	0.00273329	1
20	438	7761	0.0556649	0.0549006	0.000119311	1
20	439	347	0.111875	0.122462	0.000973147	1
20	440	260	0.99885	0.989681	0.00602644	1
20	441	2038	1.6667	1.72315	0.00265739	1
20	442	10400	0.171427	0.170353	0.000879084	1
20	443	1673	1.90023	1.8873	0.00322598	0
20	444	669	2.90016	2.8975	0.00277945	1
20	445	6714	5.35719	5.40558	0.00262582	1
20	446	3297	3.27969	3.47007	0.00289691	1
20	447	8265	4.04093	4.21476	0.00482261	1
20	448	15037	0.00760215	0.00874796	0.00018953	1
20	449	46668	7.00411	7.16855	0.0053508	1
20	450	3297	0.464094	0.540352	0.00474553	1
20	451	736	0.327176	0.298273	0.0014989	1
20	452	5202	3.01313	3.03665	0.00286036	1
20	453	260	0.697827	0.76087	0.00244897	1
20	454	14811	4.34038	4.34893	0.000828148	1
20	455	4931	0.289059	0.271985	0.00113221	1
20	456	10400	0.00801537	0.00965162	0.000190588	1
20	457	288	0.0349996	0.0315585	0.000312017	1
20	458	12721	3.23513	3.43063	0.0040784	1
20	459	260	0.826524	0.858154	0.00273131	1
20	460	2038	0.957538	0.998353	0.00330244	1
20	461	10400	0.312279	0.289702	0.00152452	1
20	462	281	0.975192	0.968743	0.0016992	1
20	463	582	5.2013	5.17879	0.00125215	1
20	464	1739	5.56403	5.80172	0.0138309	1
20	465	5182	0.479607	0.549601	0.00533258	1
20	466	281	2.2668	2.40183	0.00335718	1
20	467	4931	4.60255	4.45232	0.00510355	1
20	468	5656	4.52876	4.55021	0.000798981	1
20	469	281	2.72775	2.73945	0.00162944	1
20	470	750	5.37568	5.35097	0.00426105	0
20	471	19820	8.69088	8.71592	0.00340951	1
20	472	4678	0.576765	0.536157	0.00403467	1
20	473	1673	1.3788	1.44199	0.00612592	1
20	474	23184	7.05239	7.12036	0.00196693	1
20	475	3297	0.239897	0.264918	0.00180883	1
20	476	260	1.14598	1.20612	0.00272088	1
20	477	216	3.90236	3.86087	0.00404462	1
20	478	33	1.10844	1.15088	0.00568497	1
20	479	41	0.56604	0.569945	0.000538526	1
20	480	32	1.10469	1.05302	0.00106541	1
20	481	39	2.6154	2.50819	0.00235509	1
20	482	14811	3.92194	3.86681	0.00596725	1
20	483	30115	7.11011	7.20208	0.00474084	1
20	484	8789	3.48816	3.5566	0.0100727	1
20	485	1217	6.33655	6.44282	0.0106924	1
20	486	327	0.0444062	0.0441317	0.000159923	1
20	487	260	0.674087	0.731222	0.00296675	1
20	488	3901	2.61527	2.71941	0.00400215	1
20	489	282	0.0374041	0.0403136	0.00024324	1
20	490	253	1.56733	1.50296	0.00186106	1
20	491	5182	6.70638	6.79535	0.00405723	1
20	492	14954	0.451541	0.401578	0.0093504	1
20	493	282	0.612671	0.628241	0.00114066	1
20	494	4475	4.95771	4.98943	0.00104876	1
20	495	2148	7.89519	7.90361	0.00573022	1
20	496	11763	0.99079	1.01518	0.00215015	1
20	497	4452	0.00572536	0.00529316	1.7422e-05	1
20	498	3297	1.80782	1.99026	0.00945614	1
20	499	216	3.27756	3.23159	0.00355063	1
20	500	34	2.01742	1.9869	0.000821915	1
20	501	32	1.38157	1.33782	0.00587228	1
20	502	3394	11.3686	11.1967	0.0153044	1
20	503	28	8.48822	9.0031	0.000543233	1
20	504	48	12.9397	12.916	0.00382393	1
20	505	216	1.43776	1.41213	0.00333635	1
20	506	32	8.29479	8.3565	0.000758402	1
20	507	32	1.92501	2.02061	0.00677716	1
20	508	32	0.811518	0.833769	0.00267864	1
20	509	986	5.61617	5.63029	0.00983523	0
20	510	8274	8.35414	8.11673	0.00642933	1
21	256	4452	1.474	1.47421	5.00916e-05	1
21	257	2837	4.72255	4.7481	0.00359264	1
21	258	327	3.38474	3.26812	0.00284848	0
21	259	260	0.471637	0.48058	0.00159321	1
21	260	15021	9.07232	9.29908	0.00563668	1
21	261	19835	3.786	3.74348	0.00912053	1
21	262	3394	0.158113	0.18521	0.00312997	1
21	263	29	0.0088907	0.00795649	8.48092e-05	1
21	264	48	0.0110865	0.0103025	4.02393e-05	1
21	265	19835	0.358642	0.393787	0.00240528	1
21	266	28552	0.609097	0.531274	0.00509288	1
21	267	4999	0.314609	0.322292	0.00190686	1
21	268	592	0.393317	0.375972	0.00141769	1
21	269	260	1.31153	1.40397	0.00394217	1
21	270	827	4.20973	4.25847	0.00471869	1
21	271	21836	6.19378	6.48535	0.00474266	1
21	272	94	0.00340039	0.00388425	3.33441e-05	1
21	273	671	0.662721	0.805081	0.0147677	0
21	274	849	0.0643767	0.0411611	0.00565629	1
21	275	282	2.41142	2.49341	0.0074814	1
21	276	260	1.53479	1.41132	0.00463779	1
21	277	36335	7.29452	7.50847	0.00438832	1
21	278	26347	7.94525	7.81205	0.00946755	1
21	279	1128	1.57673	1.60689	0.01183	1
21	280	3297	0.493741	0.534455	0.00187533	1
21	281	8885	5.64997	5.81073	0.00646606	1
21	282	281	1.08763	1.07006	0.000616624	1
21	283	216	0.238938	0.209183	0.00324275	1
21	284	33	0.00250261	0.00265241	3.80227e-05	1
21	285	41	0.00287755	0.00275293	6.28543e-06	1
21	286	32	2.55724	2.49425	0.000221452	1
21	287	39	1.60627	1.62275	0.00224253	1
21	288	284	2.20155	2.085	0.00285642	1
21	289	8259	4.61447	4.55343	0.0057972	1
21	290	1187	0.0767627	0.0728276	0.000806146	1
21	291	281	0.446978	0.461173	0.0016813	1
21	292	216	0.325052	0.322324	0.00136232	1
21	293	33	0.00204074	0.00204246	1.33867e-05	1
21	294	41	0.00243135	0.00232242	1.29917e-05	1
21	295	32	0.234414	0.220772	0.000369587	1
21	296	40	0.34558	0.367555	0.000607318	1
21	297	1673	0.578335	0.626634	0.00319763	1
21	298	533	4.15697	4.22007	0.00209097	1
21	299	216	0.792498	0.69042	0.00710303	1
21	300	33	0.00593955	0.00560429	8.86006e-05	1
21	301	41	0.00251815	0.00247437	4.33646e-06	1
21	302	33	0.636888	0.687431	0.00171868	1
21	303	32	1.2251	1.13224	0.00226	1
21	304	3297	0.538144	0.609164	0.00479737	1
21	305	260	0.893801	0.898797	0.00178395	1
21	306	10400	5.88464	5.94795	0.00643562	0
21	307	1830	6.34646	6.26997	0.00409269	1
21	308	3703	4.23497	4.32901	0.00237695	1
21	309	253	1.79112	1.71472	0.00404908	1
21	310	3116	3.14485	3.13082	0.00215176	1
21	311	288	1.47124	1.36912	0.00201978	1
21	312	260	1.40455	1.35855	0.0105342	1
21	313	11478	10.8146	11.0922	0.00567	1
21	314	365	5.50309	5.56885	0.0016281	1
21	315	13236	4.73347	4.7815	0.00520095	1
21	316	2481	0.165313	0.151251	0.000735436	1
21	317	288	1.13279	1.04063	0.00388194	1
21	318	5253	5.87381	5.8046	0.00440426	1
21	319	5580	4.37565	4.42466	0.00318423	1
21	320	327	0.262649	0.269856	0.000687002	1
21	321	260	1.04775	1.04474	0.00178928	1
21	322	28971	12.0704	11.918	0.00424492	1
21	323	282	0.0138672	0.0140732	6.06441e-05	1
21	324	260	0.205572	0.203874	0.00125775	1
21	325	1578	1.90174	2.05968	0.0050741	1
21	326	418	4.35297	4.24761	0.00139091	1
21	327	2268	2.74357	2.60053	0.00386482	1
21	328	1673	0.564045	0.613211	0.00372568	1
21	329	4651	6.4687	6.33119	0.00240676	1
21	330	282	0.804847	0.819679	0.00221872	1
21	331	2536	5.61328	5.61353	0.00150852	1
21	332	10195	4.17071	4.25072	0.00463041	1
21	333	3297	0.295627	0.344547	0.00423903	1
21	334	805	3.72905	3.67682	0.00534826	1
21	335	1876	2.94777	2.94884	0.00171594	1
21	336	5182	4.46986	4.38191	0.00287433	1
21	337	43622	0.0327198	0.0344383	0.000310944	1
21	338	18359	0.338769	0.345228	0.000151151	1
21	339	284	2.59347	2.58049	0.00164321	1
21	340	253	2.30543	2.2709	0.00283223	1
21	341	2244	3.22714	3.24095	0.00395219	0
21	342	11763	2.23362	2.32849	0.0039369	1
21	343	974	0.00208115	0.00209081	9.46867e-07	1
21	344	282	2.81561	2.91093	0.00139722	1
21	345	260	0.241165	0.282617	0.00407349	1
21	346	42303	8.5324	8.8369	0.00658669	1
21	347	15037	3.97178	4.36896	0.00558368	1
21	348	1128	0.206409	0.198094	0.00194681	1
21	349	592	0.506583	0.464045	0.00270184	1
21	350	5354	5.64776	5.59862	0.00360201	1
21	351	8159	2.68327	2.77215	0.00438152	1
21	352	411	2.49113	2.49128	0.00242661	1
21	353	260	0.313607	0.280934	0.00217998	1
21	354	11478	0.328296	0.379446	0.00448123	1
21	355	1673	0.624769	0.606848	0.00245131	1
21	356	8696	5.87517	5.86393	0.000840769	1
21	357	540	3.93786	4.01263	0.00362733	1
21	358	42303	11.7651	11.8248	0.00288524	1
21	359	15037	0.0715697	0.0802116	0.000768081	1
21	360	3394	6.53834	6.60851	0.00278416	1
21	361	29	0.0267722	0.0280238	0.000136558	1
21	362	48	0.0246679	0.0215992	0.000384651	1
21	363	1128	0.667236	0.643749	0.00243586	1
21	364	7761	2.30018	2.29621	0.0010052	1
21	365	365	4.62637	4.61691	0.000841704	1
21	366	25455	6.03497	6.06592	0.00658345	1
21	367	1317	3.95828	3.75617	0.00563111	1
21	368	12337	0.814053	0.900769	0.00611114	1
21	369	3297	1.6789	1.60969	0.00537274	1
21	370	339	3.72903	3.74076	0.00350868	1
21	371	313	2.90083	2.81035	0.00736867	1
21	372	3297	0.468287	0.471732	0.00484093	1
21	373	284	0.75882	0.738504	0.00473747	1
21	374	7925	9.24285	9.34047	0.00403523	1
21	375	18278	5.56931	5.77465	0.00787402	1
21	376	8662	0.0289646	0.0293262	0.000665449	1
21	377	2481	0.184814	0.223893	0.00428371	1
21	378	592	0.12832	0.126495	0.00026419	1
21	379	8159	3.30933	3.34787	0.00192285	1
21	380	284	3.58048	3.49657	0.00255747	1
21	381	511	6.66114	6.51426	0.0050617	0
21	382	1296	2.02229	1.92414	0.00312516	1
21	383	592	1.01435	1.09191	0.0043662	1
21	384	8885	1.52771	1.55244	0.00241673	1
21	385	281	1.40194	1.39205	0.000946516	1
21	386	4124	4.97456	4.92303	0.00244768	1
21	387	216	0.137388	0.133699	0.000199143	1
21	388	33	0.00141637	0.00132381	1.36029e-05	1
21	389	41	0.000667453	0.000652135	1.79865e-06	1
21	390	33	0.11359	0.128976	0.000917293	1
21	391	35	3.98916	4.11573	0.000899146	1
21	392	1673	0.308484	0.25757	0.00463284	1
21	393	2445	5.93318	5.83866	0.0040855	1
21	394	25455	4.28618	4.39621	0.00378155	1
21	395	1317	0.0663727	0.0734904	0.000646249	1
21	396	12337	0.00202089	0.00234527	4.63924e-05	1
21	397	436	1.44926	1.50817	0.00534128	0
21	398	8259	5.08978	4.99108	0.00619017	1
21	399	1187	0.0434008	0.0453071	0.000160915	1
21	400	1916	6.31341	6.09628	0.00175453	1
21	401	338	3.55928	3.38605	0.00301106	1
21	402	713	0.0856163	0.0845813	0.000478599	1
21	403	3297	0.113937	0.12699	0.000900705	1
21	404	260	1.08538	1.07965	0.00315622	1
21	405	339	3.46592	3.2202	0.0055302	1
21	406	58	7.71297	7.51675	9.59916e-05	1
21	407	62	0.0961788	0.0802887	0.00338397	1
21	408	21436	6.38851	6.41737	0.0040124	1
21	409	260	0.507222	0.531651	0.0021641	1
21	410	5580	4.07427	4.12666	0.00270069	1
21	411	288	0.603243	0.568932	0.00314506	1
21	412	7219	4.22754	4.12217	0.0047789	1
21	413	351	0.737847	0.677795	0.00266421	1
21	414	260	0.532633	0.553107	0.00299492	1
21	415	3901	2.60523	2.37805	0.00785785	1
21	416	282	0.0565317	0.0647223	0.000809446	1
21	417	339	6.71482	6.47312	0.00286964	1
21	418	313	0.289333	0.239953	0.00565296	1
21	419	284	0.994073	0.865699	0.0102043	1
21	420	7925	0.121954	0.129428	0.000698114	1
21	421	18278	0.0764065	0.0619511	0.00204233	1
21	422	8662	0.00013149	0.000131189	1.31343e-06	1
21	423	1793	4.21624	4.35073	0.00378042	1
21	424	260	1.47268	1.55025	0.00421375	1
21	425	11478	12.3377	12.2257	0.00263844	1
21	426	16280	5.31098	5.29989	0.00346324	1
21	427	3171	5.59915	5.58731	0.00695147	1
21	428	5580	1.15292	1.21356	0.00237629	1
21	429	327	1.87458	1.95535	0.0026402	1
21	430	260	0.390377	0.417163	0.00207292	1
21	431	7761	6.15556	6.0081	0.00417959	1
21	432	281	1.26099	1.17863	0.00285544	1
21	433	4185	3.448	3.45634	0.000668593	1
21	434	216	0.144796	0.158914	0.00103876	1
21	435	33	0.000755642	0.000726963	2.40982e-06	1
21	436	41	0.000611335	0.000643162	2.32458e-06	1
21	437	33	0.00510482	0.00531581	7.27047e-06	1
21	438	36	0.924648	0.875611	0.00209535	1
21	439	1673	0.108832	0.103778	0.000362085	1
21	440	3717	0.529631	0.539659	0.000972803	1
21	441	3717	4.74419	4.85806	0.00277112	1
21	442	446	10.1123	10.1537	0.00738121	1
21	443	446	3.01672	3.23879	0.0108237	1
21	444	5843	9.18876	9.18143	0.0040564	1
21	445	284	2.27844	1.93676	0.0156296	1
21	446	5410	9.06038	9.07666	0.00227804	1
21	447	446	2.90437	2.76069	0.00277878	1
21	448	446	1.60538	1.49522	0.0038248	1
21	449	3717	1.65643	1.77821	0.00338557	1
21	450	3717	1.64376	1.86341	0.00674603	1
21	451	378	0.846876	0.915695	0.00731501	1
21	452	2894	11.935	11.7773	0.00490322	1
21	453	282	0.162242	0.154833	0.00096418	1
21	454	42303	11.705	11.2844	0.00598007	1
21	455	15037	0.025722	0.0334952	0.00113752	1
21	456	637	6.87101	7.031	0.00542422	1
21	457	99	0.551815	0.540996	0.00404171	1
21	458	3901	4.48825	4.51853	0.00367232	1
21	459	3297	4.07232	4.06899	0.00279295	1
21	460	979	3.88704	3.80279	0.00342991	1
21	461	260	2.04926	2.15545	0.0066696	1
21	462	339	1.77451	1.77006	0.00345551	1
21	463	58	0.0285672	0.0323372	0.000591636	1
21	464	62	0.00559425	0.00623377	0.000169281	1
21	465	25693	7.6436	7.66044	0.00326523	1
21	466	327	0.922827	0.909874	0.0028275	1
21	467	260	1.26414	1.37384	0.00477731	1
21	468	5580	4.14234	4.21742	0.0034639	1
21	469	288	1.57789	1.56333	0.00191739	1
21	470	325	1.87786	1.68361	0.027181	0
21	471	5118	5.36079	5.24564	0.00630058	1
21	472	284	5.02029	4.93644	0.00199707	1
21	473	4359	10.3409	10.1216	0.00380375	1
21	474	7740	9.1629	9.17325	0.00486663	1
21	475	3297	4.54267	4.85224	0.00516918	1
21	476	2952	5.70095	5.77794	0.00345251	1
21	477	260	2.41337	2.37528	0.00738371	0
21	478	339	2.32773	2.39969	0.00387244	1
21	479	58	0.0186523	0.0163305	0.000343022	1
21	480	62	0.00248963	0.00254252	3.65477e-05	1
21	481	288	0.180144	0.188779	0.000886355	1
21	482	42191	5.57081	5.60292	0.00392921	1
21	483	260	1.46292	1.5744	0.00294417	1
21	484	42303	7.01391	7.08606	0.00325489	1
21	485	15037	0.00778764	0.00910196	0.000188276	1
21	486	3394	7.01004	7.39574	0.00519116	1
21	487	29	0.0188313	0.0231716	0.000692455	1
21	488	48	0.0095092	0.00958858	5.36521e-05	1
21	489	1128	0.451227	0.432066	0.00100229	1
21	490	1157	1.61472	1.71389	0.00623533	1
21	491	1673	1.35053	1.34036	0.00351589	0
21	492	378	1.4862	1.42117	0.00368929	1
21	493	4225	12.9525	12.9849	0.00825298	1
21	494	282	0.101472	0.0950191	0.00161859	1
21	495	260	0.767196	0.738089	0.00370607	1
21	496	49104	9.20074	9.20304	0.00556735	1
21	497	4452	1.21438	1.26595	0.00231106	1
21	498	6341	2.75949	2.81922	0.0077794	1
21	499	6615	2.47377	2.48219	0.0137487	1
21	500	26466	0.026563	0.0295845	0.000325661	1
21	501	436	1.48742	1.49953	0.00190581	1
21	502	260	4.19735	4.28127	0.00421037	0
21	503	768	2.71824	2.78552	0.0133428	1
21	504	5452	4.06998	4.15801	0.00589221	1
21	505	16298	5.88979	6.03292	0.0065796	1
21	506	347	5.98876	6.15527	0.00588269	1
21	507	502	3.37376	3.42379	0.00464885	1
21	508	6991	9.36175	9.53122	0.00330269	1
21	509	260	0.212978	0.251066	0.0039968	1
21	510	3542	8.63395	8.57286	0.00556292	1
22	256	288	3.41139	3.40616	0.00415905	1
22	257	216	1.48772	1.59949	0.00426702	1
22	258	34	1.92305	1.92856	0.000478178	1
22	259	35	2.86795	2.84355	0.00151105	1
22	260	25035	5.46558	4.93922	0.00490463	1
22	261	365	0.126834	0.134648	0.000723697	1
22	262	216	0.0263117	0.0274679	0.000157479	1
22	263	36	1.01466	1.01587	0.00124383	1
22	264	35	2.31955	2.4363	0.0032346	1
22	265	6381	0.862098	0.816458	0.00825155	1
22	266	2272	0.0387323	0.0393062	6.99068e-05	1
22	267	294	0.0756744	0.0644266	0.0022974	1
22	268	8544	0.615613	0.497349	0.0165084	1
22	269	216	0.00517729	0.00577404	5.09012e-05	1
22	270	34	2.30496	2.27604	0.00443353	1
22	271	38	2.00266	2.0464	0.000682268	1
22	272	20157	0.57636	0.607156	0.0047756	1
22	273	2481	0.207994	0.215911	0.00148572	1
22	274	1673	0.812855	0.824165	0.00149863	1
22	275	1626	4.76772	4.76495	0.00167031	1
22	276	3898	5.01472	4.98067	0.00280098	0
22	277	2613	3.42126	3.43041	0.00345275	1
22	278	260	1.00895	1.05769	0.00267601	1
22	279	9656	10.9065	10.8945	0.00346734	1
22	280	290	0.0792629	0.0825553	0.00189732	1
22	281	16036	3.3055	2.9513	0.0142845	1
22	282	436	1.02612	1.05252	0.00378503	1
22	283	27203	3.18172	3.15307	0.00338087	1
22	284	588	3.77448	3.65874	0.00346169	1
22	285	338	0.611598	0.611002	0.000799825	1
22	286	260	0.611249	0.602729	0.00132997	1
22	287	2208	3.97791	3.90376	0.00470339	1
22	288	49104	9.26504	9.29579	0.00341866	1
22	289	4452	0.757605	0.783986	0.00130773	1
22	290	6341	1.60469	1.56134	0.00254531	1
22	291	48379	3.88733	3.82216	0.00774612	1
22	292	436	0.993417	0.970809	0.00358386	1
22	293	2208	4.7166	4.60653	0.00778167	1
22	294	670	1.55119	1.52229	0.00184902	1
22	295	281	2.74584	2.71106	0.00100663	1
22	296	260	0.612064	0.665338	0.00229957	1
22	297	42303	6.31575	6.69875	0.00254179	1
22	298	15037	0.0106687	0.013655	0.000461068	1
22	299	1128	0.252791	0.244613	0.000741948	1
22	300	1673	1.24104	1.20248	0.00394162	1
22	301	669	2.74651	2.66507	0.00222219	1
22	302	3954	2.65489	2.65094	0.00278071	0
22	303	260	0.171714	0.154366	0.00196607	1
22	304	8612	5.33342	5.39576	0.0033459	1
22	305	637	6.06341	6.1394	0.00678794	1
22	306	99	0.332426	0.375492	0.00387102	1
22	307	20777	9.7442	9.82284	0.00472697	1
22	308	4435	9.68024	9.77852	0.00308337	1
22	309	253	3.09474	3.1341	0.00218051	1
22	310	1546	4.49152	4.57008	0.0032659	1
22	311	2081	0.654461	0.694871	0.00452029	1
22	312	281	0.0326189	0.0312324	0.000134094	1
22	313	260	1.66361	1.71631	0.00411393	1
22	314	8612	3.612	3.56893	0.0041788	1
22	315	637	0.717425	0.800603	0.00516612	1
22	316	99	0.00958911	0.0120593	0.000325788	1
22	317	2966	4.03898	3.98453	0.00373441	1
22	318	284	2.29302	2.34876	0.00260106	1
22	319	14309	9.68112	9.56687	0.0032263	1
22	320	12873	5.80673	6.02985	0.00757376	1
22	321	24781	6.56973	6.89809	0.00605309	1
22	322	9010	4.13224	4.13878	0.00442615	1
22	323	1541	3.89997	3.73917	0.00550068	1
22	324	463	4.63438	4.70755	0.0153253	1
22	325	35455	2.13358	2.43635	0.0331879	1
22	326	4484	6.75698	6.7844	0.00534994	1
22	327	338	0.581167	0.573072	0.00288659	1
22	328	623	4.29422	4.3231	0.00181426	1
22	329	7761	5.15738	5.09865	0.00546242	1
22	330	761	2.48167	2.4588	0.00330326	1
22	331	260	3.1359	3.22306	0.00228436	1
22	332	9250	5.33753	5.3136	0.00954669	1
22	333	3597	9.22574	9.37793	0.00608753	0
22	334	1307	3.40605	3.85866	0.0077548	1
22	335	282	1.02566	1.04813	0.00441354	1
22	336	750	1.41459	1.51985	0.00338231	1
22	337	4931	1.42826	1.43149	0.00279333	1
22	338	3575	5.05008	5.01705	0.00233462	1
22	339	5575	0.431256	0.402353	0.0030125	1
22	340	1673	0.693628	0.666209	0.0021009	1
22	341	378	1.48158	1.54484	0.0026643	1
22	342	3403	6.3407	6.46538	0.00544439	1
22	343	1157	0.802424	0.852846	0.00536486	1
22	344	436	1.10087	1.04472	0.00500682	1
22	345	10044	6.67911	6.73104	0.00534381	1
22	346	330	6.91531	6.91206	0.00115737	1
22	347	3394	13.1292	13.0281	0.00660483	1
22	348	29	0.60745	0.740736	0.0121031	1
22	349	48	0.0196686	0.0190014	0.000469098	1
22	350	216	1.31888	1.16466	0.00822139	1
22	351	41	3.9019	3.92365	0.00119943	0
22	352	34	2.92482	2.83616	0.00175979	1
22	353	411	4.8643	4.8933	0.00692124	1
22	354	260	0.333332	0.358029	0.00205178	1
22	355	339	0.72715	0.749342	0.00151004	1
22	356	58	0.0118689	0.0114336	0.000178899	1
22	357	62	0.00732795	0.00855151	0.000195458	1
22	358	284	1.21097	1.11709	0.00456756	1
22	359	28289	6.50685	6.60219	0.00335878	1
22	360	2001	10.9505	10.8111	0.0042154	1
22	361	429	0.24828	0.230438	0.00120182	1
22	362	260	0.367472	0.350013	0.00156144	1
22	363	330	4.26684	4.38763	0.00428205	1
22	364	3394	1.37722	1.27357	0.00786107	1
22	365	29	0.0183153	0.018889	0.000105319	1
22	366	48	0.00399609	0.00346345	8.29771e-05	1
22	367	216	0.474437	0.463007	0.00117431	1
22	368	38	3.06242	3.17738	0.00161373	1
22	369	36	2.43773	2.4629	0.00207664	1
22	370	1157	1.93516	1.84403	0.00672972	1
22	371	282	2.39435	2.46794	0.00230651	1
22	372	260	0.26309	0.255572	0.00144299	1
22	373	42303	2.76699	3.02128	0.00553788	1
22	374	15037	0.00840173	0.0101703	0.000213655	1
22	375	1128	0.185274	0.186747	0.000646048	1
22	376	338	1.62341	1.67906	0.00574443	1
22	377	357	0.683261	0.68546	0.00114323	1
22	378	436	0.512766	0.482833	0.00203472	1
22	379	2500	3.05223	3.12481	0.00457153	1
22	380	253	1.54964	1.52411	0.00244505	1
22	381	4447	4.98236	4.89256	0.00691194	1
22	382	1128	2.90084	2.87454	0.00226097	1
22	383	1673	1.12314	1.09338	0.00217504	1
22	384	3717	6.38095	6.68257	0.0023	1
22	385	378	3.99682	4.03402	0.00186586	1
22	386	7761	6.04764	6.05841	0.00508893	1
22	387	761	3.65711	3.75684	0.00298144	1
22	388	253	1.16532	1.27592	0.0049293	1
22	389	3519	3.70824	3.92724	0.00374972	1
22	390	282	0.0617374	0.0668431	0.000539889	1
22	391	216	0.212118	0.201455	0.00113055	1
22	392	34	2.13715	2.13147	0.000293081	1
22	393	32	2.09773	2.11217	0.000318493	1
22	394	40	2.07937	2.11387	0.00109521	1
22	395	3394	9.13023	9.13874	0.00854665	0
22	396	30	0.851805	0.680895	0.0130479	0
22	397	48	0.0790566	0.0641878	0.00177064	1
22	398	216	0.593676	0.535283	0.00447559	1
22	399	33	1.71262	1.69671	0.000275544	1
22	400	40	2.63791	2.64933	0.000378216	1
22	401	13897	5.38085	5.41101	0.00342286	1
22	402	365	0.256944	0.298888	0.00288596	1
22	403	216	0.127308	0.12659	0.000688131	1
22	404	38	0.358925	0.349153	0.000763429	1
22	405	40	1.22924	1.41549	0.00880783	1
22	406	35	3.6403	3.85418	0.0173336	1
22	407	11083	0.555485	0.536289	0.00307857	1
22	408	216	1.06381	1.01267	0.00119768	1
22	409	32	3.10457	3.12274	0.00209127	1
22	410	281	0.77655	0.637753	0.0126541	1
22	411	2481	0.0876936	0.0986328	0.0015499	1
22	412	3043	6.7635	6.65377	0.0028056	1
22	413	3297	2.36721	2.44333	0.0146797	1
22	414	253	1.24127	1.38014	0.00546728	1
22	415	11225	0.0671568	0.068145	0.000269788	1
22	416	282	0.016156	0.0146989	0.000123302	1
22	417	216	0.054163	0.0561467	0.000155375	1
22	418	34	1.95664	1.97433	0.000451564	1
22	419	40	2.43037	2.49971	0.000881428	0
22	420	3394	3.26499	3.19323	0.00147265	1
22	421	30	0.00133518	0.00166019	4.12418e-05	1
22	422	48	0.00160107	0.00136454	2.43794e-05	1
22	423	216	0.034832	0.0287826	0.000906081	1
22	424	38	2.08932	2.10836	0.00122214	1
22	425	37	5.60351	5.51709	0.00142667	1
22	426	13897	0.956752	0.953762	0.00433391	1
22	427	365	0.0162207	0.0174075	0.00011098	1
22	428	216	0.0168502	0.0169282	0.000162067	1
22	429	41	0.175459	0.17104	8.18407e-05	1
22	430	36	2.44341	2.42957	0.000338156	1
22	431	11083	3.40365	3.63355	0.00204714	1
22	432	216	0.0345901	0.0323901	0.000380858	1
22	433	32	0.605454	0.654771	0.00178426	1
22	434	281	0.0152457	0.0133986	0.000216829	1
22	435	2481	0.0192209	0.0212989	0.000296887	1
22	436	284	1.35093	1.30973	0.00285286	1
22	437	253	0.210442	0.231443	0.00177475	1
22	438	5010	2.17658	2.16902	0.00149871	1
22	439	10586	0.0166189	0.0162851	0.000223338	1
22	440	282	0.0187116	0.0205061	0.000157806	1
22	441	216	0.0575528	0.0556618	0.000187377	1
22	442	40	2.80165	2.8266	0.00108446	1
22	443	3394	3.59034	3.37726	0.00371374	1
22	444	30	0.000657693	0.000675971	1.55325e-06	1
22	445	48	0.000734334	0.000693927	2.37955e-06	1
22	446	216	0.0175862	0.0168712	0.000122845	1
22	447	41	3.21824	3.16599	0.00178433	1
22	448	35	3.16966	3.15188	0.0029296	1
22	449	13897	0.679912	0.647135	0.00290925	1
22	450	365	0.0136222	0.0148668	7.80145e-05	1
22	451	216	0.00950886	0.0108823	0.000144032	1
22	452	34	0.0334598	0.0305866	0.000141423	1
22	453	41	5.52565	5.39865	0.00171469	1
22	454	11083	2.053	2.02221	0.00153283	1
22	455	216	0.022587	0.0200163	0.000226977	1
22	456	36	2.93899	2.82466	0.0025952	1
22	457	281	0.375858	0.449857	0.00708532	1
22	458	2481	0.0665056	0.0724935	0.000470948	1
22	459	418	2.42319	2.5578	0.00370383	1
22	460	2276	8.30387	8.26037	0.0128085	1
22	461	3509	10.5637	10.8618	0.00217737	1
22	462	1673	0.385312	0.39596	0.00151507	1
22	463	1069	2.38567	2.27388	0.00322745	1
22	464	17601	5.79097	5.80017	0.00144099	1
22	465	216	0.16868	0.176967	0.000763434	1
22	466	35	2.04187	2.03178	0.00039387	1
22	467	38	2.34334	2.34852	0.000479496	1
22	468	3394	3.23341	3.19048	0.00293045	1
22	469	28	8.85776	9.26446	0.000347501	1
22	470	48	4.92936	4.43669	0.00337404	1
22	471	216	0.0937738	0.0943873	0.00117136	1
22	472	37	2.65218	2.61393	0.00935237	1
22	473	32	1.80338	1.88553	0.00235035	1
22	474	32	1.79544	1.75692	0.00432695	1
22	475	986	5.00794	5.01576	0.0044797	0
22	476	8274	0.290474	0.339795	0.00556361	1
22	477	365	0.115382	0.133478	0.00148386	1
22	478	216	0.0210251	0.026139	0.000700043	1
22	479	35	1.14363	1.36411	0.015564	1
22	480	39	2.14709	2.1577	0.0159096	1
22	481	3394	2.50349	2.68026	0.00795346	1
22	482	28	3.41779	3.78542	0.00311963	1
22	483	48	0.204317	0.214359	0.00172581	1
22	484	216	0.00893909	0.00802556	0.000104362	1
22	485	33	2.5485	2.71197	0.0051683	0
22	486	32	1.3248	1.33255	0.000488281	1
22	487	32	1.20254	1.20251	0.000605313	1
22	488	252	6.89612	7.05444	0.00172499	1
22	489	2481	0.195163	0.196232	0.000482409	1
22	490	418	2.05153	2.07963	0.00336202	1
22	491	2276	7.56859	7.94388	0.00646381	1
22	492	3509	0.533234	0.523005	0.00180782	1
22	493	3297	2.70671	2.69717	0.00112248	1
22	494	8553	7.37263	7.33094	0.00335059	1
22	495	216	1.50627	1.53083	0.000947084	1
22	496	38	2.58328	2.5997	0.000505082	1
22	497	37	2.65247	2.59114	0.00190164	1
22	498	32	0.538988	0.545533	0.00210949	1
22	499	986	3.8767	3.93606	0.00668204	1
22	500	8274	0.0242666	0.0260229	0.000325599	1
22	501	365	0.0633214	0.0704883	0.00060198	1
22	502	216	0.0128093	0.0148033	0.000208043	1
22	503	38	2.39898	2.61836	0.00325403	1
22	504	38	2.0512	2.0693	0.00108609	1
22	505	32	0.892337	0.941179	0.00414678	1
22	506	252	0.0679594	0.0707654	0.000353576	1
22	507	2481	0.0774997	0.0752181	0.000499648	1
22	508	540	5.24943	5.22944	0.00296464	1
22	509	670	0.328068	0.243568	0.0140674	1
22	510	260	0.418198	0.460301	0.00524104	1
23	256	36	1.69099	1.54366	0.00331118	1
23	257	34	2.13797	2.09223	0.00212644	1
23	258	3394	4.48566	4.50343	0.00495243	1
23	259	28	0.271861	0.333953	0.00558618	1
23	260	48	0.0143196	0.0142463	0.000116365	1
23	261	216	0.00508716	0.00554306	5.34821e-05	1
23	262	38	6.15826	6.0745	0.000166299	1
23	263	39	3.22345	3.08355	0.00738633	1
23	264	37	6.15403	6.0174	0.000948825	1
23	265	252	0.0640562	0.0492103	0.00250641	1
23	266	2481	0.0199622	0.0206828	4.90277e-05	1
23	267	418	3.94611	3.90022	0.000810112	1
23	268	2276	2.99643	2.85799	0.00635983	1
23	269	3509	0.49302	0.469558	0.00332234	1
23	270	1673	0.183698	0.193694	0.000742901	1
23	271	378	2.22886	2.27197	0.00224037	1
23	272	8612	4.9964	5.20782	0.0042544	1
23	273	1209	6.25744	6.1852	0.00404884	1
23	274	22266	3.66428	3.64335	0.00261444	1
23	275	216	0.106411	0.114201	0.000554499	1
23	276	33	1.27288	1.2641	0.000232039	1
23	277	3394	5.76912	5.72566	0.000826403	1
23	278	28	0.307282	0.349707	0.00291894	1
23	279	48	0.202646	0.19013	0.000716906	1
23	280	216	0.0312812	0.0257881	0.000669681	1
23	281	35	1.35886	1.32669	0.00232518	1
23	282	39	3.14402	3.13324	0.000688242	1
23	283	38	2.35809	2.45063	0.000921031	1
23	284	8497	0.206116	0.198398	0.000872323	1
23	285	284	0.13025	0.117289	0.00106314	1
23	286	28232	0.684177	0.67772	0.00169018	1
23	287	1800	0.037816	0.03469	0.000416968	1
23	288	1673	0.322199	0.360261	0.00442429	1
23	289	3717	1.59605	1.64818	0.00257973	1
23	290	3717	4.29277	4.40466	0.00197733	1
23	291	446	8.77178	8.93943	0.0073762	1
23	292	446	3.71594	3.71471	0.00520327	1
23	293	446	0.528389	0.528737	0.0070914	1
23	294	35713	13.9738	13.8881	0.00514194	1
23	295	446	4.08033	3.78645	0.00876725	1
23	296	446	1.39234	1.22281	0.010445	0
23	297	446	0.295385	0.296233	0.0010976	1
23	298	3717	2.34688	2.55249	0.0092636	1
23	299	3717	1.42085	1.47678	0.00369837	1
23	300	378	1.2146	1.17297	0.00426655	1
23	301	339	7.53072	7.48008	0.0035628	1
23	302	313	6.16565	6.1813	0.00958948	1
23	303	3394	11.0504	11.0194	0.0137892	1
23	304	29	4.87472	4.90061	0.00988196	1
23	305	48	8.41494	8.37856	0.00942101	1
23	306	1128	4.52448	4.55626	0.00342866	1
23	307	7761	3.75006	3.54745	0.00462676	1
23	308	761	2.0574	2.07482	0.00386071	1
23	309	827	2.71187	2.59401	0.00354207	1
23	310	5208	4.58915	4.44624	0.00818949	1
23	311	282	0.0163687	0.0146968	0.00019586	1
23	312	1454	8.75267	8.81558	0.00514485	1
23	313	3394	14.0043	13.9843	0.00428498	1
23	314	29	1.38911	1.35628	0.0110097	1
23	315	48	0.0988297	0.0958341	0.000879198	1
23	316	4926	3.44552	3.38308	0.00486891	1
23	317	9403	6.56804	6.53647	0.00943722	1
23	318	17577	1.45741	1.3936	0.0041015	1
23	319	3297	2.09624	2.07825	0.00342674	1
23	320	971	1.79117	1.73945	0.00441083	1
23	321	282	1.99958	2.08458	0.00292199	1
23	322	527	0.147698	0.144349	0.000313844	1
23	323	19036	3.56043	3.72844	0.0056107	1
23	324	827	2.31664	2.3281	0.00254382	1
23	325	38843	6.00898	5.87555	0.00313843	0
23	326	39227	0.158031	0.166292	0.00101468	1
23	327	351	4.42279	4.38094	0.00299904	1
23	328	216	2.42143	2.4922	0.00336835	1
23	329	35	1.87629	1.91597	0.000970891	1
23	330	3394	3.88184	3.70745	0.00258203	1
23	331	30	1.43322	1.20395	0.016694	1
23	332	48	0.0321792	0.032591	0.000114608	1
23	333	216	0.761816	0.826818	0.00540169	1
23	334	36	2.29665	2.33247	0.00144472	1
23	335	34	3.11976	3.0312	0.00663229	1
23	336	41	5.65983	5.78932	0.00454375	1
23	337	3394	6.15432	6.10169	0.00349361	0
23	338	29	2.08252	1.94232	0.0130855	1
23	339	48	0.0294111	0.0273306	0.000295937	1
23	340	31275	10.3902	10.5702	0.00478052	1
23	341	365	0.860279	0.823528	0.0037294	1
23	342	216	0.0922139	0.0815854	0.000995175	1
23	343	33	0.212403	0.182885	0.00270097	1
23	344	33	2.24778	2.26454	0.00431132	1
23	345	11083	0.255308	0.216156	0.00419852	1
23	346	216	0.350554	0.324249	0.00250403	1
23	347	35	2.30521	2.4003	0.00132924	1
23	348	281	1.63006	1.62249	0.00367461	1
23	349	2481	0.090307	0.0999095	0.000973972	1
23	350	3766	3.24481	3.32165	0.00531964	1
23	351	16549	0.00957905	0.00844325	0.000201871	1
23	352	1673	0.90602	0.964778	0.0074075	1
23	353	378	1.58586	1.61848	0.00322403	1
23	354	904	6.16338	6.30592	0.00328429	0
23	355	3394	5.98371	6.23747	0.00462454	1
23	356	29	0.623151	0.684431	0.00562632	1
23	357	48	0.00782703	0.00661543	0.000146499	1
23	358	2456	2.11265	2.1064	0.00436923	1
23	359	17577	6.40922	6.17795	0.00753513	1
23	360	19036	3.96682	3.99849	0.00230547	1
23	361	260	0.831627	0.866629	0.00269635	1
23	362	10879	9.16813	9.13829	0.00492445	1
23	363	39227	3.23826	3.04621	0.00752265	1
23	364	979	3.70841	3.67035	0.00447039	1
23	365	260	0.0782538	0.0780805	0.000332616	1
23	366	1642	1.007	0.928851	0.00435357	1
23	367	3394	0.309914	0.294224	0.00137054	1
23	368	29	0.0169464	0.0201911	0.000420605	1
23	369	48	0.000425412	0.00041848	1.02921e-06	1
23	370	2456	0.284606	0.278998	0.000975939	1
23	371	17577	0.1522	0.152979	0.000566116	1
23	372	19036	0.267395	0.271806	0.00102945	1
23	373	260	0.0435424	0.0511243	0.000884928	1
23	374	6210	7.41614	7.4057	0.00464745	1
23	375	39227	4.35877	4.55392	0.00717607	1
23	376	1673	0.432559	0.492235	0.0056964	1
23	377	378	0.994416	0.999256	0.00334085	1
23	378	17577	4.80045	4.74655	0.00362455	1
23	379	592	0.520904	0.559941	0.00303959	1
23	380	2724	3.58608	3.59329	0.00285649	0
23	381	288	0.367222	0.343882	0.00121002	1
23	382	2690	2.7653	2.77151	0.00163151	1
23	383	253	1.51291	1.59104	0.0031079	1
23	384	2719	4.31556	4.25452	0.00322864	1
23	385	282	0.590925	0.559786	0.00153754	1
23	386	216	0.148747	0.150466	0.00102004	1
23	387	36	2.30218	2.27727	0.000368492	1
23	388	32	1.49548	1.47867	0.00155471	1
23	389	3394	3.30373	3.33745	0.00184097	1
23	390	28	2.21338	2.37288	0.00335398	1
23	391	48	0.0273548	0.0235948	0.000316861	1
23	392	216	0.287257	0.299111	0.00135417	1
23	393	32	1.27261	1.22522	0.00146761	1
23	394	32	0.22537	0.226309	0.000789797	1
23	395	32	0.525776	0.487833	0.00174715	1
23	396	355	6.06252	5.9496	0.00430487	1
23	397	216	0.336869	0.348527	0.00211394	1
23	398	36	0.604066	0.626984	0.000468437	1
23	399	37	3.96321	3.94192	0.00267532	1
23	400	3394	1.08767	1.0888	0.00259068	1
23	401	28	0.416411	0.461291	0.00324981	1
23	402	48	0.00653615	0.00610932	3.18157e-05	1
23	403	216	0.014113	0.0127495	0.000156388	1
23	404	32	0.484958	0.451337	0.001587	1
23	405	32	0.0908396	0.0913561	0.000279166	1
23	406	32	0.873595	0.817483	0.00123456	1
23	407	18781	5.783	5.7688	0.00438013	1
23	408	43866	1.43135	1.36547	0.00451126	1
23	409	365	3.32619	3.45993	0.00480266	1
23	410	216	0.247084	0.253483	0.00195574	1
23	411	35	2.2475	2.25698	0.00179124	1
23	412	32	1.30338	1.24787	0.00136448	1
23	413	3394	2.25175	2.31579	0.00338325	1
23	414	28	0.183422	0.204468	0.00207075	1
23	415	48	0.012663	0.012321	1.50135e-05	1
23	416	216	0.0212365	0.0198205	0.000228833	1
23	417	32	0.598317	0.585805	0.000583513	1
23	418	32	0.179761	0.166086	0.000984751	1
23	419	32	0.151729	0.145424	0.000284432	1
23	420	355	2.82262	2.9876	0.00978039	1
23	421	216	0.0135343	0.0128938	0.00013189	1
23	422	35	0.731741	0.696027	0.00169584	1
23	423	36	3.82521	3.8692	0.000623431	1
23	424	3394	0.232674	0.248687	0.00188678	1
23	425	28	0.0455307	0.0467324	0.000279047	1
23	426	48	0.0027375	0.00282182	1.12724e-05	1
23	427	216	0.00671703	0.00712428	2.99391e-05	1
23	428	32	0.19207	0.141681	0.00843254	1
23	429	32	0.0352003	0.034367	5.44029e-05	1
23	430	32	0.0558428	0.0562832	1.17939e-05	1
23	431	36398	2.97037	2.98688	0.0279439	1
23	432	2481	0.177386	0.191698	0.00136716	1
23	433	365	6.5551	6.70068	0.00227658	1
23	434	7925	13.3307	13.3982	0.0049975	1
23	435	18278	13.4267	13.1965	0.0210171	1
23	436	8662	0.0227406	0.0260352	0.000936291	1
23	437	284	3.93595	3.70376	0.00430082	0
23	438	339	3.18683	3.31929	0.00543264	1
23	439	313	0.257927	0.219091	0.00481852	1
23	440	7827	5.08388	5.13151	0.00288503	1
23	441	2481	0.221073	0.261903	0.00628356	1
23	442	3297	2.92832	2.94407	0.00543319	1
23	443	1015	5.60643	5.56	0.00366883	1
23	444	9403	4.60796	4.68961	0.00206741	1
23	445	2711	5.69768	5.59987	0.00589081	1
23	446	411	0.0882088	0.0809977	0.000491826	1
23	447	216	2.5965	2.57993	0.00351366	1
23	448	34	1.8623	1.88505	0.00118869	1
23	449	36	2.19152	2.16447	0.00518649	1
23	450	46756	10.596	10.4288	0.00698101	1
23	451	258	3.70977	3.76687	0.0164899	1
23	452	11849	10.8541	10.9316	0.00746813	1
23	453	452	9.29764	9.54269	0.0154918	1
23	454	15037	3.49768	3.60414	0.00925426	1
23	455	913	9.05219	9.24797	0.0134698	1
23	456	3394	9.13708	9.49635	0.00574226	1
23	457	29	0.352112	0.40295	0.00590139	1
23	458	48	0.0189741	0.0180311	0.000170075	1
23	459	8223	7.90726	7.88759	0.00671183	1
23	460	36001	1.30126	1.24776	0.00694061	1
23	461	418	3.86236	3.90693	0.00263996	1
23	462	1891	7.94889	7.88951	0.00188869	1
23	463	11820	3.99227	3.89622	0.00352688	1
23	464	282	0.145271	0.149501	0.000386005	1
23	465	216	0.0983981	0.117703	0.00191977	1
23	466	33	1.18111	1.22271	0.000808635	1
23	467	35	2.85332	2.8564	0.000898917	1
23	468	816	8.82234	8.85749	0.00135475	1
23	469	216	0.0157476	0.0153642	6.73355e-05	1
23	470	33	0.290996	0.275678	0.00056677	1
23	471	38	1.7912	1.81303	0.00119342	1
23	472	3394	0.650887	0.675088	0.00345474	1
23	473	30	0.100784	0.0924026	0.000507461	1
23	474	48	0.0034146	0.00311746	5.15728e-05	1
23	475	216	0.0659576	0.0602008	0.00114661	1
23	476	41	4.55688	4.71576	0.00293423	1
23	477	11134	7.79464	7.6594	0.00686962	1
23	478	2272	0.906905	0.824318	0.00346059	0
23	479	5973	1.61553	1.50761	0.00491209	1
23	480	34	2.72512	2.64832	0.0200846	1
23	481	365	1.26734	1.29025	0.00646217	1
23	482	216	0.0858625	0.0763389	0.00134905	1
23	483	33	1.45924	1.51263	0.00115032	1
23	484	3394	5.97314	6.03972	0.00168142	1
23	485	28	0.722626	0.809874	0.00421952	0
23	486	48	0.0160537	0.0140701	0.00017834	1
23	487	216	0.0197409	0.0215563	0.000255814	1
23	488	34	2.37485	2.40361	0.00028477	1
23	489	39	3.06961	3.08815	0.00271113	1
23	490	37	2.4814	2.41519	0.00209536	1
23	491	816	3.37406	3.78264	0.0138126	1
23	492	216	0.0166228	0.0179227	0.00016021	1
23	493	33	3.80076	3.92664	0.00162963	1
23	494	3394	3.56753	3.36943	0.00141775	1
23	495	28	0.255202	0.25574	0.00102191	1
23	496	48	0.0223275	0.0287146	0.000883979	1
23	497	216	0.0221998	0.0225936	8.8429e-05	1
23	498	38	2.55558	2.62781	0.000616488	1
23	499	37	2.38422	2.38271	0.00144576	1
23	500	39	3.41388	3.53373	0.00495727	1
23	501	501	2.30539	2.34029	0.00406786	1
23	502	28694	0.116921	0.126105	0.00134845	1
23	503	8544	5.9581	5.9666	0.000380615	1
23	504	216	0.460929	0.425311	0.00353308	1
23	505	33	1.19774	1.16664	0.000534692	1
23	506	40	3.19694	3.209	0.00133301	1
23	507	37	3.1997	3.12575	0.00425638	1
23	508	816	4.10363	4.26952	0.00308743	1
23	509	216	0.0126588	0.0117739	0.000139696	1
23	510	34	0.82877	0.80534	0.000425216	1
24	256	216	0.00984296	0.00877445	0.000103205	1
24	257	33	0.990971	0.899104	0.00741097	1
24	258	36	2.433	2.38725	0.00231661	1
24	259	32	1.87117	1.84271	0.00124638	0
24	260	11488	3.10682	2.98773	0.00413458	1
24	261	2481	0.34531	0.417127	0.00598735	1
24	262	418	3.34728	3.32308	0.00381882	1
24	263	253	2.85531	2.98505	0.00285346	1
24	264	3547	0.530441	0.52882	0.00147999	1
24	265	282	0.0181847	0.0225299	0.000533418	1
24	266	216	0.0534571	0.057011	0.000298279	1
24	267	33	1.2486	1.26655	0.000250887	1
24	268	36	2.68376	2.65297	0.000845557	1
24	269	25035	2.03912	2.00839	0.00129584	1
24	270	365	0.159599	0.162628	0.00037809	1
24	271	216	0.0277027	0.0315277	0.000350634	1
24	272	34	0.34533	0.435824	0.00979185	1
24	273	38	2.37058	2.32439	0.00722597	1
24	274	6381	4.21404	4.16719	0.0108726	1
24	275	2272	0.0362954	0.0367297	6.55166e-05	1
24	276	294	0.0697548	0.0644476	0.000404793	1
24	277	8544	0.124824	0.132639	0.000764367	1
24	278	216	0.00742998	0.00615979	0.000136266	1
24	279	33	1.42932	1.42797	0.00141094	1
24	280	38	2.40401	2.40259	0.00051436	1
24	281	20157	0.334307	0.374124	0.00256125	1
24	282	2481	0.268294	0.237971	0.00256362	1
24	283	1673	1.51047	1.52149	0.00206204	1
24	284	339	3.43155	3.54699	0.00209847	1
24	285	313	0.331011	0.299947	0.00356955	1
24	286	284	2.0504	2.03025	0.0026993	1
24	287	7925	0.127268	0.139208	0.00129235	1
24	288	18278	0.77951	0.659022	0.0100078	1
24	289	8662	0.000138993	0.000194308	1.81719e-05	1
24	290	761	2.34358	2.36812	0.00297136	1
24	291	1296	6.28023	6.202	0.00280766	1
24	292	19421	7.43962	7.37112	0.00308303	1
24	293	282	3.65587	3.63078	0.00155184	1
24	294	216	1.28171	1.4882	0.0126017	1
24	295	33	1.10116	1.09575	0.000398319	1
24	296	37	2.09661	2.11817	0.00104868	1
24	297	32	0.681542	0.706432	0.00284445	1
24	298	37138	5.45559	5.48574	0.00607416	1
24	299	24898	0.0497097	0.0395277	0.00227783	1
24	300	365	1.16683	1.24029	0.00225778	1
24	301	216	0.0993545	0.10337	0.000514839	1
24	302	34	2.36054	2.27396	0.00194283	1
24	303	32	1.90096	1.9128	0.000946063	1
24	304	32	0.352075	0.321878	0.00237563	1
24	305	40756	4.60675	4.7302	0.00269203	1
24	306	2481	0.527816	0.614798	0.00704993	1
24	307	4190	7.61347	7.65053	0.00634637	1
24	308	284	1.77466	1.67986	0.00333364	1
24	309	827	3.41532	3.43514	0.00251821	1
24	310	216	2.70037	2.783	0.00431989	1
24	311	34	1.58362	1.60257	0.00061118	1
24	312	37	1.33658	1.32335	0.00141615	1
24	313	32	0.0952624	0.10927	0.00146316	1
24	314	3394	10.178	9.89489	0.0101131	1
24	315	29	5.03528	4.8536	0.0107274	1
24	316	48	11.6201	11.8546	0.00544533	1
24	317	44531	5.9819	5.79593	0.00376963	1
24	318	365	0.307755	0.352136	0.00366317	1
24	319	216	0.0440454	0.0484607	0.000734645	1
24	320	35	2.27048	2.31022	0.00111604	1
24	321	36	3.06365	3.06815	0.00115554	1
24	322	32	0.559559	0.551745	0.0014424	1
24	323	40756	0.614629	0.477466	0.0202715	1
24	324	2481	0.0785472	0.0869097	0.000693332	1
24	325	42736	8.40513	8.47878	0.00531744	1
24	326	19421	1.35354	1.29397	0.00348036	1
24	327	418	4.41639	4.41842	0.00484393	1
24	328	216	1.68564	1.6619	0.00365377	1
24	329	34	1.31754	1.34333	0.00206264	1
24	330	34	2.10708	2.05174	0.00166652	1
24	331	37	2.1648	2.00658	0.00572574	1
24	332	28794	6.72194	6.79264	0.00323003	1
24	333	1673	2.7963	2.62231	0.00832183	1
24	334	3717	8.34634	8.38168	0.00264518	1
24	335	3897	8.5334	8.38523	0.0013248	1
24	336	480	1.8714	1.94464	0.00167412	1
24	337	216	4.45046	4.6326	0.00582549	1
24	338	33	0.932665	0.93461	0.000381702	1
24	339	41	1.60227	1.57149	0.00294946	1
24	340	35	3.17043	3.15138	0.00551817	1
24	341	32	1.6058	1.72115	0.00295971	1
24	342	99	2.56302	2.80288	0.00451119	1
24	343	31284	7.69726	7.64453	0.00620952	1
24	344	3297	3.11238	3.06617	0.00445549	1
24	345	260	1.03706	1.08181	0.00258141	1
24	346	36001	4.74313	4.79377	0.00288012	1
24	347	335	4.92133	4.98275	0.00111118	1
24	348	971	3.18586	3.13198	0.00450561	1
24	349	5575	0.429497	0.428207	0.000653066	1
24	350	592	0.761589	0.784808	0.00148952	1
24	351	7233	2.49808	2.57716	0.0033857	1
24	352	411	0.6503	0.67745	0.000889522	1
24	353	4475	6.66746	6.64981	0.0034059	1
24	354	725	2.84473	2.86772	0.00203766	1
24	355	46756	15.5135	15.4929	0.0025573	1
24	356	258	4.7005	4.69901	0.00618532	1
24	357	2664	6.23931	6.19422	0.00388401	1
24	358	3394	12.6765	12.6386	0.0087339	1
24	359	29	0.768355	0.809278	0.00446659	1
24	360	48	0.19416	0.182174	0.0024906	1
24	361	15615	7.72196	7.66372	0.00645402	1
24	362	36001	1.62268	1.69746	0.0111298	1
24	363	3297	2.16773	2.10227	0.00196697	1
24	364	16231	7.45805	7.34488	0.0021675	1
24	365	618	7.73062	7.97761	0.000238411	1
24	366	260	1.02	1.02427	0.00303096	1
24	367	4302	5.88567	5.91624	0.00836004	1
24	368	47122	7.75979	7.77957	0.00317669	1
24	369	24794	2.78716	2.82072	0.00784862	1
24	370	3589	2.1423	2.24024	0.00731651	1
24	371	3297	1.58898	1.53233	0.00327819	1
24	372	284	2.10465	2.16715	0.00259996	1
24	373	260	1.30897	1.43727	0.00694777	1
24	374	3703	8.13273	8.06519	0.00437553	1
24	375	33053	9.12116	9.01827	0.00298246	1
24	376	436	1.32883	1.36193	0.00325329	1
24	377	5178	3.84525	3.94341	0.00541814	1
24	378	1673	1.72824	1.65358	0.00154096	1
24	379	378	1.26185	1.23595	0.00463386	1
24	380	17577	8.41798	8.44904	0.0032789	1
24	381	592	0.700182	0.728646	0.00287243	1
24	382	7233	1.27478	1.30124	0.00309101	1
24	383	411	0.450004	0.49121	0.00179437	1
24	384	1876	2.86219	2.90109	0.00170778	1
24	385	27664	7.98444	8.0267	0.00241958	1
24	386	46756	11.589	11.4308	0.00345775	1
24	387	258	0.0415646	0.0420384	0.000213939	1
24	388	17577	3.25236	3.18376	0.00242298	1
24	389	351	2.4896	2.38113	0.00171435	1
24	390	253	1.49026	1.59834	0.00329893	1
24	391	2724	10.1339	10.1941	0.00473952	1
24	392	3124	3.44043	3.62012	0.00305445	1
24	393	282	0.162589	0.157575	0.000445117	1
24	394	216	0.0870378	0.0874573	0.000430049	1
24	395	40	2.88042	2.90784	0.000302485	1
24	396	32	0.905549	0.873923	0.00265892	1
24	397	3394	5.27661	5.26512	0.00295357	1
24	398	28	0.929055	1.09412	0.0123452	1
24	399	48	0.056531	0.0534746	0.000167936	1
24	400	216	0.0392462	0.0320367	0.00100219	1
24	401	32	4.6299	4.67193	0.000808789	1
24	402	32	2.77597	2.69917	0.00369144	1
24	403	32	0.590015	0.52104	0.00506491	1
24	404	443	0.953475	0.950693	0.00196686	1
24	405	96	0.0278132	0.0336879	0.00072988	1
24	406	365	0.11373	0.133938	0.00183549	1
24	407	216	0.0244651	0.0219857	0.000196069	1
24	408	38	1.65862	1.66458	0.000368608	1
24	409	32	0.815082	0.833801	0.000372105	1
24	410	3394	0.37693	0.356649	0.00153784	1
24	411	28	0.0625186	0.0699021	0.00065505	1
24	412	48	0.0169853	0.0169899	1.38922e-05	1
24	413	216	0.00782801	0.00798139	3.30462e-05	1
24	414	32	2.04364	2.03475	0.00303253	1
24	415	32	1.34543	1.50994	0.00552815	1
24	416	32	0.159981	0.190452	0.00290871	1
24	417	36398	0.146899	0.116969	0.00422035	1
24	418	2481	0.243862	0.22701	0.00686978	1
24	419	5492	10.6493	10.7725	0.0054648	1
24	420	288	1.3885	1.20583	0.00639893	1
24	421	2081	3.34956	3.29936	0.00218338	1
24	422	480	2.7018	2.87732	0.00177238	1
24	423	3547	1.94951	1.95367	0.00225028	1
24	424	288	1.23818	1.30088	0.00543524	1
24	425	216	0.111572	0.122131	0.00122385	1
24	426	34	1.04503	1.06262	0.000270828	1
24	427	36	2.23343	2.19314	0.00118574	1
24	428	3394	3.82755	3.92631	0.00182184	1
24	429	30	1.07427	1.04002	0.00153791	1
24	430	48	0.143825	0.138567	0.00158907	1
24	431	216	0.0487948	0.0362672	0.00227827	1
24	432	37	2.22722	2.18619	0.00258822	1
24	433	25035	1.92958	1.8722	0.00332692	0
24	434	365	0.0495532	0.048914	0.000599455	1
24	435	216	0.00518962	0.00589624	8.78148e-05	1
24	436	36	0.382514	0.375081	0.000528532	1
24	437	37	1.79462	1.90986	0.00752941	0
24	438	3394	1.08316	1.04563	0.0103527	1
24	439	30	1.22483	1.41214	0.00687285	1
24	440	48	0.00259308	0.00197809	9.78823e-05	1
24	441	216	0.0086823	0.00830218	6.14093e-05	1
24	442	36	3.36462	3.42183	0.00124839	1
24	443	6381	3.61219	3.30174	0.00285452	1
24	444	2272	0.00759001	0.00552982	0.000397897	1
24	445	294	0.0544243	0.0452591	0.00144691	1
24	446	8544	0.0393892	0.0409473	0.000225242	1
24	447	216	0.0022715	0.00217188	1.45852e-05	1
24	448	34	0.499032	0.5494	0.00480976	1
24	449	40	1.4692	1.53781	0.00602788	1
24	450	3394	0.229218	0.190325	0.00495381	1
24	451	30	0.178071	0.202975	0.00152689	1
24	452	48	0.000294689	0.000281019	1.17194e-06	1
24	453	216	0.0103384	0.00859629	0.00019574	1
24	454	34	1.94443	1.93286	0.000828372	1
24	455	20157	0.0318754	0.0256111	0.000948597	1
24	456	2481	0.0328768	0.0276177	0.000794901	1
24	457	1673	2.26444	2.20259	0.00297224	1
24	458	1985	4.27897	4.23135	0.00301699	1
24	459	874	4.93632	4.95334	0.00424222	1
24	460	7364	7.26739	7.45195	0.00774081	1
24	461	3297	0.987593	1.06449	0.00368085	1
24	462	339	2.28678	2.3353	0.00473423	1
24	463	313	0.0234102	0.028203	0.000670365	1
24	464	5388	1.73814	1.84975	0.00416336	1
24	465	253	1.67888	1.7201	0.000716742	1
24	466	1466	4.52049	4.48645	0.000583528	1
24	467	3547	0.0256653	0.0255017	0.000115859	1
24	468	282	0.0214041	0.0245012	0.000265133	1
24	469	216	0.0367093	0.0380963	0.000172293	1
24	470	34	0.422795	0.41863	0.00103755	1
24	471	37	2.24355	2.22689	0.00105499	1
24	472	3394	1.38359	1.50389	0.00483853	1
24	473	30	0.681055	0.733773	0.00361764	1
24	474	48	0.0652746	0.0555885	0.000939208	1
24	475	216	0.0241373	0.0221183	0.000152118	1
24	476	34	2.26411	2.24424	0.000710475	1
24	477	38	3.98695	4.10522	0.0072193	1
24	478	25035	0.877218	0.882817	0.00749147	1
24	479	365	0.0310011	0.0400089	0.0012143	1
24	480	216	0.00372796	0.0042085	5.15062e-05	1
24	481	36	0.382508	0.419604	0.00181557	1
24	482	38	1.96403	1.956	0.0013003	1
24	483	3394	0.300384	0.379109	0.0094689	1
24	484	30	0.649266	0.794763	0.0101788	0
24	485	48	0.000710932	0.000766001	4.22149e-06	1
24	486	216	0.00586647	0.00538007	5.3309e-05	1
24	487	39	2.42942	2.54524	0.00921681	0
24	488	40	5.66324	6.34119	0.0107226	1
24	489	6381	0.129628	0.111255	0.00268097	1
24	490	2272	0.0385524	0.076158	0.0132294	1
24	491	294	0.0636041	0.0647179	0.000119373	1
24	492	8544	0.0214971	0.0235758	0.000138801	1
24	493	216	0.00245372	0.00248567	1.12744e-05	1
24	494	34	0.523041	0.548499	0.00370483	1
24	495	41	1.10324	1.12265	0.00600278	1
24	496	3394	0.0919917	0.093732	0.000222999	1
24	497	30	0.0794588	0.0745171	0.000486185	1
24	498	48	0.000114571	0.000117373	3.15301e-07	1
24	499	216	0.00997811	0.0103108	0.00012489	1
24	500	32	4.60576	4.83547	0.00260151	1
24	501	39	4.65926	4.40041	0.00762168	1
24	502	20157	1.28261	1.17491	0.00386081	1
24	503	2481	0.0179411	0.0195033	0.000199191	1
24	504	429	0.666608	0.6657	0.000377224	1
24	505	216	0.0999696	0.0856416	0.00156089	1
24	506	40	3.06976	3.04688	0.000469222	1
24	507	33	2.45427	2.51598	0.00209321	1
24	508	3394	0.234088	0.274307	0.00331089	1
24	509	28	0.10852	0.106354	0.000352871	1
24	510	48	0.0182428	0.018852	8.85652e-05	1
25	256	216	0.0717846	0.0638555	0.000718443	1
25	257	34	2.10733	2.01672	0.00191445	1
25	258	20840	5.55551	5.39321	0.00194368	1
25	259	567	0.632412	0.532406	0.00820229	1
25	260	8427	0.690769	0.776842	0.0112384	1
25	261	284	2.69201	2.44854	0.00532365	1
25	262	856	4.51071	4.49902	0.00199785	1
25	263	325	1.13954	1.1451	0.00200102	1
25	264	13049	2.97029	2.94114	0.0023801	1
25	265	418	2.57742	2.52436	0.00165154	1
25	266	750	2.66148	2.55264	0.00309124	1
25	267	7256	3.05524	3.16044	0.00420431	1
25	268	826	4.39146	4.41845	0.00343754	1
25	269	731	4.38823	4.3829	0.00130287	1
25	270	35	2.43484	2.49182	0.00341477	1
25	271	284	1.84118	1.63656	0.0110242	1
25	272	1232	0.388438	0.348494	0.00197739	1
25	273	216	3.08289	3.12708	0.00110232	1
25	274	34	1.43628	1.47427	0.00136211	1
25	275	32	0.482339	0.499696	0.00197735	1
25	276	5027	0.069559	0.0630607	0.000630949	1
25	277	1673	0.481662	0.499199	0.00216786	1
25	278	533	4.22776	4.25618	0.00439705	1
25	279	216	3.60978	3.6709	0.00127619	1
25	280	33	0.265149	0.268044	0.000235799	1
25	281	41	0.434702	0.430605	0.00157084	1
25	282	34	2.38856	2.4149	0.00155975	1
25	283	33	2.62685	2.69319	0.000289914	1
25	284	260	1.16731	1.13504	0.00257289	1
25	285	14574	10.2442	10.3373	0.00340519	0
25	286	436	2.51514	2.71058	0.00469356	1
25	287	2420	1.54956	1.51205	0.00463201	1
25	288	288	0.238106	0.244613	0.00051549	1
25	289	1232	1.69225	1.63701	0.00145688	1
25	290	216	0.423322	0.466874	0.00272652	1
25	291	35	2.02946	1.99944	0.0014794	1
25	292	32	0.964553	0.876393	0.00541201	1
25	293	5027	0.0902473	0.0776749	0.00122014	1
25	294	284	1.46068	1.41068	0.00291531	1
25	295	965	5.31392	5.20882	0.00530198	1
25	296	288	0.608531	0.589867	0.00226544	1
25	297	1232	1.01129	0.969098	0.00110218	1
25	298	216	0.0902268	0.0860922	0.00141276	1
25	299	36	1.07337	1.08194	0.00317601	1
25	300	35	5.76818	5.68249	0.00295337	1
25	301	5027	0.0425413	0.0350473	0.00109739	1
25	302	981	3.33812	3.30278	0.00610007	1
25	303	480	6.60484	6.56937	0.00603572	1
25	304	3921	9.58212	9.50739	0.00889383	1
25	305	3394	12.2801	12.3727	0.00154843	1
25	306	29	2.68053	2.5037	0.00312201	1
25	307	48	0.0972941	0.0981301	0.000335265	1
25	308	216	2.23862	2.12483	0.00762586	1
25	309	33	0.559968	0.562092	0.000261431	1
25	310	41	0.221001	0.210732	0.000578033	1
25	311	35	2.24045	2.24992	0.00422323	1
25	312	32	1.32787	1.38477	0.00166118	1
25	313	99	0.551131	0.610576	0.00521898	1
25	314	31284	9.86119	9.65313	0.00500909	1
25	315	3297	2.60653	2.62364	0.0025482	1
25	316	2560	6.10211	6.2035	0.00640522	1
25	317	327	0.954554	1.01046	0.00234129	1
25	318	2838	9.85093	9.92729	0.00175262	1
25	319	30	0.357175	0.332934	0.00216342	1
25	320	216	0.120722	0.127324	0.00102044	1
25	321	38	2.45606	2.5076	0.000322589	1
25	322	48379	5.42318	5.16306	0.00740779	1
25	323	347	6.56876	6.56692	0.00473742	1
25	324	624	5.35594	5.43157	0.0161452	1
25	325	5682	9.2641	9.16877	0.00495921	1
25	326	2678	5.40814	5.48965	0.00417652	1
25	327	856	6.01907	5.89023	0.00176516	1
25	328	441	1.21029	1.331	0.00355505	1
25	329	325	0.158119	0.159324	0.000483247	1
25	330	19400	3.66258	3.6058	0.0046342	1
25	331	1673	1.74993	1.8716	0.00514686	0
25	332	378	1.47283	1.42706	0.0020639	1
25	333	692	8.03533	8.07609	0.00254474	0
25	334	11458	0.0490144	0.0465558	0.000172917	1
25	335	6958	3.05953	3.19263	0.0117621	1
25	336	282	1.33881	1.29229	0.00167403	1
25	337	260	0.167355	0.151327	0.00210387	1
25	338	12466	1.3175	1.2804	0.00266666	1
25	339	436	0.431985	0.421224	0.00102608	1
25	340	597	3.7505	3.70333	0.00305472	1
25	341	4247	2.13442	2.23887	0.00419495	1
25	342	429	2.00299	2.00232	0.00439692	1
25	343	253	1.27545	1.39635	0.00672608	1
25	344	18503	3.83934	3.62305	0.00451252	1
25	345	288	0.923587	0.931915	0.0014519	1
25	346	253	0.41349	0.44438	0.00298376	1
25	347	41305	1.74949	1.8664	0.00401968	0
25	348	817	0.985563	0.97764	0.0039389	1
25	349	3297	2.31567	2.33016	0.00244983	1
25	350	527	2.0331	2.11806	0.00345089	1
25	351	3917	2.52855	2.53546	0.00187235	1
25	352	327	1.32393	1.40326	0.00625711	1
25	353	253	1.59078	1.70947	0.00398369	1
25	354	5331	4.12831	4.12313	0.00295341	0
25	355	17607	1.65275	1.58596	0.00254666	1
25	356	4834	4.39845	4.49409	0.00387479	1
25	357	282	2.71654	2.82842	0.00270806	1
25	358	260	0.519803	0.465665	0.00370158	1
25	359	1085	4.89757	4.87828	0.00139166	1
25	360	12466	2.08616	2.07974	0.00339188	1
25	361	1673	0.963576	0.994673	0.00267914	1
25	362	3717	1.51582	1.67608	0.00578253	1
25	363	1428	10.4569	10.4318	0.000368462	1
25	364	2260	6.9013	6.73716	0.00284038	0
25	365	2287	0.0122053	0.0107654	0.000179808	1
25	366	3713	0.28156	0.282421	0.00124678	1
25	367	3297	1.75964	1.62443	0.00466014	1
25	368	260	0.55314	0.599181	0.00269685	1
25	369	12466	3.82561	3.96183	0.00881362	1
25	370	804	6.11723	6.16824	0.0013806	1
25	371	7090	9.32726	9.13421	0.00213466	1
25	372	216	0.136181	0.134077	0.00106518	1
25	373	41	5.26285	5.19587	0.000306708	1
25	374	33	2.92348	2.95857	0.00286322	1
25	375	38883	6.87607	6.65341	0.00714245	1
25	376	3394	9.00107	8.98922	0.0202403	1
25	377	29	1.63744	1.80274	0.0105065	0
25	378	48	0.127659	0.11555	0.00182497	1
25	379	39334	7.77516	8.1795	0.00407246	1
25	380	3297	6.07909	6.27096	0.00383856	1
25	381	45504	10.195	10.1171	0.00686362	1
25	382	14866	6.96177	6.86753	0.00390083	1
25	383	1673	2.89474	2.87119	0.00507829	1
25	384	3768	3.23507	3.24971	0.00184182	1
25	385	282	3.24179	3.3693	0.00265627	1
25	386	623	3.10166	3.15751	0.000958551	1
25	387	14866	1.43447	1.56143	0.00623468	1
25	388	24160	1.5777	1.60842	0.00117924	1
25	389	216	0.217443	0.214333	0.000636738	1
25	390	38	2.30063	2.35244	0.000983256	1
25	391	39	3.09288	3.15051	0.00426047	1
25	392	35	2.92645	2.97814	0.00301217	1
25	393	3394	5.57887	5.56267	0.00673927	1
25	394	30	0.478908	0.472933	0.00309381	1
25	395	48	0.116792	0.116315	0.000468653	1
25	396	216	0.384121	0.372737	0.0024516	1
25	397	37	2.51833	2.52091	0.000418306	1
25	398	27336	4.90286	5.01117	0.00739878	1
25	399	365	0.288806	0.298151	0.000951495	1
25	400	216	0.0548861	0.0489704	0.000617857	1
25	401	33	0.221636	0.214268	0.000287591	1
25	402	3394	8.19189	8.49994	0.00259494	1
25	403	28	1.56116	1.4783	0.0014298	1
25	404	48	0.0158368	0.0186564	0.00023466	1
25	405	216	0.0136888	0.0160647	0.000341635	1
25	406	36	3.42669	3.48329	0.00305499	1
25	407	40	4.27001	4.09207	0.0175335	1
25	408	37	3.98348	3.88736	0.00444763	1
25	409	22185	1.11486	1.2382	0.00709345	1
25	410	2481	0.20425	0.229613	0.00321384	1
25	411	284	0.699745	0.618103	0.00530283	1
25	412	436	2.80936	2.81396	0.00198603	1
25	413	15615	1.67568	1.73549	0.00315661	1
25	414	418	1.43685	1.40861	0.00169819	1
25	415	253	0.639496	0.672121	0.00134217	1
25	416	42771	3.81447	3.85635	0.00084381	1
25	417	10874	0.162744	0.160105	0.00159398	1
25	418	282	0.0259187	0.0313206	0.000576183	1
25	419	216	0.119028	0.107373	0.00134439	1
25	420	39	2.82161	2.78656	0.000908321	1
25	421	39	3.05338	2.9793	0.00218997	1
25	422	32	0.633739	0.609165	0.00119036	1
25	423	816	3.77876	3.89383	0.00818566	1
25	424	216	0.0230654	0.0196404	0.000420644	1
25	425	39	2.24458	2.29576	0.000487973	1
25	426	39	2.75262	2.87413	0.00147508	1
25	427	37	0.59064	0.537481	0.00241667	1
25	428	13897	4.52807	4.52815	0.00450073	1
25	429	567	0.126118	0.146419	0.00145109	1
25	430	1796	0.0547446	0.0488479	0.000970199	1
25	431	365	0.147157	0.178561	0.00327408	1
25	432	216	0.038044	0.0356397	0.000271766	1
25	433	34	0.778845	0.817802	0.000984928	1
25	434	3394	7.18325	7.26265	0.00262292	1
25	435	28	0.191779	0.188923	9.95809e-05	1
25	436	48	0.0122646	0.0152437	0.000318902	1
25	437	216	0.0106881	0.0117562	0.000187725	1
25	438	37	2.89877	2.7665	0.0013905	1
25	439	35	2.3528	2.36137	0.00123179	1
25	440	32	1.13896	1.23048	0.00392608	1
25	441	816	1.67899	1.8611	0.00784499	1
25	442	216	0.0033385	0.00280263	8.96501e-05	1
25	443	34	6.748	6.49692	0.000998513	1
25	444	3394	10.2517	10.2014	0.000630121	1
25	445	28	0.109191	0.183832	0.0204985	1
25	446	48	0.0547233	0.0711663	0.00240402	1
25	447	216	0.0242266	0.0249901	0.000219043	1
25	448	37	1.99665	1.9935	0.000190429	1
25	449	36	2.80159	2.72043	0.000479804	1
25	450	32	0.91525	0.966457	0.00338082	1
25	451	11083	2.66307	2.89306	0.00656017	1
25	452	2272	0.807304	0.800018	0.00248772	1
25	453	262	1.75425	1.58609	0.0124728	1
25	454	2481	0.243497	0.244157	0.00177562	1
25	455	1673	0.969395	0.932547	0.00286943	1
25	456	1069	4.52512	4.65946	0.00523474	1
25	457	761	1.60886	1.64226	0.00409663	1
25	458	253	0.318877	0.330786	0.00105269	1
25	459	5428	2.13307	2.05352	0.00188764	1
25	460	1845	1.11095	1.05907	0.00222672	1
25	461	282	0.0323414	0.0339887	0.000220076	1
25	462	216	0.136894	0.143084	0.000510317	1
25	463	34	1.82519	1.81315	0.0011593	1
25	464	37	2.23754	2.21065	0.000797871	1
25	465	3394	2.20927	2.18549	0.0019266	1
25	466	28	0.854547	0.942733	0.00443326	1
25	467	48	0.0159624	0.018637	0.000219975	1
25	468	216	0.0113551	0.0124724	0.000117958	1
25	469	32	4.96918	4.79226	0.00680683	1
25	470	32	3.04623	2.92007	0.00420418	1
25	471	32	0.241325	0.243624	0.00148666	1
25	472	13897	5.52414	5.49865	0.000927541	1
25	473	365	0.14976	0.146511	0.00110622	1
25	474	216	0.0317024	0.031466	0.00023288	1
25	475	34	2.85131	2.79062	0.00557311	1
25	476	39	3.23466	3.19988	0.00180578	1
25	477	3394	1.10682	0.913804	0.0123425	1
25	478	28	0.0628702	0.0613078	9.17407e-05	1
25	479	48	0.00930741	0.00996503	2.45867e-05	1
25	480	216	0.00671944	0.00584226	0.000114051	1
25	481	32	1.18157	1.21966	0.000829379	1
25	482	32	1.69932	1.81123	0.00450182	1
25	483	32	0.0961813	0.121669	0.00379335	1
25	484	329	4.03855	4.11407	0.00621829	1
25	485	84	0.260664	0.271718	0.00126144	1
25	486	2481	0.193642	0.206844	0.00117808	1
25	487	418	1.27625	1.27207	0.00448368	1
25	488	1232	6.64353	6.5404	0.00237566	1
25	489	216	0.469716	0.512077	0.00252488	1
25	490	34	1.60071	1.59514	0.00161611	1
25	491	32	0.437249	0.435214	0.000532765	1
25	492	5027	0.266712	0.223586	0.00515442	1
25	493	282	1.46359	1.49417	0.00400632	1
25	494	14574	0.254423	0.2838	0.00231368	1
25	495	284	1.33737	1.22499	0.00663531	1
25	496	216	1.72644	1.68734	0.00431463	1
25	497	35	2.11068	2.15521	0.000991944	1
25	498	37	2.28095	2.26469	0.00088758	1
25	499	3394	0.366569	0.381702	0.000782763	1
25	500	28	0.0556888	0.0556091	0.000666547	1
25	501	48	0.00518712	0.00485047	1.3594e-05	1
25	502	216	0.00643092	0.00659028	4.28952e-05	1
25	503	36	2.62663	2.59735	0.000622738	1
25	504	37	1.26764	1.23246	0.00111805	1
25	505	32	0.345495	0.395259	0.00384016	1
25	506	8137	2.49388	2.51741	0.000973468	1
25	507	365	0.0420648	0.0431043	7.57077e-05	1
25	508	216	0.0263138	0.027162	0.000124826	1
25	509	35	3.29718	3.37056	0.00114306	1
25	510	40	2.55517	2.57228	0.00212438	0
26	256	35	2.72039	2.66089	0.00113902	1
26	257	7212	10.3886	10.4492	0.00301461	1
26	258	8445	11.1107	11.3294	0.00832622	1
26	259	7090	3.27769	3.78758	0.011441	1
26	260	216	0.439015	0.409331	0.0025662	1
26	261	40	3.56776	3.58796	0.0030777	1
26	262	3394	5.56611	5.48199	0.0032172	1
26	263	29	0.11825	0.0966951	0.00277988	1
26	264	48	0.0199676	0.0172167	0.000232464	1
26	265	996	4.28681	4.25581	0.00607754	1
26	266	24739	0.010484	0.00947831	0.000207833	1
26	267	257	0.000719184	0.000707134	1.10074e-05	1
26	268	22805	8.48475	8.38182	0.00441695	1
26	269	12466	1.64769	1.59498	0.00468235	1
26	270	281	2.36247	2.30859	0.00223615	1
26	271	2244	7.47741	7.42289	0.00147735	1
26	272	41696	4.52942	4.17622	0.00941462	1
26	273	1673	1.80756	1.86203	0.00441427	1
26	274	378	1.85672	1.82117	0.00406078	0
26	275	216	3.75942	3.77319	0.00502748	1
26	276	39	3.93345	3.92786	0.00102221	1
26	277	3394	6.29076	6.56668	0.0106249	1
26	278	30	6.91271	6.96882	0.00444101	1
26	279	48	1.78035	1.65879	0.00600804	1
26	280	216	4.00051	4.17143	0.00470744	1
26	281	38	2.34286	2.40536	0.002903	1
26	282	34	2.78922	2.78976	0.00303369	1
26	283	3394	6.53425	6.80273	0.00159577	1
26	284	29	0.296369	0.306852	0.00276144	1
26	285	48	0.0273817	0.0264004	8.33122e-05	1
26	286	996	5.40888	5.41401	0.00662535	1
26	287	24739	0.0301989	0.0276709	0.000377872	1
26	288	257	0.00130236	0.00125609	1.64467e-05	1
26	289	365	5.12813	4.98929	0.00581446	1
26	290	216	0.408104	0.415844	0.00175978	1
26	291	35	2.25069	2.26494	0.000609084	1
26	292	281	7.62824	7.43473	0.0030598	1
26	293	2481	2.84857	2.85607	0.00508915	1
26	294	904	5.00579	4.89509	0.00349119	1
26	295	3394	3.08227	2.91181	0.00334168	1
26	296	29	0.0758926	0.0739802	0.00103112	1
26	297	48	0.0137961	0.0142364	4.57143e-05	1
26	298	7256	7.23419	7.27339	0.00358201	1
26	299	12466	2.57017	2.48744	0.00424726	1
26	300	761	2.34595	2.34059	0.00280518	1
26	301	253	0.33761	0.376659	0.00245128	1
26	302	5428	1.70606	1.8292	0.00732272	0
26	303	14574	0.882077	0.900542	0.00308453	1
26	304	282	0.0423314	0.0388761	0.000985824	1
26	305	1232	0.207298	0.247542	0.00376575	1
26	306	216	0.046123	0.0401506	0.000542667	1
26	307	39	3.72018	3.74444	0.000174201	1
26	308	37	1.76928	1.70665	0.00499372	1
26	309	5027	0.0865494	0.0911503	0.000311157	1
26	310	3297	3.22877	3.22559	0.000860055	1
26	311	284	1.92802	1.91355	0.00407833	0
26	312	761	2.66409	2.65578	0.00375171	1
26	313	253	0.282738	0.326068	0.00356906	1
26	314	2421	0.589206	0.557412	0.00177378	1
26	315	282	0.0083904	0.00751563	0.000109994	1
26	316	2892	0.016066	0.0143276	0.000171019	1
26	317	282	0.0577099	0.0645262	0.00110777	1
26	318	216	1.92021	1.84745	0.00165269	1
26	319	33	0.951795	0.936248	0.000549055	1
26	320	35	3.6688	3.62257	0.0015521	1
26	321	288	6.13986	6.05386	0.000712433	1
26	322	216	0.0141303	0.013448	8.77072e-05	1
26	323	34	1.77253	1.72901	0.0002994	1
26	324	32	0.762728	0.759184	0.000706957	1
26	325	20840	0.10122	0.114253	0.000919716	1
26	326	567	0.0868873	0.0894602	0.000468224	1
26	327	8427	0.0253428	0.0278434	0.000293572	1
26	328	1673	0.19158	0.191477	0.00130775	1
26	329	1069	2.24876	2.18667	0.00804683	0
26	330	15615	2.90421	3.14004	0.00643523	1
26	331	253	1.60567	1.63298	0.00256161	1
26	332	216	2.05773	1.98159	0.00374212	1
26	333	38	2.28312	2.33409	0.000811802	1
26	334	11134	8.25975	8.27823	0.00366528	1
26	335	365	1.05174	1.04232	0.00236444	1
26	336	216	0.251944	0.237524	0.00114406	1
26	337	33	0.037721	0.0302125	0.000948894	1
26	338	35	1.0468	1.00434	0.00154412	1
26	339	22185	1.35471	1.27094	0.0121378	1
26	340	2481	0.201658	0.265427	0.00821765	1
26	341	44576	3.76581	3.78648	0.00482739	1
26	342	351	2.47195	2.50689	0.00352598	1
26	343	253	0.315757	0.339813	0.00148106	1
26	344	42771	3.2762	3.21162	0.00713429	1
26	345	10874	0.055767	0.0528938	0.000492509	1
26	346	282	0.0224889	0.0254737	0.000252397	1
26	347	216	0.302555	0.306435	0.00156013	1
26	348	38	2.41203	2.46667	0.000796193	1
26	349	40	2.78491	2.75409	0.00129747	1
26	350	32	0.784742	0.791285	0.00198839	1
26	351	283	3.42248	3.30531	0.00486723	1
26	352	2272	1.27407	1.27846	0.00647351	1
26	353	262	0.167334	0.157217	0.0025439	1
26	354	365	1.43603	1.5184	0.00271005	1
26	355	216	0.0410594	0.0385652	0.000573116	1
26	356	34	0.839232	0.82423	0.000566432	1
26	357	3394	4.29658	4.10269	0.00513336	1
26	358	28	0.0605613	0.0537997	0.000570315	1
26	359	48	0.0175911	0.0229696	0.000710466	1
26	360	216	0.0124951	0.012847	7.92558e-05	1
26	361	34	2.18712	2.25296	0.00458153	1
26	362	32	1.84146	1.80296	0.000880916	1
26	363	32	0.754922	0.797719	0.00397823	1
26	364	11083	0.0564354	0.0506517	0.000604332	1
26	365	2272	0.0475545	0.0426526	0.000489383	1
26	366	262	0.0327504	0.0297442	0.000298719	1
26	367	2481	0.0452585	0.0463356	0.000393085	1
26	368	288	4.97885	4.95234	0.00279164	1
26	369	253	2.37569	2.56551	0.00469399	1
26	370	5428	2.44823	2.35093	0.00299198	1
26	371	4614	3.98661	3.98733	0.00151618	1
26	372	282	0.0104703	0.0117546	0.000115862	1
26	373	216	0.360034	0.372209	0.000768871	1
26	374	39	3.09693	3.05613	0.000731262	1
26	375	3394	5.47903	5.40824	0.00153291	1
26	376	28	0.683396	0.731267	0.0020615	1
26	377	48	0.0516752	0.0446358	0.000619354	1
26	378	216	0.0496869	0.0517166	0.000409033	1
26	379	37	2.7213	2.67016	0.00102333	1
26	380	32	0.62694	0.646012	0.00186574	1
26	381	32	0.622246	0.594048	0.00311708	1
26	382	13897	0.776784	0.7224	0.00364524	1
26	383	365	0.340231	0.325802	0.000607897	1
26	384	216	0.0504445	0.0456347	0.000512062	1
26	385	34	0.955777	1.005	0.00624324	1
26	386	36	2.4398	2.537	0.0124927	1
26	387	3394	0.164263	0.163232	0.00103439	1
26	388	28	0.0236527	0.022859	7.58808e-05	1
26	389	48	0.0246164	0.0214006	0.000237467	1
26	390	216	0.0113164	0.0104399	0.000125378	1
26	391	38	3.174	3.15986	0.000841354	1
26	392	32	1.20695	1.2122	0.00228008	1
26	393	32	0.0242157	0.0315256	0.00104637	1
26	394	11083	1.65071	1.59595	0.00138246	1
26	395	2481	0.116654	0.139054	0.00238617	1
26	396	1673	0.32764	0.346442	0.00102209	1
26	397	378	1.79378	1.81051	0.00192474	1
26	398	7761	6.2755	6.13521	0.00319045	1
26	399	592	1.64832	1.6425	0.00226096	1
26	400	597	3.52156	3.40718	0.00322716	1
26	401	16231	2.68022	2.73851	0.00193562	1
26	402	351	0.0180047	0.0167667	0.000181574	1
26	403	2976	3.28866	3.30594	0.0025491	1
26	404	24025	10.8621	11.091	0.00369756	1
26	405	216	1.45329	1.50113	0.00325669	1
26	406	37	2.30736	2.29331	0.00127959	1
26	407	35	4.29064	4.32306	0.000386805	1
26	408	3394	0.639887	0.615326	0.00112737	1
26	409	30	2.33447	2.20781	0.00234391	1
26	410	48	0.0388044	0.039288	0.000219008	1
26	411	216	1.84428	1.67064	0.00984113	1
26	412	35	2.09135	2.11153	0.000434848	0
26	413	3394	6.6338	6.8681	0.00323965	1
26	414	29	0.135093	0.118067	0.00167731	1
26	415	48	0.0408783	0.0336903	0.000771529	1
26	416	996	1.69799	1.6955	0.00406014	1
26	417	24739	0.00293215	0.0027504	2.03257e-05	1
26	418	257	0.000252826	0.00026209	1.74098e-06	1
26	419	365	0.86023	0.690241	0.0296771	1
26	420	216	0.0556694	0.0526338	0.000449564	1
26	421	34	1.80085	1.76139	0.00041119	1
26	422	33	4.72248	4.74621	0.00328916	1
26	423	3394	3.80177	3.86776	0.00875079	1
26	424	30	5.31958	5.09533	0.00210991	1
26	425	48	0.0195279	0.019859	6.42028e-05	1
26	426	216	0.495309	0.426627	0.00631905	1
26	427	32	5.16204	4.99334	0.00124263	1
26	428	281	1.93416	1.8524	0.00249006	1
26	429	2481	0.0919672	0.112299	0.00216501	1
26	430	37477	6.53381	6.45856	0.00862111	1
26	431	12495	0.708989	0.838893	0.0118796	1
26	432	3297	3.51821	3.51096	0.00530562	1
26	433	1296	3.67172	3.72839	0.00214769	1
26	434	335	3.61708	3.40348	0.0184044	1
26	435	971	0.746123	0.808402	0.00200372	1
26	436	2932	8.31713	8.3519	0.00813191	1
26	437	1908	0.0657393	0.0720364	0.000807594	1
26	438	1673	1.97262	2.00589	0.0049061	1
26	439	1069	2.36466	2.34868	0.0043385	1
26	440	4891	3.59832	3.63188	0.00753936	1
26	441	11314	5.88187	5.77681	0.0113997	1
26	442	288	6.29746	6.13577	0.0159309	1
26	443	25808	3.226	3.32182	0.00259773	1
26	444	216	0.868973	0.85775	0.00649174	1
26	445	38	2.39361	2.4341	0.000451532	1
26	446	373	7.57234	7.53597	0.0015528	1
26	447	8445	4.83269	4.0999	0.0166937	1
26	448	7090	0.370643	0.347866	0.00248314	1
26	449	30596	10.0206	9.77942	0.00140586	1
26	450	2586	0.391266	0.347621	0.0125761	1
26	451	527	3.09322	3.19743	0.00313318	1
26	452	761	0.689857	0.781331	0.00697814	1
26	453	253	0.191413	0.191921	0.000390588	1
26	454	216	3.93733	3.96421	0.00184424	1
26	455	34	1.82692	1.80318	0.000904606	1
26	456	32	0.86144	0.877817	0.00213662	1
26	457	32	0.543087	0.535782	0.00296082	1
26	458	3394	4.04641	4.29045	0.00540963	1
26	459	29	0.836275	0.90409	0.00552539	1
26	460	48	0.0234735	0.021389	0.000207819	1
26	461	32509	9.45745	9.46952	0.00848715	1
26	462	365	0.358991	0.378289	0.00167031	1
26	463	216	0.0306422	0.0314943	0.000377242	1
26	464	36	0.643506	0.591178	0.00667447	1
26	465	36	3.14431	3.05401	0.00330848	1
26	466	32	0.642851	0.713851	0.00385098	1
26	467	22185	0.265104	0.246576	0.0021848	1
26	468	2481	0.146781	0.176706	0.00298451	1
26	469	1913	4.50816	4.47226	0.00690747	1
26	470	2699	0.0195272	0.0177643	0.000210383	1
26	471	1673	1.58759	1.58325	0.00427975	1
26	472	1069	1.55335	1.52804	0.00443408	1
26	473	761	1.63891	1.62531	0.00208807	1
26	474	1296	5.70484	5.80257	0.000580102	1
26	475	4840	8.63909	8.54094	0.00602525	1
26	476	327	1.98739	2.09492	0.00566066	1
26	477	1845	5.17467	5.15181	0.0044087	1
26	478	284	1.4096	1.37	0.00318759	1
26	479	3547	1.91434	1.96788	0.00373367	1
26	480	1577	3.22755	3.29841	0.00282923	1
26	481	216	2.00375	1.90955	0.00519212	1
26	482	33	1.32439	1.33529	0.00135563	1
26	483	37	2.78084	2.78624	0.00397569	1
26	484	3394	4.01527	4.28367	0.00266205	1
26	485	28	0.24315	0.262665	0.00109431	1
26	486	48	0.0720402	0.0586954	0.00146668	1
26	487	216	0.16013	0.14876	0.00199179	1
26	488	32	2.92755	2.90883	0.00034425	1
26	489	32	2.78445	2.76953	0.00386428	1
26	490	32	0.548358	0.640682	0.0090156	1
26	491	13897	2.20753	2.24369	0.00544734	1
26	492	365	0.163188	0.188841	0.00280162	1
26	493	216	0.0675252	0.073258	0.000614789	1
26	494	33	2.18327	2.37183	0.00890797	1
26	495	38	2.4857	2.39812	0.00727007	1
26	496	3394	0.164502	0.167759	0.00138669	1
26	497	28	0.0340735	0.0347413	0.000302191	1
26	498	48	0.0102141	0.0099173	9.32643e-06	1
26	499	216	0.015912	0.0134308	0.000323414	1
26	500	32	1.98156	2.0466	0.00329501	1
26	501	32	1.05529	1.1522	0.00350943	1
26	502	32	0.0492536	0.0585152	0.00100771	1
26	503	329	1.13929	0.962042	0.0107675	1
26	504	84	0.0150845	0.0143308	0.000123668	1
26	505	2481	0.0910183	0.10222	0.0021749	1
26	506	418	2.62418	2.4488	0.0134816	1
26	507	216	1.02807	1.01203	0.00235488	1
26	508	34	1.80434	1.82159	0.0006176	1
26	509	38	4.36635	4.44591	0.00172304	1
26	510	25035	5.03226	5.01497	0.00246107	1
27	256	436	0.239489	0.247952	0.000913006	1
27	257	216	0.407668	0.394133	0.00179181	1
27	258	33	1.15558	1.15494	0.000619014	1
27	259	36	2.80973	2.70515	0.00189783	1
27	260	20840	1.75293	1.82795	0.00200435	1
27	261	253	3.88305	4.02144	0.00871042	1
27	262	8427	0.0654664	0.0635712	0.00020572	1
27	263	3297	1.86694	1.87209	0.0050471	1
27	264	564	3.37844	3.21017	0.0040428	1
27	265	480	2.80678	2.81366	0.00206187	1
27	266	11787	6.55677	6.59697	0.00233058	0
27	267	2421	0.491402	0.501789	0.000429325	1
27	268	282	0.263194	0.229396	0.00267774	1
27	269	2892	0.0257302	0.026183	0.000128329	1
27	270	436	0.343833	0.380471	0.00305783	1
27	271	1130	4.85127	4.84674	0.00381508	1
27	272	4475	7.26403	7.21486	0.000303783	1
27	273	20840	0.267838	0.29543	0.00243773	1
27	274	567	1.20951	1.25316	0.00104494	1
27	275	8427	0.0371899	0.0446081	0.000883621	1
27	276	1673	0.899675	0.932498	0.00217981	1
27	277	5713	6.49565	6.47189	0.00302141	1
27	278	18418	4.21334	4.27692	0.00571729	1
27	279	3394	0.714668	0.733371	0.00416319	1
27	280	29	0.10799	0.125513	0.00182527	1
27	281	48	0.0109258	0.0105966	2.27776e-05	1
27	282	6341	1.40361	1.43264	0.00407694	1
27	283	41696	0.711001	0.667741	0.00357705	1
27	284	327	5.27884	5.32243	0.00176986	1
27	285	9768	12.0621	11.7835	0.00372867	1
27	286	3394	11.5149	11.5294	0.00630238	1
27	287	29	0.431902	0.483375	0.00450159	1
27	288	48	0.0229409	0.0226504	0.000217471	1
27	289	2837	9.56082	9.63194	0.0088827	1
27	290	717	10.9917	10.9498	0.00399505	1
27	291	36958	0.499636	0.538417	0.00349583	1
27	292	827	8.7889	8.74845	0.00864535	1
27	293	3394	5.30652	5.58824	0.00390061	1
27	294	29	1.35813	1.46739	0.00688937	1
27	295	48	0.0319293	0.0433338	0.00175752	1
27	296	273	7.81336	7.90058	0.00635996	1
27	297	9371	2.95829	2.7661	0.00939678	1
27	298	1420	5.6981	5.64277	0.00344484	1
27	299	22805	6.54684	6.56241	0.00429465	1
27	300	12466	0.695546	0.68381	0.00145929	1
27	301	592	1.82432	1.8242	0.00673745	0
27	302	597	2.90079	2.70208	0.00659376	1
27	303	3235	3.16252	3.13464	0.00297024	1
27	304	1673	2.41943	2.33207	0.00104345	1
27	305	1216	3.04855	3.12027	0.00548466	1
27	306	12466	0.567713	0.565342	0.00208265	1
27	307	761	1.0774	1.15765	0.00337146	1
27	308	253	0.222995	0.226962	0.000341126	1
27	309	5428	1.84674	1.75596	0.0028643	1
27	310	14574	3.82462	4.05479	0.00577535	1
27	311	282	0.168002	0.163822	0.000528985	1
27	312	1232	0.226039	0.24627	0.000965388	1
27	313	216	0.0820404	0.0788083	0.000285592	1
27	314	40	2.76182	2.86842	0.00187993	1
27	315	32	0.161976	0.175595	0.000596837	1
27	316	5027	0.0843781	0.0792847	0.000624368	1
27	317	284	0.970903	1.01754	0.00254344	1
27	318	253	0.581524	0.596178	0.00234227	1
27	319	2421	2.48382	2.56264	0.00161644	1
27	320	282	0.00829584	0.00802389	6.46854e-05	1
27	321	2892	0.0263111	0.0294667	0.000320635	1
27	322	282	0.109203	0.122063	0.00122296	1
27	323	216	0.405957	0.447473	0.00246515	1
27	324	34	2.21067	2.16049	0.000368885	1
27	325	32	1.31145	1.25429	0.00219478	1
27	326	32	3.32798	3.45149	0.00052334	1
27	327	20840	0.133847	0.160073	0.00355873	1
27	328	567	0.898693	0.819826	0.00546425	0
27	329	8427	0.0225225	0.0197626	0.000241965	1
27	330	1673	0.32249	0.309165	0.00129445	1
27	331	378	1.73344	1.83922	0.00363546	1
27	332	6455	4.73206	4.62991	0.0045352	1
27	333	282	0.766616	0.744357	0.00132751	1
27	334	216	3.80664	3.7022	0.0067564	1
27	335	33	1.5923	1.54994	0.00242443	1
27	336	36	3.81585	3.77194	0.000114571	1
27	337	5973	6.70601	6.52984	0.00514331	1
27	338	12466	0.873081	1.0195	0.00937908	1
27	339	335	4.10201	4.06458	0.00228783	1
27	340	260	0.486084	0.457128	0.00281938	1
27	341	5060	4.72912	4.90659	0.00596933	0
27	342	16036	2.31908	2.20881	0.00533691	0
27	343	592	1.79613	1.81525	0.00191746	1
27	344	5178	4.69343	4.54245	0.00610338	1
27	345	418	3.72978	3.63104	0.00477366	1
27	346	451	3.97295	4.01941	0.00246972	1
27	347	655	0.115446	0.133262	0.00151059	1
27	348	1673	1.27055	1.1897	0.00443251	1
27	349	3717	2.09956	2.13684	0.00214448	1
27	350	3897	3.3813	3.47519	0.00454417	1
27	351	260	0.717378	0.855743	0.00940829	1
27	352	3921	6.03917	6.20636	0.00418726	1
27	353	3394	14.3487	14.2544	0.00320756	1
27	354	29	0.774432	0.856859	0.00458274	1
27	355	48	0.554116	0.659457	0.00867114	1
27	356	216	1.64063	1.56813	0.00467697	1
27	357	33	0.414225	0.46127	0.00284599	1
27	358	41	0.0496937	0.0450712	0.000357984	1
27	359	35	0.803649	0.781047	0.00325833	1
27	360	32	0.812264	0.750957	0.00260676	1
27	361	99	0.447587	0.526801	0.00634708	1
27	362	16546	12.7467	12.8522	0.0044983	0
27	363	260	2.68324	2.89407	0.00335567	1
27	364	37477	9.628	9.72018	0.00199936	1
27	365	12495	1.26797	1.21648	0.00381342	1
27	366	592	0.605157	0.666702	0.00459455	1
27	367	5178	2.89543	2.78615	0.00298606	1
27	368	284	1.49619	1.4738	0.00306163	1
27	369	260	1.17537	1.0449	0.00965971	0
27	370	717	6.34353	6.39045	0.00282802	1
27	371	36958	0.0204501	0.0184047	0.000297756	1
27	372	827	4.57011	4.59966	0.00479134	1
27	373	3394	0.393778	0.411284	0.00141018	1
27	374	29	0.0337825	0.0320072	0.000364837	1
27	375	48	0.016919	0.0184553	0.000107882	1
27	376	16776	6.80696	6.91698	0.00222209	1
27	377	366	2.25977	2.24654	0.0118999	0
27	378	592	0.727921	0.707321	0.00492298	1
27	379	7233	0.87708	0.90888	0.00227534	1
27	380	411	0.929479	0.961037	0.00203436	1
27	381	7522	7.54924	7.59493	0.00460043	1
27	382	9768	10.6173	10.5666	0.00274928	1
27	383	3394	0.711177	0.733647	0.00268589	1
27	384	29	0.0129758	0.013205	0.000177546	1
27	385	48	0.0124568	0.0139671	9.63693e-05	1
27	386	2837	5.69787	5.49197	0.00313889	1
27	387	12399	8.39848	8.29173	0.00474595	1
27	388	322	0.0563275	0.0542521	0.00143542	1
27	389	91	0.0183678	0.0184648	0.00117027	1
27	390	774	0.0207244	0.0410265	0.00878512	1
27	391	216	2.76031	2.8209	0.00748382	1
27	392	34	1.46554	1.45124	0.000913227	1
27	393	37	2.90095	2.93714	0.00127134	1
27	394	7610	3.59024	3.46521	0.00268573	1
27	395	7090	4.00779	4.1856	0.00608458	1
27	396	216	0.266928	0.267802	0.000619725	1
27	397	41	2.64574	2.76167	0.00202612	1
27	398	38	3.19505	3.28334	0.00174089	1
27	399	1420	3.08488	3.26714	0.00655189	1
27	400	22805	0.463689	0.448265	0.00197855	1
27	401	12466	0.424192	0.389063	0.00254648	1
27	402	281	3.4729	3.39692	0.00445782	1
27	403	216	2.5817	2.5917	0.00352209	1
27	404	33	0.475944	0.536377	0.00310108	1
27	405	32	3.88352	3.71467	0.00279016	1
27	406	18418	5.57717	5.8215	0.00703601	1
27	407	3394	0.283339	0.249021	0.00276804	1
27	408	29	0.0497789	0.0659783	0.00257349	1
27	409	48	0.0201773	0.021755	0.000108959	1
27	410	6341	0.457033	0.452176	0.00243236	1
27	411	41696	0.361627	0.348567	0.00181502	1
27	412	1673	1.01669	0.972759	0.00223873	1
27	413	669	3.35305	3.37443	0.00222852	1
27	414	436	1.92774	1.92667	0.0043521	1
27	415	260	1.7599	1.72537	0.00330461	1
27	416	2920	4.36193	4.70542	0.00436297	1
27	417	4931	9.63708	9.52795	0.00347038	1
27	418	1420	3.73863	3.81951	0.00387143	1
27	419	22805	0.138428	0.136678	0.000763877	1
27	420	6341	0.558083	0.576016	0.00108097	1
27	421	981	3.97968	3.83512	0.00314572	1
27	422	2260	1.83643	1.92523	0.00392498	1
27	423	2287	0.0142176	0.011648	0.000289306	1
27	424	3713	0.324516	0.318871	0.000301695	1
27	425	3297	1.6325	1.68499	0.00141067	1
27	426	564	2.42905	2.53152	0.00466992	1
27	427	357	1.99202	2.2189	0.00808873	1
27	428	8845	4.76391	4.88159	0.00172425	1
27	429	429	0.428576	0.395594	0.00237343	1
27	430	3523	5.65683	5.82707	0.00640288	0
27	431	1157	7.31536	7.31569	0.00605801	1
27	432	27582	5.1991	5.05502	0.00200946	1
27	433	338	4.07694	3.91307	0.0018071	1
27	434	16661	4.23653	4.11469	0.00184844	1
27	435	357	0.188856	0.195513	0.00134522	1
27	436	253	4.68533	4.68569	0.00282402	1
27	437	5932	6.88689	6.85181	0.0046227	1
27	438	21631	1.46922	1.57311	0.0046073	1
27	439	12400	0.605113	0.596027	0.00167545	1
27	440	1673	1.01946	1.09917	0.00376234	1
27	441	3959	7.33412	7.34526	0.00260241	1
27	442	288	0.011866	0.0118397	4.87873e-05	1
27	443	12873	5.5512	5.65843	0.00367738	1
27	444	5068	6.22737	6.12981	0.00489185	1
27	445	625	5.07279	4.98971	0.00433454	1
27	446	3285	7.02867	6.86195	0.00834161	1
27	447	3297	0.929664	0.929425	0.00313225	1
27	448	260	0.938015	0.984408	0.00310755	1
27	449	18418	5.27544	5.28618	0.00686865	1
27	450	284	7.51805	7.35741	0.000643516	1
27	451	20930	4.73468	4.81564	0.0055385	1
27	452	41696	6.95516	6.8782	0.00331397	1
27	453	476	7.96678	7.97422	0.0026525	1
27	454	21436	8.07192	7.85237	0.00453742	1
27	455	5499	3.14089	2.96884	0.0042381	1
27	456	3547	6.12581	6.13986	0.00436396	1
27	457	281	4.99956	4.94439	0.00145292	1
27	458	4445	10.4165	10.4198	0.00558154	1
27	459	355	4.39405	4.50989	0.00256171	1
27	460	14574	6.73819	6.91249	0.0119542	1
27	461	8544	6.25203	6.14439	0.00765735	1
27	462	260	1.79531	1.85383	0.00333899	1
27	463	6341	2.87348	2.9499	0.00495423	1
27	464	24455	8.09929	8.14616	0.00435393	1
27	465	592	0.507875	0.536396	0.0023347	1
27	466	7168	6.4569	6.26592	0.0046714	1
27	467	288	0.00630656	0.00589163	9.15464e-05	1
27	468	5605	4.32221	4.29475	0.00250175	1
27	469	3538	5.6647	5.70295	0.00234963	1
27	470	7591	5.16686	4.87836	0.00623641	1
27	471	8544	1.09836	1.12226	0.00238113	1
27	472	260	0.935587	1.02419	0.00342395	0
27	473	6341	1.65304	1.53687	0.0057239	1
27	474	17223	10.7466	10.9465	0.00438511	1
27	475	7446	4.06776	3.96805	0.0111537	1
27	476	20945	5.20905	5.2496	0.00449393	1
27	477	8544	2.53143	2.52502	0.00249189	1
27	478	260	0.830459	0.819902	0.000853233	1
27	479	11612	6.88111	6.85921	0.00418044	1
27	480	436	1.08399	1.05195	0.00278417	1
27	481	1147	2.47764	2.41696	0.00313711	1
27	482	1165	1.61012	1.57164	0.00209188	1
27	483	3297	3.39038	3.49336	0.011174	1
27	484	284	0.443168	0.43814	0.00200404	1
27	485	3297	7.16335	7.13131	0.00129015	1
27	486	5087	4.34866	4.42361	0.00164716	1
27	487	3297	0.406866	0.366055	0.00463901	1
27	488	260	0.491317	0.48265	0.00154373	1
27	489	6341	0.923127	0.924255	0.00255125	1
27	490	3281	7.58992	7.63679	0.00284483	1
27	491	7446	2.67283	2.69605	0.00528256	0
27	492	42771	4.45761	4.57108	0.00453779	1
27	493	19048	2.19854	2.45402	0.0140113	1
27	494	476	4.42977	4.43055	0.00333783	1
27	495	1673	0.431818	0.445423	0.00171921	1
27	496	1216	4.45391	4.32369	0.00334804	1
27	497	216	5.31461	5.0616	0.00769286	1
27	498	34	0.880319	0.821864	0.00203188	1
27	499	37	0.115496	0.106942	0.000498873	1
27	500	3394	7.12759	7.50129	0.000862435	1
27	501	29	0.0655723	0.0547656	0.00174994	1
27	502	48	0.00935092	0.0087256	5.20489e-05	1
27	503	1663	6.19069	6.05352	0.0043013	1
27	504	24739	3.03211	3.02091	0.0105127	1
27	505	257	0.374185	0.263937	0.0201414	1
27	506	365	4.29392	4.34793	0.00352204	1
27	507	216	1.82371	1.5181	0.0125399	1
27	508	32	1.09422	1.02302	0.00477492	1
27	509	3394	6.88797	6.74704	0.000415253	1
27	510	30	1.68695	1.62292	0.00146601	1
28	256	48	0.0493686	0.0494203	0.000293252	1
28	257	38155	8.00148	7.97411	0.00533573	1
28	258	6752	1.74779	1.79657	0.00453807	1
28	259	216	3.34997	3.24375	0.00955245	1
28	260	37	2.70639	2.72161	0.00079604	1
28	261	37	2.4012	2.38315	0.00161919	1
28	262	7610	0.465952	0.466455	0.00146362	1
28	263	365	0.401345	0.425595	0.00181481	1
28	264	216	0.186202	0.166261	0.00165256	1
28	265	34	0.0919149	0.0976398	0.000321456	1
28	266	3394	0.461693	0.424535	0.00371648	1
28	267	30	0.00813837	0.00864233	4.24994e-05	1
28	268	48	0.000954798	0.00100552	4.71498e-06	1
28	269	216	0.0537558	0.047686	0.00139272	1
28	270	34	2.48958	2.46262	0.000745413	1
28	271	281	0.285132	0.30392	0.00223185	1
28	272	2481	0.0304955	0.0302239	0.000103657	1
28	273	4943	1.50049	1.56477	0.0025711	1
28	274	284	1.95178	1.91594	0.00333759	1
28	275	260	2.53989	2.55361	0.00298191	1
28	276	2208	0.824732	0.955542	0.00911129	1
28	277	5026	2.91463	2.88402	0.002513	1
28	278	8942	0.00213179	0.00217644	3.46768e-05	1
28	279	16036	0.0364901	0.0311502	0.000588967	1
28	280	597	7.1413	7.13214	0.001537	1
28	281	14202	0.352528	0.395517	0.00273116	1
28	282	282	0.0076732	0.00836767	4.86055e-05	1
28	283	827	0.592053	0.593121	0.00170723	1
28	284	5466	0.0491157	0.0464774	0.000291945	1
28	285	282	0.0800361	0.0781689	0.000140594	1
28	286	904	0.211871	0.240538	0.00258472	1
28	287	3394	0.253172	0.258903	0.00080092	1
28	288	29	0.0127875	0.0118377	0.000119535	1
28	289	48	0.0020546	0.0020597	5.60838e-06	1
28	290	38155	0.100673	0.106018	0.000697682	1
28	291	6752	0.047145	0.0494722	0.000303992	1
28	292	3297	5.46522	5.46085	0.000681049	1
28	293	564	3.97197	3.99149	0.00206216	1
28	294	805	2.55312	2.49635	0.00975995	1
28	295	216	1.50588	1.38203	0.00499967	0
28	296	35	2.00767	2.06355	0.000882136	1
28	297	32	0.985901	0.951342	0.00132102	1
28	298	7610	0.0707706	0.0671694	0.000362741	1
28	299	365	0.122342	0.132229	0.000955722	1
28	300	216	0.0908807	0.10666	0.00155175	1
28	301	33	0.271799	0.245633	0.00204266	1
28	302	3394	0.20073	0.215231	0.00178701	1
28	303	30	0.0034164	0.00365892	2.04779e-05	1
28	304	48	0.000558125	0.000506945	5.31914e-06	1
28	305	216	0.0224283	0.0218384	0.000111195	1
28	306	34	1.66381	1.611	0.0016244	1
28	307	281	0.0515832	0.0515969	0.000205629	1
28	308	2481	0.0173473	0.0166432	6.22547e-05	1
28	309	4943	1.53881	1.62225	0.00468572	1
28	310	1673	1.21671	1.24369	0.00284339	1
28	311	378	0.831327	0.922558	0.00423477	1
28	312	5882	6.83115	6.70531	0.00689063	1
28	313	282	0.318715	0.334439	0.00106094	1
28	314	451	5.25619	5.22224	0.000487691	1
28	315	16036	5.17978	4.86577	0.00652673	1
28	316	1509	9.02995	9.05373	0.0018156	1
28	317	26363	0.324252	0.298977	0.00189308	1
28	318	33832	3.03431	3.1772	0.0050607	1
28	319	288	1.38118	1.31243	0.00536311	1
28	320	2220	4.83211	4.82447	0.0067406	1
28	321	260	0.257449	0.285603	0.00286583	1
28	322	4869	4.16156	4.13321	0.00689606	1
28	323	282	0.244583	0.229645	0.00193218	1
28	324	260	0.0362958	0.0388999	0.000531675	1
28	325	2208	4.39248	4.50882	0.00599069	1
28	326	4040	7.56253	7.55674	0.0054487	1
28	327	396	0.00223072	0.00228766	2.172e-05	1
28	328	282	1.24207	1.27807	0.00224599	1
28	329	260	1.94308	1.79906	0.00659422	1
28	330	13443	6.8661	6.93667	0.00520849	1
28	331	38883	4.56225	4.69703	0.00543822	1
28	332	1673	1.57326	1.60403	0.00230581	1
28	333	378	0.989097	0.939944	0.00559422	1
28	334	6947	7.54976	7.61434	0.00525902	1
28	335	282	0.0269706	0.0287733	0.000174663	1
28	336	260	0.214744	0.216036	0.000138011	1
28	337	13443	1.42334	1.49436	0.00436182	1
28	338	38883	0.650468	0.576598	0.00466739	1
28	339	592	0.640316	0.583378	0.00362712	1
28	340	6370	5.95128	6.02963	0.00400685	1
28	341	767	2.88531	2.94489	0.00158144	1
28	342	411	0.823088	0.821441	0.000720302	1
28	343	12785	9.37859	9.2082	0.00308623	1
28	344	16858	0.129996	0.124255	0.000511713	1
28	345	338	4.09783	4.24048	0.00565076	1
28	346	22697	5.74792	5.78765	0.00357138	1
28	347	281	0.895774	0.77845	0.00622404	0
28	348	11669	2.23809	2.02227	0.00710031	1
28	349	429	0.234002	0.230485	0.000415776	1
28	350	216	0.0741849	0.0747237	0.000230963	1
28	351	34	1.69714	1.68105	0.00107953	1
28	352	32	1.34675	1.36725	0.0019324	1
28	353	35	6.22184	6.214	0.00117292	1
28	354	288	3.45161	3.42776	0.000249864	1
28	355	216	0.00833565	0.00721203	0.000122662	1
28	356	33	3.01645	2.99409	0.000460197	1
28	357	32	1.89613	1.76652	0.00418674	0
28	358	34	2.51984	2.49234	0.00189672	1
28	359	7610	0.370678	0.309515	0.00569241	1
28	360	365	0.0777919	0.0830091	0.000550711	1
28	361	216	0.191786	0.197718	0.000368577	1
28	362	40	1.16761	1.15845	0.00138635	1
28	363	288	2.33303	2.19107	0.0038619	1
28	364	216	0.020898	0.0188599	0.000287351	1
28	365	36	0.431523	0.473131	0.00274911	1
28	366	281	0.403655	0.433415	0.00324364	1
28	367	2481	0.0668839	0.071662	0.000228708	1
28	368	1673	1.94031	1.89429	0.00281262	1
28	369	378	0.987927	1.07628	0.00462207	1
28	370	6615	9.94291	9.84282	0.00493314	1
28	371	26466	0.173728	0.188825	0.0010929	1
28	372	592	1.46189	1.38624	0.0077928	1
28	373	6086	5.73955	5.72289	0.00308433	1
28	374	351	3.50729	3.47208	0.001791	1
28	375	354	4.32468	4.32436	0.00371782	1
28	376	38883	3.47037	3.36261	0.00348414	1
28	377	11669	4.29007	4.21171	0.00465908	1
28	378	282	0.102781	0.118156	0.00225621	1
28	379	216	0.143437	0.150546	0.0006042	1
28	380	34	1.59374	1.6078	0.000355888	1
28	381	37	1.62799	1.61632	0.00225488	1
28	382	36	3.91507	3.94964	0.00235333	1
28	383	7610	0.0574146	0.0505305	0.000613892	1
28	384	365	0.0531417	0.056081	0.000265678	1
28	385	216	0.0812572	0.0963686	0.00147179	1
28	386	33	0.205415	0.190037	0.00112367	1
28	387	32	0.164749	0.180979	0.000907119	1
28	388	281	4.98044	5.34537	0.00121261	1
28	389	2481	0.046441	0.0463262	0.000289913	1
28	390	335	4.82784	4.80505	0.003764	1
28	391	260	0.727775	0.680734	0.00209978	1
28	392	2715	7.13517	7.31246	0.00450125	1
28	393	284	1.30831	1.19444	0.00571629	0
28	394	216	0.812585	0.94809	0.012449	1
28	395	39	4.24868	4.31287	0.00384421	1
28	396	38	2.35831	2.40885	0.000647208	1
28	397	7610	0.266609	0.246899	0.000949249	1
28	398	335	5.74095	5.69785	7.96117e-05	1
28	399	260	0.0538961	0.054577	0.000293571	1
28	400	7344	5.53177	5.66248	0.00413278	1
28	401	1673	1.11263	1.15209	0.004033	1
28	402	378	0.88852	0.850116	0.00228696	1
28	403	8828	7.59111	7.44697	0.00754119	1
28	404	391	0.887215	0.849721	0.00118246	1
28	405	368	2.7914	2.94318	0.00222754	1
28	406	38883	4.64492	4.46831	0.00650413	1
28	407	436	0.895133	0.821326	0.00895544	1
28	408	216	2.75857	2.6499	0.0037016	1
28	409	33	1.34484	1.32799	0.00118056	1
28	410	36	2.46602	2.4453	0.00101474	1
28	411	41	3.51583	3.48571	0.00114688	0
28	412	7610	0.102061	0.102739	0.000422037	1
28	413	365	0.106279	0.147262	0.00655373	1
28	414	216	0.135092	0.126659	0.000815572	1
28	415	37	0.848503	0.949463	0.00514582	1
28	416	3394	1.15602	1.0843	0.00229868	1
28	417	30	0.00314125	0.00343114	2.82314e-05	1
28	418	48	0.000383291	0.000358192	1.81606e-06	1
28	419	216	0.0383617	0.0404267	0.000257289	1
28	420	41	2.48806	2.4842	0.00128728	1
28	421	281	0.0337573	0.0375714	0.000408608	1
28	422	2481	0.024567	0.0302451	0.000644242	1
28	423	4943	0.277468	0.285343	0.00234335	1
28	424	284	1.47711	1.53165	0.00135819	1
28	425	338	7.13989	7.02761	0.00346912	1
28	426	282	0.933682	0.891294	0.0050895	1
28	427	260	0.0522474	0.0537476	0.000209178	1
28	428	2753	8.28731	8.19371	0.00333398	1
28	429	12297	0.14028	0.135163	0.00166916	1
28	430	3986	0.72457	0.559182	0.0285535	1
28	431	436	0.767938	0.786493	0.00245665	1
28	432	216	0.206791	0.213205	0.000700576	1
28	433	34	1.86569	1.8975	0.00201608	1
28	434	41	2.71498	2.72989	0.000687157	1
28	435	41	1.42547	1.54076	0.00730017	1
28	436	7610	0.0172407	0.0143153	0.000406481	1
28	437	4943	7.71857	7.58612	0.00040116	1
28	438	2161	10.1801	10.1446	0.00236833	1
28	439	670	0.175108	0.191267	0.00160616	1
28	440	260	0.794312	0.750669	0.00253676	1
28	441	6909	6.5352	6.34172	0.0033355	1
28	442	8176	2.17683	2.10243	0.00380212	1
28	443	216	0.238207	0.236751	0.00153943	1
28	444	35	0.822679	0.767645	0.00142391	1
28	445	32	0.85155	0.778518	0.00300292	1
28	446	37	3.58391	3.59394	0.00155161	1
28	447	7610	0.0215036	0.020525	0.000112331	1
28	448	1673	2.59765	2.53981	0.00201885	1
28	449	378	0.997576	1.01744	0.0013716	1
28	450	5882	5.82624	5.70321	0.00552377	1
28	451	282	0.109567	0.113136	0.000184688	1
28	452	260	0.108506	0.112419	0.000391936	1
28	453	345	11.7115	11.7487	0.0125327	1
28	454	1039	0.301592	0.245576	0.00708794	1
28	455	11637	0.426425	0.437942	0.00509774	1
28	456	592	0.864204	0.908369	0.00245286	1
28	457	216	3.37497	3.29822	0.00274835	1
28	458	35	2.19022	2.21766	0.000682436	1
28	459	32	1.76463	1.78587	0.000672331	1
28	460	37	2.55292	2.51232	0.00179631	1
28	461	7610	0.0376845	0.0374602	0.000257807	1
28	462	4943	1.66868	1.31028	0.027034	1
28	463	1673	1.83963	1.93566	0.00427323	1
28	464	3717	1.4116	1.48847	0.00177084	1
28	465	378	7.9765	7.97802	0.00109005	1
28	466	339	3.11925	3.2123	0.00419469	1
28	467	313	0.0202568	0.02232	0.000295786	1
28	468	1128	1.9968	1.95185	0.00122393	1
28	469	592	4.97229	5.07566	0.00277005	1
28	470	260	3.09055	3.15684	0.00431003	1
28	471	805	3.15566	3.17978	0.00343104	1
28	472	4931	6.71343	6.67406	0.0036184	1
28	473	11763	4.5114	4.48769	0.00304873	1
28	474	4452	0.548471	0.618812	0.00312349	1
28	475	288	1.09942	1.00571	0.00417192	1
28	476	1379	8.83447	8.91613	0.00208187	1
28	477	260	1.75093	1.74458	0.00403862	1
28	478	9703	9.95837	9.82634	0.00400289	1
28	479	11612	0.787089	0.845988	0.00183663	1
28	480	2120	4.28151	4.33269	0.00235619	1
28	481	260	0.141344	0.171281	0.00332076	1
28	482	6528	10.5388	10.3852	0.00835103	1
28	483	11612	1.80311	1.62138	0.0179846	1
28	484	347	4.80268	4.82074	0.00260161	1
28	485	260	2.63282	2.66328	0.00329106	1
28	486	339	4.101	4.30229	0.00454242	0
28	487	58	4.78175	5.0294	0.0017643	1
28	488	62	0.266606	0.330097	0.00769011	1
28	489	20190	7.60653	7.65448	0.00292705	0
28	490	288	0.441289	0.387237	0.00488872	1
28	491	1830	5.25591	5.15997	0.0049832	1
28	492	347	4.65024	4.59234	0.00618772	1
28	493	1083	0.274974	0.264274	0.000397463	1
28	494	1898	6.40191	6.53056	0.00403132	1
28	495	347	1.86207	1.99103	0.00317932	1
28	496	1636	0.0594383	0.0563275	0.000375019	1
28	497	826	0.628325	0.59698	0.00267591	1
28	498	260	0.130835	0.120579	0.000891177	1
28	499	3452	11.4625	11.4933	0.0043177	1
28	500	33247	3.86432	3.78788	0.00667838	1
28	501	47705	4.72677	4.62732	0.00339286	1
28	502	284	0.915253	0.940478	0.00351218	1
28	503	8949	10.9235	10.772	0.0017151	1
28	504	284	3.19882	3.08725	0.0064222	1
28	505	37477	7.85109	7.628	0.00848362	1
28	506	43555	6.14828	6.15742	0.00547329	1
28	507	491	2.01856	1.98372	0.000832618	1
28	508	1673	1.28558	1.26079	0.00495228	1
28	509	378	1.47557	1.55039	0.00363609	1
28	510	7741	8.91128	8.92491	0.00552203	1
29	256	3297	1.42456	1.34296	0.00265514	1
29	257	284	2.2427	2.03864	0.00307559	1
29	258	216	0.0491697	0.0486044	0.000497818	1
29	259	37	1.52211	1.52213	0.00019666	1
29	260	592	0.527301	0.560036	0.00359885	1
29	261	2837	5.73333	5.87118	0.00696326	1
29	262	351	1.60298	1.47711	0.00573394	1
29	263	13254	12.3959	12.4448	0.00279678	1
29	264	216	3.06342	3.17006	0.00367581	1
29	265	38	2.19107	2.2187	0.000907224	1
29	266	3394	10.4259	10.3994	0.00196599	1
29	267	29	0.40545	0.361363	0.00300279	1
29	268	48	0.0322548	0.0286936	0.00033729	1
29	269	31275	11.5139	11.7118	0.00462057	1
29	270	365	1.91292	1.74447	0.00777699	1
29	271	216	0.206713	0.211537	0.00101138	1
29	272	33	0.798363	0.924942	0.00641987	1
29	273	41	0.919644	0.901066	0.00122329	1
29	274	11083	0.430622	0.454877	0.0016635	1
29	275	216	0.691754	0.576251	0.00933857	1
29	276	40	2.47244	2.41152	0.00106496	1
29	277	281	0.102331	0.104617	0.000486511	1
29	278	2481	0.0445749	0.0520859	0.000685498	1
29	279	12070	11.3237	11.2404	0.00473525	1
29	280	25618	4.09858	4.0892	0.0119721	1
29	281	1456	0.340846	0.39613	0.00455914	1
29	282	35613	0.119009	0.0762946	0.0142303	1
29	283	1845	7.5358	7.62794	0.00446518	1
29	284	7647	0.27867	0.312165	0.0025625	1
29	285	366	0.0027571	0.00247566	3.67334e-05	1
29	286	1673	0.985147	0.997094	0.00176547	1
29	287	1216	3.39423	3.35163	0.00448038	1
29	288	592	1.56448	1.59706	0.00328382	1
29	289	4592	11.614	11.6323	0.00440315	1
29	290	288	0.196789	0.169629	0.00288552	1
29	291	325	0.221132	0.218002	0.000527407	1
29	292	16857	6.38019	6.35903	0.00491861	1
29	293	288	1.03983	0.969943	0.00366186	1
29	294	260	0.61569	0.598952	0.00240221	1
29	295	2938	3.13714	3.06303	0.00481291	1
29	296	36591	9.98836	10.119	0.00706657	1
29	297	1456	3.61324	3.67603	0.00955574	1
29	298	625	5.22222	5.13569	0.00507301	1
29	299	8854	4.76395	4.80726	0.00347532	1
29	300	6907	7.61481	7.78091	0.00286462	1
29	301	804	2.44723	2.53311	0.00524927	1
29	302	335	1.21658	1.21753	0.00256568	0
29	303	550	3.42078	3.3244	0.00712461	1
29	304	7761	0.602225	0.689308	0.00731022	1
29	305	284	2.96872	2.88912	0.00222449	1
29	306	592	1.47735	1.47594	0.00429626	1
29	307	5178	3.52737	3.62347	0.00593044	1
29	308	281	1.88432	1.89805	0.00443452	1
29	309	216	0.767442	0.732335	0.00169017	1
29	310	33	0.0204282	0.0195819	9.27835e-05	1
29	311	41	0.0490918	0.0500835	4.19262e-05	1
29	312	34	1.47293	1.42199	0.00148463	1
29	313	32	1.77195	1.72959	0.000714091	1
29	314	1673	0.318027	0.305863	0.00134988	1
29	315	1069	4.74504	4.78681	0.0021653	1
29	316	592	0.451562	0.427789	0.00165659	1
29	317	7233	1.01923	1.00181	0.00200578	1
29	318	411	0.735094	0.715449	0.00154943	1
29	319	2267	8.52834	8.52948	0.00478066	1
29	320	260	1.20836	1.22492	0.00232953	1
29	321	2938	2.23287	2.20075	0.00290103	1
29	322	1845	5.0883	5.35375	0.00351687	1
29	323	7647	0.829016	0.990354	0.0124529	1
29	324	366	0.00635812	0.00590865	2.44274e-05	1
29	325	355	1.01269	0.946638	0.00362761	1
29	326	43123	10.4305	10.0722	0.00912967	1
29	327	2837	2.38444	2.37122	0.00399942	1
29	328	6907	2.77709	2.94621	0.00559893	1
29	329	282	3.35665	3.38473	0.003562	1
29	330	216	3.90049	3.92322	0.00646284	1
29	331	38	1.20364	1.19368	0.00130548	1
29	332	355	4.59163	4.48523	0.00147319	1
29	333	216	0.0422787	0.0504451	0.000930551	1
29	334	40	1.43868	1.43984	0.00043415	1
29	335	13897	6.5685	6.43983	0.00129716	1
29	336	365	0.0749619	0.0852938	0.00105942	1
29	337	216	0.114802	0.114648	0.00102255	1
29	338	33	0.322065	0.376321	0.00373203	1
29	339	41	0.0361054	0.036942	4.65558e-05	1
29	340	11083	0.0540826	0.0588531	0.000476284	1
29	341	216	0.0911889	0.0889058	0.000513811	1
29	342	40	0.411257	0.415503	0.000353686	1
29	343	281	0.102877	0.110413	0.000906457	1
29	344	355	4.46187	4.67456	0.000386608	1
29	345	216	0.0338736	0.0354524	0.000660405	1
29	346	34	1.88524	1.84284	0.0129939	1
29	347	38	3.8954	4.25819	0.010175	1
29	348	11083	0.0699821	0.0706277	0.000188451	1
29	349	216	0.29416	0.262425	0.00332905	1
29	350	35	2.70737	2.68656	0.00170328	0
29	351	281	0.182679	0.17372	0.00109885	1
29	352	2481	0.456826	0.475445	0.00111254	1
29	353	3519	5.4004	5.14954	0.015525	1
29	354	1673	0.719642	0.738824	0.0024662	1
29	355	533	3.35727	3.35855	0.00274248	1
29	356	260	2.07715	2.21521	0.003366	1
29	357	3008	3.40538	3.35746	0.00350704	0
29	358	216	0.126276	0.132216	0.000435858	1
29	359	33	0.0189088	0.0196995	3.25381e-05	1
29	360	41	0.0181413	0.0192206	3.36455e-05	1
29	361	34	0.242829	0.254948	0.000389665	1
29	362	32	0.00125745	0.00122344	2.20308e-06	1
29	363	99	0.269892	0.274612	0.00141269	1
29	364	260	1.39341	1.40909	0.00323295	1
29	365	2892	3.50739	3.67458	0.0033346	1
29	366	3394	0.68693	0.693263	0.000976341	1
29	367	29	0.0171728	0.0142416	0.000363283	1
29	368	48	0.00483662	0.00395212	0.000129417	1
29	369	1533	0.351819	0.36342	0.00161772	1
29	370	1734	5.8627	6.21396	0.00813915	1
29	371	592	0.574266	0.578396	0.00331106	1
29	372	34194	1.82059	1.84177	0.00629635	1
29	373	284	2.774	2.81526	0.00222963	1
29	374	3171	4.75732	4.71466	0.00688689	1
29	375	6408	8.77683	8.67833	0.00630913	0
29	376	592	0.521365	0.568976	0.0023447	1
29	377	3235	0.6198	0.581144	0.00168319	1
29	378	288	0.772577	0.745448	0.0019155	1
29	379	260	1.08269	1.04858	0.00209667	1
29	380	1623	5.04417	5.10402	0.00584982	1
29	381	93	2.2736	2.53684	0.0107143	1
29	382	500	0.115797	0.125715	0.00163584	1
29	383	288	3.13841	3.18289	0.00461509	1
29	384	12946	3.21496	3.34618	0.00262285	1
29	385	601	3.69088	3.91483	0.0032846	1
29	386	1673	0.342859	0.319464	0.00159362	1
29	387	330	3.25087	3.25706	0.00275383	1
29	388	6455	4.84857	4.87678	0.00297603	0
29	389	282	0.0218496	0.0226193	6.80556e-05	1
29	390	20142	7.90287	7.92841	0.00513707	1
29	391	327	3.58747	3.57461	0.00154935	1
29	392	260	1.05469	1.11425	0.00343021	1
29	393	216	3.78074	3.78752	0.00370928	1
29	394	33	1.83275	1.74853	0.00149786	1
29	395	34	2.26478	2.24937	0.0026142	1
29	396	3394	3.31933	3.43055	0.00401981	1
29	397	30	6.85387	6.6158	0.000250306	1
29	398	48	0.342417	0.293886	0.00536349	1
29	399	216	4.00442	3.93201	0.00482072	1
29	400	39	3.01872	2.96596	0.00102289	1
29	401	5973	4.01815	4.24664	0.0167718	0
29	402	22805	9.43599	9.52581	0.00498403	1
29	403	12466	0.940945	0.912998	0.00298522	1
29	404	592	1.42722	1.46543	0.00531239	1
29	405	3235	0.965143	0.957569	0.00262093	1
29	406	3297	3.95554	3.96816	0.00222525	1
29	407	582	3.52254	3.51923	0.0029841	1
29	408	335	2.49409	2.65458	0.0033832	1
29	409	971	0.383012	0.403285	0.00315822	1
29	410	2103	1.06193	1.02808	0.00728287	1
29	411	282	0.17826	0.200177	0.00206577	1
29	412	260	0.0837851	0.0689208	0.00273057	1
29	413	3703	5.60894	5.5233	0.00293812	1
29	414	2076	2.95114	2.87976	0.00715645	1
29	415	20801	0.0330639	0.0299993	0.000476992	1
29	416	3297	2.54456	2.54458	0.00481251	1
29	417	281	4.2933	4.37333	0.0048996	1
29	418	260	1.99716	1.94482	0.00259337	1
29	419	1584	3.42235	3.43981	0.00436265	1
29	420	216	0.156384	0.164855	0.00113717	1
29	421	33	0.00790192	0.00781619	1.09964e-05	1
29	422	41	0.00055657	0.000599701	4.91784e-06	1
29	423	35	0.132753	0.148364	0.000831837	1
29	424	32	0.000578524	0.000542363	1.86522e-06	1
29	425	99	0.138553	0.125419	0.00146955	1
29	426	1673	0.340994	0.386492	0.00451704	1
29	427	378	1.57683	1.51544	0.00351063	1
29	428	2892	2.96539	3.04188	0.00371955	1
29	429	3394	0.184367	0.172816	0.000857688	1
29	430	29	0.0119041	0.0124787	3.38291e-05	1
29	431	48	0.00474132	0.00450362	3.57992e-05	1
29	432	1533	0.370301	0.382291	0.00145254	1
29	433	1734	2.24631	2.27393	0.00827032	1
29	434	592	0.489596	0.492562	0.00221351	1
29	435	1163	5.28656	5.39802	0.00492912	1
29	436	34194	0.186698	0.18607	0.000524144	1
29	437	281	0.835479	0.92985	0.0070338	1
29	438	260	0.867419	0.856964	0.000178914	1
29	439	3921	1.97881	1.98895	0.000302499	1
29	440	3394	13.4044	13.4281	0.00114093	1
29	441	29	0.681008	0.615017	0.00279194	1
29	442	48	0.033129	0.0323281	0.000196796	1
29	443	216	0.346863	0.362175	0.00197443	1
29	444	33	0.198122	0.21741	0.00154827	1
29	445	41	0.0045756	0.00418588	3.25479e-05	1
29	446	35	0.618392	0.610123	9.07579e-05	1
29	447	32	1.20638	1.10869	0.00254833	1
29	448	99	0.0679508	0.0684101	0.000608696	1
29	449	284	1.46834	1.47917	0.00157831	1
29	450	20142	7.72149	7.78083	0.00266862	1
29	451	592	1.13704	1.1979	0.00204846	1
29	452	3235	0.485221	0.483895	0.00214809	1
29	453	327	1.37937	1.47034	0.00330254	1
29	454	260	0.569201	0.544153	0.0033851	1
29	455	216	0.659254	0.63765	0.00370696	1
29	456	34	1.82463	1.81815	0.000315825	1
29	457	37	2.69668	2.73453	0.00229319	1
29	458	7610	4.59851	4.4626	0.00220512	1
29	459	22805	1.67381	1.50979	0.00765985	1
29	460	12466	0.370517	0.391223	0.000830887	1
29	461	1673	1.35805	1.26479	0.00752925	1
29	462	5148	4.67978	4.47498	0.001844	1
29	463	7761	5.5816	5.72058	0.00582254	1
29	464	761	1.87417	1.95894	0.00226902	1
29	465	216	2.67758	2.64342	0.00338406	1
29	466	33	1.59181	1.62763	0.000409909	0
29	467	32	2.01162	2.03684	0.00103267	1
29	468	3394	2.92007	3.10634	0.00567935	1
29	469	29	1.55781	1.61845	0.000604142	1
29	470	48	0.00918747	0.0070626	0.000372197	1
29	471	31275	3.88249	3.92191	0.00261257	1
29	472	365	0.0759358	0.0872073	0.00103273	1
29	473	216	0.0557037	0.0589523	0.000233174	1
29	474	35	0.170871	0.144205	0.00258314	1
29	475	34	3.43151	3.41238	0.00116186	1
29	476	11083	0.0806372	0.0781931	0.000378774	1
29	477	216	0.173856	0.16252	0.00175995	1
29	478	33	1.48431	1.54444	0.00355138	1
29	479	32	1.06193	1.11932	0.00219895	1
29	480	281	0.0370803	0.0372063	0.000157933	1
29	481	2481	0.122103	0.122091	0.000174863	1
29	482	1845	1.73579	1.79623	0.00467318	1
29	483	7647	0.0434218	0.0356034	0.00103482	1
29	484	366	0.000508634	0.000479201	1.0971e-05	1
29	485	7373	3.22859	3.2468	0.00716672	1
29	486	418	2.72602	2.6534	0.00180843	1
29	487	260	0.708941	0.688465	0.00178089	1
29	488	1466	4.45987	4.40518	0.00296874	1
29	489	282	0.316922	0.394837	0.00885191	1
29	490	260	0.246582	0.245802	0.000770835	1
29	491	27891	8.93346	8.95537	0.00478512	1
29	492	18219	0.427254	0.36583	0.00845892	1
29	493	14330	5.9704	6.16948	0.00705903	1
29	494	418	3.60994	3.62779	0.00122921	1
29	495	338	6.73724	6.81429	0.00550948	1
29	496	655	0.0523398	0.0691514	0.00223511	1
29	497	1673	0.257702	0.267841	0.000948609	1
29	498	7090	8.31941	8.38354	0.00274679	1
29	499	216	1.11663	1.14976	0.0040937	1
29	500	34	1.87389	1.93458	0.00167319	1
29	501	33	3.31228	3.39581	0.00328826	1
29	502	1512	8.10267	7.9836	0.00724842	0
29	503	3394	7.00338	7.17971	0.0078877	1
29	504	29	0.0262032	0.0284084	0.000294612	1
29	505	48	0.0163	0.0189218	0.000302221	1
29	506	3179	7.82592	7.84668	0.00757388	1
29	507	1961	5.51972	5.77337	0.00104558	1
29	508	954	0.0267245	0.0279075	0.000352477	1
29	509	592	0.310083	0.301191	0.00093709	1
29	510	7373	1.90643	1.92947	0.00298276	1
30	256	260	1.18038	1.17233	0.00284095	1
30	257	2715	3.87045	3.80721	0.00636802	1
30	258	282	0.00452395	0.00454925	3.62301e-05	1
30	259	8091	4.36915	4.20212	0.00425111	1
30	260	6995	1.49202	1.44527	0.00215666	1
30	261	284	2.28571	2.29283	0.00554213	1
30	262	2309	6.52045	6.56824	0.00396113	1
30	263	7952	10.296	10.4409	0.00743642	1
30	264	1512	4.48889	4.54154	0.00334629	1
30	265	1199	2.37081	2.46062	0.00649969	1
30	266	288	1.42917	1.36894	0.00316411	1
30	267	2037	3.11049	3.10381	0.00524681	1
30	268	601	1.64087	1.72729	0.00313737	1
30	269	1673	1.40479	1.31664	0.00314147	1
30	270	378	1.27814	1.35663	0.00274965	1
30	271	2184	4.59092	4.65301	0.00524781	1
30	272	282	0.0644178	0.0754476	0.000987228	1
30	273	1876	4.91868	5.11395	0.00339042	1
30	274	4931	2.61253	2.59519	0.00328379	1
30	275	6995	2.01974	2.08558	0.00676684	1
30	276	17614	2.25176	2.4085	0.00516421	1
30	277	981	3.48356	3.48578	0.00231458	0
30	278	260	0.328902	0.311368	0.00138237	1
30	279	9420	0.861086	0.879963	0.00374594	1
30	280	282	0.012674	0.014924	0.000225944	1
30	281	10418	0.578666	0.4851	0.0100743	1
30	282	2384	0.000807601	0.000770649	1.05046e-05	1
30	283	281	1.99354	2.08222	0.00362569	1
30	284	4019	2.47193	2.32191	0.00687633	1
30	285	216	0.13894	0.142559	0.00106047	1
30	286	33	0.000346518	0.000339072	6.75325e-06	1
30	287	41	3.4782e-05	4.53134e-05	1.64119e-06	1
30	288	36	0.000134745	9.89659e-05	6.3613e-06	1
30	289	34	0.0439279	0.0384237	0.000442655	1
30	290	13428	5.41168	5.39132	0.00319357	1
30	291	3435	2.74136	2.77185	0.00765719	1
30	292	260	0.52139	0.586468	0.0066483	1
30	293	2470	1.78603	1.71243	0.00265123	1
30	294	282	0.15593	0.158966	0.00016815	1
30	295	260	0.286401	0.301626	0.0011645	1
30	296	339	0.793568	0.845166	0.00217367	1
30	297	58	0.00164712	0.00177939	1.20673e-05	1
30	298	62	0.02429	0.0187876	0.00104727	1
30	299	288	0.032731	0.0315972	0.000142121	1
30	300	1538	5.51081	5.50886	0.00299427	1
30	301	750	5.03046	5.15784	0.0054639	1
30	302	1512	1.74017	1.76372	0.00403679	1
30	303	3114	3.66627	3.49926	0.000999341	1
30	304	284	3.21548	3.10153	0.00353735	1
30	305	8837	8.41056	8.61461	0.00405344	1
30	306	592	0.910268	0.938949	0.00469094	1
30	307	7045	1.96598	1.8837	0.00366381	1
30	308	1673	1.15952	1.1521	0.00307467	1
30	309	31621	8.50852	8.49696	0.00181735	1
30	310	14915	7.97296	7.90676	0.0025652	1
30	311	288	1.79771	1.73364	0.00301148	1
30	312	7728	2.39894	2.37855	0.00236232	1
30	313	582	4.78635	4.82758	0.00335705	1
30	314	355	1.58921	1.62966	0.00195478	1
30	315	540	0.218138	0.210394	0.000363986	1
30	316	11763	4.49255	4.44257	0.00646437	0
30	317	4452	0.0779196	0.0923319	0.00118302	1
30	318	618	1.69529	1.77311	0.00197931	1
30	319	17614	1.58174	1.52909	0.00306837	1
30	320	761	1.8896	1.76902	0.00354677	1
30	321	719	0.437641	0.475195	0.00249686	1
30	322	1135	2.09496	2.08057	0.00284988	1
30	323	284	3.36358	3.37902	0.00178854	1
30	324	11238	7.37413	7.06709	0.00509797	1
30	325	418	3.48706	3.54858	0.00346775	1
30	326	260	1.21497	1.20813	0.00209647	1
30	327	3616	5.18562	5.13316	0.009072	1
30	328	282	0.0183985	0.0212323	0.000277815	1
30	329	260	0.782445	0.825117	0.00223925	1
30	330	1913	0.550586	0.542329	0.00124419	1
30	331	3297	2.14644	2.22046	0.00295732	1
30	332	564	0.443053	0.480704	0.00203977	1
30	333	502	4.00916	4.11469	0.00148231	1
30	334	592	0.525483	0.53382	0.00178722	1
30	335	32573	6.361	6.42532	0.00405184	1
30	336	990	2.91521	2.96632	0.00148531	1
30	337	10418	5.90568	5.77847	0.00094368	1
30	338	2384	0.00103516	0.000894833	2.72781e-05	1
30	339	1673	1.2663	1.26489	0.00359395	1
30	340	22133	7.46028	7.55744	0.00571044	0
30	341	327	0.942552	0.992531	0.00133468	1
30	342	540	6.53387	6.46474	0.00434118	1
30	343	13992	5.45895	5.43076	0.00558021	1
30	344	34002	1.15447	1.15838	0.00208373	1
30	345	592	0.729865	0.716633	0.00153304	1
30	346	11238	4.03382	4.29528	0.00523025	0
30	347	335	4.21496	4.23717	0.00207774	1
30	348	260	1.20623	1.10134	0.00482206	0
30	349	9941	1.95417	1.81737	0.00446458	1
30	350	282	2.36028	2.51519	0.00130823	1
30	351	12372	5.59388	5.68912	0.00450516	1
30	352	284	0.406129	0.410251	0.000937743	1
30	353	3297	9.78612	9.79274	0.00295534	1
30	354	768	5.12653	5.00577	0.00456186	1
30	355	9603	6.83095	6.8635	0.00203629	1
30	356	3297	0.274357	0.262737	0.000871706	1
30	357	655	5.36061	5.2965	0.00419666	1
30	358	3297	2.47051	2.60646	0.00299977	1
30	359	284	1.87684	1.74052	0.00682909	1
30	360	260	1.81748	1.9043	0.00621967	0
30	361	339	2.17077	2.2159	0.00565241	1
30	362	58	0.0129596	0.0113051	0.000200507	1
30	363	62	0.0115896	0.0112389	0.00013549	1
30	364	9700	9.01606	8.75755	0.00707481	1
30	365	335	0.372733	0.429908	0.00513256	1
30	366	9028	5.91735	5.81755	0.00276342	1
30	367	260	0.706077	0.737155	0.00196145	1
30	368	13401	6.77032	6.79318	0.00501762	1
30	369	6455	5.20874	5.1408	0.00521509	1
30	370	282	0.127939	0.146725	0.00144126	1
30	371	6615	4.21259	4.49755	0.00489625	1
30	372	26466	0.0215707	0.0253083	0.000320533	1
30	373	284	1.3446	1.29942	0.00213644	1
30	374	13195	1.34311	1.43556	0.00365988	1
30	375	601	0.386383	0.36498	0.00187961	1
30	376	351	0.0586184	0.0508393	0.000738697	1
30	377	253	1.19078	1.18307	0.00288668	1
30	378	6688	6.34978	6.38716	0.00329902	1
30	379	16036	1.00062	0.913914	0.00746394	1
30	380	9031	6.59592	6.50265	0.00489747	0
30	381	351	0.045943	0.043125	0.00120121	1
30	382	827	3.25545	3.23796	0.00294778	1
30	383	47019	2.36718	2.39721	0.00299886	1
30	384	8071	0.191087	0.263036	0.00996876	1
30	385	288	4.27988	4.3198	0.00771836	1
30	386	7198	4.78761	4.67653	0.00320646	1
30	387	6458	5.76489	5.81194	0.00277206	1
30	388	18496	0.176932	0.210705	0.00280487	1
30	389	1673	1.12058	1.08224	0.00261562	1
30	390	378	1.51343	1.46924	0.00253359	1
30	391	339	3.4428	3.64585	0.00491481	1
30	392	313	6.76823	6.77721	0.000207363	1
30	393	3394	8.44348	8.5334	0.00587313	1
30	394	29	0.0106034	0.0132329	0.000358684	1
30	395	48	0.0106126	0.00977285	0.000143377	1
30	396	1128	6.79212	6.82037	0.00826729	1
30	397	7761	5.2148	5.10129	0.00532272	1
30	398	592	0.502713	0.466965	0.00282628	1
30	399	5534	3.07664	3.10586	0.00369772	1
30	400	327	1.40011	1.45114	0.00486874	1
30	401	260	0.799803	0.786266	0.00173421	1
30	402	9538	1.70092	1.73989	0.00483746	1
30	403	975	3.28918	3.37237	0.00618628	1
30	404	7925	14.9848	15.1339	0.00127	1
30	405	18278	5.92259	6.11723	0.0198801	1
30	406	8662	0.0651588	0.074815	0.00162367	1
30	407	761	2.0101	2.07574	0.0159476	1
30	408	8845	3.92761	3.99551	0.00346577	0
30	409	354	3.72797	3.76291	0.00413945	1
30	410	14380	2.35085	2.38048	0.00377664	0
30	411	281	1.34445	1.35452	0.00297386	1
30	412	5312	10.933	10.9551	0.00462052	1
30	413	3274	0.0143042	0.013982	0.000154516	1
30	414	2838	0.104391	0.100028	0.000231397	1
30	415	30	0.00735191	0.0106797	0.000593814	1
30	416	216	0.0163948	0.0160335	6.58882e-05	1
30	417	37	1.61079	1.63515	0.000384413	1
30	418	281	1.6728	1.67992	0.00212933	0
30	419	1584	4.28386	4.27717	0.00114216	1
30	420	2405	2.64358	2.5172	0.00336497	1
30	421	338	6.71468	6.63805	0.000540841	1
30	422	10210	8.75102	9.03808	0.00699091	1
30	423	7652	1.54668	1.54397	0.00272387	1
30	424	260	0.580835	0.61569	0.00169347	1
30	425	48379	5.84025	5.9513	0.00808345	1
30	426	284	1.48254	1.42629	0.00207448	1
30	427	480	7.61339	7.6424	0.00610994	1
30	428	5312	11.7486	11.5913	0.00639104	1
30	429	3274	0.290418	0.331881	0.00258791	1
30	430	2838	0.1197	0.142445	0.00234784	1
30	431	30	0.00359913	0.00444633	0.000168913	1
30	432	216	0.00755831	0.00732444	3.59179e-05	1
30	433	38	1.74076	1.79192	0.00138921	1
30	434	856	4.50107	4.46266	0.0042807	1
30	435	441	0.931436	0.800102	0.00861317	1
30	436	24353	9.30469	8.98585	0.00343884	1
30	437	288	2.45019	2.47538	0.00271612	1
30	438	260	1.65829	1.6979	0.0029237	1
30	439	2073	3.54626	3.44885	0.00458184	1
30	440	1232	7.44136	7.39225	0.00515036	1
30	441	216	2.91854	3.32864	0.0419331	1
30	442	36	1.91511	1.92057	0.00245051	1
30	443	35	4.98112	5.03522	0.00187074	1
30	444	5027	5.26726	5.26923	0.00324422	1
30	445	14100	14.3096	14.3809	0.00362907	1
30	446	2371	0.535274	0.502245	0.00176991	1
30	447	327	1.47696	1.46585	0.00101792	1
30	448	260	1.70048	1.83831	0.0100801	1
30	449	986	7.10123	7.25438	0.0109069	0
30	450	3394	4.0441	4.17306	0.00314736	1
30	451	29	0.0114171	0.0106327	8.4578e-05	1
30	452	48	0.00302186	0.00269354	2.98051e-05	1
30	453	1845	4.52017	4.73784	0.00687972	1
30	454	6239	10.4738	10.3855	0.00399688	0
30	455	16890	9.19119	9.40663	0.00311848	1
30	456	411	0.585993	0.628153	0.0020434	1
30	457	260	0.196677	0.170808	0.00246916	1
30	458	339	0.625552	0.575458	0.00554193	1
30	459	58	0.0141421	0.0122012	0.000198749	1
30	460	62	0.0124757	0.0108983	0.000236958	1
30	461	1673	0.292321	0.283039	0.00125014	1
30	462	378	1.55131	1.54755	0.00124629	1
30	463	42303	9.61745	9.60367	0.00529513	1
30	464	15037	3.50828	3.54046	0.00373784	1
30	465	99	5.22991	5.17048	0.00679906	1
30	466	592	9.96661	9.77026	0.00410621	1
30	467	13831	6.23047	6.30147	0.00401815	1
30	468	288	0.267803	0.224283	0.00413303	1
30	469	1066	5.85689	5.91737	0.00450267	1
30	470	2268	9.76534	9.8511	0.00296238	0
30	471	260	0.545696	0.596427	0.00465683	1
30	472	808	4.37851	4.34199	0.00453428	1
30	473	827	3.98971	3.85053	0.00550447	1
30	474	592	2.25696	2.11044	0.00715147	1
30	475	5371	2.05655	2.10538	0.00430489	1
30	476	1673	1.14758	1.19708	0.00400237	1
30	477	3717	0.881594	0.917056	0.00161869	1
30	478	3717	0.161858	0.192595	0.00336557	1
30	479	446	0.323693	0.377896	0.00477226	1
30	480	446	0.0969426	0.126233	0.00474656	1
30	481	446	5.65677	5.52551	0.00341743	1
30	482	11889	7.31405	7.35339	0.00556116	1
30	483	3026	0.944264	1.03861	0.00682617	1
30	484	1971	11.7797	11.9449	0.00138497	1
30	485	446	0.427646	0.445098	0.00339308	1
30	486	446	0.0100388	0.00990321	2.59012e-05	1
30	487	446	4.26872	4.28977	0.000397509	1
30	488	3717	0.108892	0.112586	0.00029419	1
30	489	3717	0.0207697	0.0231128	0.000195289	1
30	490	378	0.771542	0.830088	0.00481883	1
30	491	13401	8.48887	8.40291	0.00336842	1
30	492	6615	2.88457	2.81382	0.00232803	1
30	493	26466	0.00374383	0.00323677	7.00386e-05	1
30	494	3297	5.18806	5.28421	0.00125135	1
30	495	260	4.50393	4.55761	0.0053944	1
30	496	2753	9.45295	9.61253	0.003894	1
30	497	12297	0.976275	1.03504	0.00681912	1
30	498	3986	4.73347	4.30241	0.0570822	0
30	499	284	0.784331	0.683971	0.00745611	1
30	500	480	4.79778	4.85235	0.00199451	1
30	501	5682	3.82367	4.01761	0.00546606	1
30	502	3626	5.60519	5.81262	0.0108702	1
30	503	592	0.549485	0.529484	0.00206469	1
30	504	5178	1.65199	1.53088	0.010289	0
30	505	3616	9.0741	9.18805	0.00324579	1
30	506	281	1.04204	1.02118	0.00241288	1
30	507	1584	3.34381	3.41245	0.00444477	1
30	508	216	0.481644	0.531209	0.002855	1
30	509	33	0.00648508	0.00603548	2.83611e-05	1
30	510	41	0.00289771	0.00295777	1.15038e-05	1
31	256	986	5.10697	5.03993	0.00675974	1
31	257	365	5.14697	5.2644	0.00855454	1
31	258	216	2.57149	2.6118	0.00411724	1
31	259	34	1.85056	1.81584	0.001301	1
31	260	34	2.61886	2.59454	0.00233869	1
31	261	41	4.23831	4.36001	0.00294399	1
31	262	11083	3.44116	3.528	0.00380515	1
31	263	216	1.26738	1.23798	0.00182989	1
31	264	40	2.35849	2.26101	0.00197305	1
31	265	281	0.22502	0.225726	0.000849989	1
31	266	2481	0.164413	0.157931	0.000709808	1
31	267	6688	4.25153	4.49583	0.00584064	1
31	268	16036	0.0326415	0.032012	0.000179472	1
31	269	436	1.82021	1.82368	0.00518676	1
31	270	2837	2.06179	1.94903	0.00502375	1
31	271	2120	5.81933	5.72728	0.00300858	1
31	272	260	0.205165	0.190874	0.00170079	1
31	273	26429	5.96781	6.04315	0.00359234	1
31	274	284	3.33156	3.2877	0.0143927	1
31	275	19198	8.18151	8.25419	0.0233815	1
31	276	3703	3.78681	3.76968	0.00326356	0
31	277	288	1.36067	1.36837	0.00298116	1
31	278	260	0.887552	0.851965	0.0053602	1
31	279	24026	13.0523	13.1051	0.00269209	1
31	280	47122	5.60556	5.51148	0.00459401	1
31	281	2076	3.68418	3.68211	0.00486884	1
31	282	20801	0.0179355	0.0193731	0.00016811	1
31	283	1673	1.91867	1.9725	0.00307845	0
31	284	378	0.98066	0.923824	0.00316135	1
31	285	6688	2.29702	2.29299	0.00355947	1
31	286	16036	0.0223253	0.0204825	0.000195862	1
31	287	436	0.57559	0.574657	0.00150667	1
31	288	216	2.80295	2.89798	0.00265087	0
31	289	34	1.68216	1.6325	0.00128256	1
31	290	41	3.02075	3.01371	0.00249787	0
31	291	13897	4.65443	4.80918	0.00734435	1
31	292	365	0.713667	0.705898	0.00374352	1
31	293	216	2.00924	1.7633	0.00737752	1
31	294	41	0.688588	0.690342	0.000380512	1
31	295	37	1.67469	1.59396	0.00907254	0
31	296	11083	0.224645	0.212124	0.00104901	1
31	297	216	0.808051	0.741767	0.00303907	0
31	298	34	2.83025	2.77584	0.00187056	1
31	299	281	0.368782	0.370865	0.00239367	1
31	300	2481	0.0297466	0.0287431	5.18283e-05	1
31	301	3599	1.8318	1.91375	0.00281298	1
31	302	418	2.72647	2.7309	0.00153866	1
31	303	624	1.20427	1.18179	0.000966464	1
31	304	3703	8.81763	8.9445	0.00107746	1
31	305	1112	1.18013	1.18397	0.00368169	1
31	306	284	0.857137	0.836075	0.00275819	1
31	307	216	0.316941	0.391334	0.00816161	1
31	308	33	1.67921	1.79621	0.00284392	1
31	309	35	2.50551	2.55135	0.000813572	1
31	310	13897	0.343765	0.359564	0.000877335	1
31	311	365	0.0358762	0.0376511	0.000242075	1
31	312	216	0.0397104	0.0477508	0.00104898	1
31	313	36	0.732866	0.646506	0.00766585	1
31	314	34	1.14767	1.189	0.00245326	1
31	315	11083	0.0122924	0.0123773	9.5797e-05	1
31	316	216	0.117825	0.0980058	0.00261579	1
31	317	40	2.2648	2.23967	0.00113963	1
31	318	281	0.0204629	0.0217894	0.000175988	1
31	319	2481	0.0113602	0.0129517	0.000190003	1
31	320	418	2.48845	2.50566	0.00238768	1
31	321	260	1.4983	1.4663	0.000269426	1
31	322	26429	1.97184	1.82714	0.00591999	1
31	323	1673	0.392749	0.37526	0.00163933	1
31	324	657	2.38442	2.46262	0.00193645	1
31	325	48603	9.64087	9.79726	0.00166503	1
31	326	2280	0.142675	0.127175	0.000959504	1
31	327	260	1.34282	1.49889	0.00740747	1
31	328	26429	3.25321	3.3476	0.00340582	1
31	329	284	2.24694	2.30793	0.0114073	1
31	330	2420	7.61914	7.60038	0.0236905	1
31	331	260	0.573698	0.53312	0.00223242	1
31	332	3043	3.66579	3.6591	0.00359422	1
31	333	3519	0.884103	0.944559	0.00373207	1
31	334	282	0.66609	0.654443	0.000976749	1
31	335	260	0.0229541	0.0229833	0.000170828	1
31	336	7761	6.03038	5.85997	0.00438102	1
31	337	288	2.05846	2.20722	0.00764891	0
31	338	216	0.151904	0.157368	0.000908819	1
31	339	34	1.24982	1.20366	0.000584922	1
31	340	33	2.53766	2.59803	0.000671461	1
31	341	41	2.52218	2.65416	0.0135746	1
31	342	3394	11.8656	11.9967	0.00382226	1
31	343	30	2.76318	2.86535	0.000823378	1
31	344	48	0.446975	0.418398	0.00153347	1
31	345	216	4.3574	4.26129	0.0095144	0
31	346	38	2.33487	2.36048	0.00134698	1
31	347	34	4.48691	4.71844	0.017105	1
31	348	13897	3.84899	3.94518	0.00833861	1
31	349	365	0.162465	0.162979	0.000484141	1
31	350	216	0.0412013	0.040634	8.56701e-05	1
31	351	39	2.00312	1.87916	0.0228726	1
31	352	34	0.77982	0.714062	0.00282637	1
31	353	32	3.84872	3.85099	0.000636655	1
31	354	11083	0.0194504	0.0182925	8.96331e-05	1
31	355	216	0.1551	0.117484	0.0065464	1
31	356	38	1.7843	1.75982	0.000860487	1
31	357	281	0.0557019	0.057807	0.000543293	1
31	358	2481	0.057558	0.0560491	0.000367593	1
31	359	1673	0.680966	0.696931	0.00255142	1
31	360	330	2.98852	3.0716	0.00102351	1
31	361	6455	4.87426	4.81758	0.00221024	1
31	362	282	0.0202725	0.0216527	9.06157e-05	1
31	363	18326	7.10133	7.16083	0.00302162	1
31	364	43883	11.4603	11.4535	0.00286205	1
31	365	3394	12.387	12.2334	0.00494374	1
31	366	29	0.338052	0.295908	0.00442271	1
31	367	48	0.0424627	0.0351248	0.000896994	1
31	368	38831	7.0208	7.04166	0.00465004	1
31	369	47019	2.32305	2.40075	0.0035301	1
31	370	8071	0.17443	0.200031	0.0017377	1
31	371	592	0.741457	0.775208	0.00251921	1
31	372	16231	3.40386	3.33694	0.00147548	1
31	373	335	1.9319	1.9582	0.00178992	1
31	374	260	0.597252	0.572244	0.00144926	1
31	375	5882	2.47047	2.42056	0.00314116	1
31	376	282	0.230215	0.250717	0.00155903	1
31	377	260	0.0340676	0.031381	0.000168554	1
31	378	23634	7.06707	7.09614	0.00156425	1
31	379	3297	2.10131	2.11548	0.0017458	1
31	380	3703	6.53024	6.46417	0.00544303	0
31	381	282	0.906838	0.978308	0.00322295	1
31	382	260	0.0708344	0.0695457	0.000565171	1
31	383	47122	4.85551	5.0084	0.00359708	1
31	384	2076	1.24014	1.29919	0.00378091	1
31	385	20801	0.00566056	0.00700463	0.00018161	1
31	386	837	5.77369	5.73658	0.00270647	1
31	387	502	0.748365	0.72782	0.00291138	1
31	388	11729	8.86351	8.83429	0.00720447	1
31	389	10915	8.38328	8.26389	0.00448216	1
31	390	260	0.259487	0.24956	0.00142831	1
31	391	13210	8.29004	8.30897	0.00378573	1
31	392	282	0.191138	0.182929	0.00133111	1
31	393	2892	1.68428	1.71215	0.00225564	1
31	394	282	2.92471	2.78667	0.00634111	1
31	395	260	0.154685	0.167539	0.00135151	1
31	396	827	4.57075	4.55158	0.00696603	0
31	397	744	8.29188	8.32508	0.00874686	1
31	398	1319	2.51617	2.60954	0.00744122	1
31	399	4452	0.031075	0.0273487	0.000423707	1
31	400	6615	4.58862	4.66869	0.00343333	1
31	401	26466	0.0455165	0.0538363	0.00141647	1
31	402	1673	0.51308	0.498055	0.00265559	1
31	403	1069	3.06103	3.06438	0.00158988	1
31	404	856	3.38508	3.34037	0.00114282	1
31	405	7198	4.48557	4.62729	0.00579389	1
31	406	6995	8.14135	8.10924	0.00260159	1
31	407	614	3.22034	3.17919	0.0035867	1
31	408	288	0.0245835	0.0219172	0.000253318	1
31	409	216	0.322443	0.284801	0.00248017	1
31	410	36	2.51715	2.48529	0.000590541	1
31	411	3394	11.1208	10.8548	0.00140387	1
31	412	28	6.74721	6.85831	0.000984589	1
31	413	48	9.5467	8.94879	0.00396344	1
31	414	216	0.660812	0.662765	0.00414072	1
31	415	38	1.45139	1.42864	0.00078196	1
31	416	32	1.8238	1.87623	0.00637748	1
31	417	32	1.36489	1.42414	0.00338838	1
31	418	27336	6.57264	6.41271	0.00276336	1
31	419	365	0.601205	0.605641	0.00209092	1
31	420	216	0.142964	0.141074	0.000546563	1
31	421	33	0.842697	0.854441	0.00112511	1
31	422	32	0.365923	0.391706	0.00276246	1
31	423	3394	7.55849	7.48424	0.0118874	1
31	424	28	1.8116	1.69541	0.00714878	1
31	425	48	1.86234	2.19587	0.0161419	1
31	426	216	0.0827351	0.0698081	0.00157928	1
31	427	33	0.386136	0.408531	0.000684061	1
31	428	32	2.57724	2.69754	0.0054273	1
31	429	32	0.67878	0.732491	0.00187391	1
31	430	22185	1.14852	1.16595	0.0011307	1
31	431	2481	0.894905	0.989307	0.00481138	0
31	432	281	2.85496	2.83845	0.00618913	1
31	433	2613	0.811865	0.746684	0.00659296	1
31	434	284	1.5049	1.47965	0.000958223	1
31	435	2309	8.21453	8.09102	0.00605525	1
31	436	216	1.82086	1.87102	0.00414458	1
31	437	35	2.07178	2.06068	0.000249664	1
31	438	32	0.992945	0.973186	0.00187706	1
31	439	7345	2.39471	2.39766	0.00434205	1
31	440	288	0.996459	0.956376	0.00299966	0
31	441	7198	1.60603	1.56461	0.00454926	1
31	442	971	3.7136	3.76439	0.00245115	1
31	443	6995	1.93974	1.8468	0.00520557	1
31	444	1673	0.306452	0.304151	0.000771486	1
31	445	378	1.25791	1.22289	0.00614637	1
31	446	6688	2.46974	2.44899	0.00298289	1
31	447	16036	0.0367313	0.0352132	8.4092e-05	1
31	448	761	2.88042	2.85605	0.00285901	1
31	449	4475	5.09511	5.11543	0.0034372	1
31	450	7193	8.8619	8.82929	0.00372345	1
31	451	4759	5.49356	5.44667	0.00498582	1
31	452	6115	4.89982	4.81337	0.00648592	1
31	453	4395	8.88958	8.7933	0.000927251	1
31	454	411	1.1084	1.19701	0.00209777	1
31	455	31408	5.37275	5.22747	0.00414629	1
31	456	288	2.66219	2.61839	0.00207087	1
31	457	260	0.66818	0.69046	0.00316256	1
31	458	47019	3.89096	3.95683	0.00417712	1
31	459	8071	0.22061	0.247916	0.00186723	1
31	460	284	1.80681	1.75357	0.00160398	1
31	461	260	1.94325	1.85357	0.00570405	1
31	462	3244	11.0135	10.818	0.00836247	1
31	463	15132	0.399883	0.421851	0.000713244	1
31	464	947	0.729991	0.601577	0.0102882	1
31	465	11548	0.534814	0.589833	0.00510451	1
31	466	6995	7.57923	7.42805	0.0130783	1
31	467	11732	5.52276	5.53193	0.00746689	1
31	468	338	6.2411	6.38222	0.016112	1
31	469	3621	4.8246	4.82591	0.00684363	1
31	470	260	0.652658	0.646739	0.00257287	1
31	471	6995	2.02663	2.07955	0.00578224	1
31	472	614	1.44052	1.49064	0.0031724	0
31	473	429	3.6717	3.82419	0.00835443	1
31	474	260	0.248248	0.238821	0.00184973	1
31	475	12193	5.40946	5.16988	0.00443266	1
31	476	280	0.12884	0.131771	0.000169785	1
31	477	2441	4.79477	4.74075	0.00575518	1
31	478	335	5.76552	5.53539	0.00579245	1
31	479	260	0.827281	0.845561	0.00243714	1
31	480	48074	8.34662	8.26411	0.0045839	1
31	481	15950	1.80026	2.00469	0.0038088	1
31	482	804	8.51338	8.46615	0.0026122	1
31	483	288	1.12663	1.02867	0.00352554	0
31	484	1485	2.46252	2.51654	0.00308066	1
31	485	260	0.575444	0.574203	0.00121601	1
31	486	6458	7.33563	7.39658	0.00619082	1
31	487	18496	0.709831	0.708533	0.00248739	1
31	488	563	6.51005	6.45187	0.00269757	1
31	489	1673	0.90759	0.819902	0.00444951	1
31	490	5713	4.54614	4.66798	0.00177747	1
31	491	6995	4.99709	4.99282	0.00837088	1
31	492	592	1.15573	1.03728	0.00837942	1
31	493	5492	6.39204	6.29649	0.00322442	1
31	494	288	0.904771	0.833089	0.00217049	1
31	495	325	0.671172	0.728164	0.00306493	1
31	496	328	7.46561	7.46039	0.00685925	0
31	497	11817	0.00303571	0.00375746	8.34969e-05	1
31	498	335	1.70847	1.72771	0.0037837	1
31	499	260	0.419944	0.413541	0.00212618	1
31	500	47019	3.68916	3.76178	0.00723717	1
31	501	8071	0.358641	0.391374	0.00170593	1
31	502	284	1.88882	1.79832	0.00460406	0
31	503	1296	5.35628	5.41772	0.00256474	1
31	504	540	4.15077	4.24803	0.00398619	1
31	505	281	3.31598	3.3991	0.00242056	1
31	506	8849	6.21441	6.18266	0.00361976	1
31	507	6115	2.63669	2.76698	0.00457575	1
31	508	335	1.72345	1.75293	0.00243756	0
31	509	260	0.269251	0.236823	0.00353146	1
31	510	6688	2.3448	2.32414	0.00654611	1
32	256	260	0.413205	0.368994	0.00357985	1
32	257	2399	6.84416	6.93468	0.00566676	1
32	258	2103	1.62219	1.54445	0.00565306	1
32	259	282	1.29738	1.44706	0.00569615	0
32	260	260	0.0332783	0.0302723	0.000374706	1
32	261	6688	5.3335	5.29636	0.00795959	1
32	262	16036	0.328252	0.315421	0.00192802	1
32	263	1673	1.26936	1.4515	0.00724802	0
32	264	5839	5.85542	5.94605	0.00282444	1
32	265	35735	1.73191	1.64706	0.00645024	1
32	266	436	0.912299	0.917098	0.0017311	1
32	267	5492	8.73173	8.76856	0.00354545	1
32	268	335	6.08054	6.1057	0.00276693	1
32	269	260	0.154745	0.159394	0.000668257	1
32	270	4870	2.84588	2.81163	0.0026557	1
32	271	4265	0.00343095	0.00371532	2.54823e-05	1
32	272	2103	0.0807996	0.087488	0.000707291	1
32	273	3297	4.27506	4.5025	0.00742647	1
32	274	564	0.790441	0.933791	0.010308	1
32	275	357	1.6443	1.73583	0.00277607	0
32	276	436	0.495401	0.464752	0.00208513	1
32	277	2093	1.21449	1.24128	0.00266108	1
32	278	16231	3.27049	3.27553	0.00301229	0
32	279	1673	0.59403	0.592094	0.00181683	1
32	280	3717	4.01925	4.2976	0.00273702	1
32	281	378	0.921498	0.920004	0.00181215	1
32	282	7761	9.2323	9.11178	0.00681973	1
32	283	761	3.60189	3.68363	0.00367771	1
32	284	354	3.28469	3.36463	0.00171405	0
32	285	1512	3.77472	3.64554	0.00303877	1
32	286	1528	3.87673	3.92981	0.00534872	1
32	287	282	0.304876	0.317918	0.00117492	1
32	288	216	0.759462	0.729995	0.00141298	1
32	289	33	1.19075	1.24099	0.00153356	1
32	290	33	2.43832	2.52054	0.000918006	1
32	291	971	6.02177	6.01525	0.00335637	1
32	292	282	2.34624	2.44061	0.00572901	1
32	293	718	5.96003	5.95449	0.00424876	1
32	294	2231	5.10251	4.79201	0.0105961	1
32	295	395	0.94528	1.25802	0.035835	0
32	296	29043	0.0761879	0.0855905	0.00386079	1
32	297	422	5.88316	5.85855	0.00426837	1
32	298	36	4.49853	4.65172	0.0160991	1
32	299	73	1.14744	0.891022	0.0300166	1
32	300	4696	6.91689	6.97079	0.0147826	0
32	301	32587	1.49699	1.55603	0.00797319	1
32	302	365	3.30957	3.40428	0.00294591	1
32	303	17204	9.26968	9.07476	0.00643801	1
32	304	8518	11.0081	11.1761	0.00445936	1
32	305	1462	4.69031	4.65057	0.0029386	1
32	306	476	3.44012	3.51603	0.00732766	0
32	307	45789	10.9809	10.9276	0.00816809	1
32	308	476	1.83787	2.06959	0.0158588	1
32	309	2481	0.323016	0.317377	0.000495434	1
32	310	284	0.634683	0.634623	0.00103427	1
32	311	330	5.16077	5.16716	0.00350689	1
32	312	24597	2.05389	2.04282	0.00739544	1
32	313	414	3.01732	3.36256	0.0212089	1
32	314	33	2.26325	2.41332	0.00772346	1
32	315	38	3.86807	3.86773	0.00871106	1
32	316	49	2.63322	2.73915	0.00996266	1
32	317	31685	7.30524	7.21152	0.0160972	1
32	318	6995	1.90106	1.93227	0.0105064	1
32	319	365	1.36885	1.39546	0.00118589	1
32	320	17204	0.271573	0.262451	0.000861176	1
32	321	8518	0.0661588	0.0627901	0.000328442	1
32	322	1462	0.0698088	0.07178	0.000287193	1
32	323	476	0.0308252	0.0280148	0.000253234	1
32	324	5455	8.09345	8.11008	0.00315549	1
32	325	476	0.642316	0.751675	0.010471	1
32	326	2481	0.139762	0.149302	0.00153421	1
32	327	5148	8.03538	7.88144	0.00693753	1
32	328	6995	2.60353	2.7313	0.00351175	1
32	329	761	2.13082	2.19527	0.00136364	1
32	330	1421	10.1717	10.1267	0.00308097	1
32	331	1828	3.54498	3.51285	0.00676058	0
32	332	284	1.41137	1.38302	0.00777372	1
32	333	7795	5.50895	5.49059	0.0026512	1
32	334	1512	5.89817	5.82354	0.00585375	1
32	335	1528	0.18832	0.167864	0.00260039	1
32	336	2042	4.20764	4.11545	0.00164194	1
32	337	761	3.31026	3.28099	0.0064401	0
32	338	511	7.40014	7.3014	0.00236125	1
32	339	282	2.27342	2.35441	0.0031808	1
32	340	624	2.65381	2.50157	0.00526077	1
32	341	5492	4.5119	4.53132	0.00539624	1
32	342	6995	4.15946	4.16515	0.00871415	1
32	343	1673	0.725635	0.772963	0.00430227	1
32	344	21363	10.6097	10.5652	0.00386281	1
32	345	10429	1.10617	1.21742	0.00775496	1
32	346	351	0.473807	0.421482	0.00405714	1
32	347	253	2.61734	2.65929	0.0044814	1
32	348	17281	5.83393	5.84659	0.00354474	1
32	349	282	0.0469577	0.0508252	0.000304821	1
32	350	7018	6.05067	6.06302	0.00377782	1
32	351	18611	1.11465	1.04929	0.0036119	1
32	352	3297	2.80587	3.14953	0.0102742	1
32	353	7795	6.3129	6.22715	0.00247067	1
32	354	5575	4.09825	4.0291	0.0110751	1
32	355	2042	3.91902	4.04224	0.00254416	1
32	356	804	6.4925	6.47167	0.00250676	1
32	357	624	3.51019	3.53931	0.00378599	1
32	358	6995	3.13137	3.30561	0.00561203	1
32	359	981	3.8216	3.90319	0.00288358	1
32	360	7604	4.54814	4.39554	0.00373247	1
32	361	1673	0.349465	0.357389	0.00140043	1
32	362	3717	1.20828	1.44515	0.0122423	1
32	363	3717	4.42063	4.53866	0.00179641	1
32	364	446	9.21627	9.26672	0.00314481	1
32	365	446	3.51579	3.59708	0.00730538	1
32	366	446	0.934576	0.995906	0.00519721	1
32	367	3550	9.81014	9.51411	0.00502973	1
32	368	1971	8.47574	8.46114	0.00365226	1
32	369	446	7.51634	7.49347	0.00312525	0
32	370	446	0.53961	0.613797	0.00537044	1
32	371	446	0.175779	0.208387	0.00297925	1
32	372	3717	2.35771	2.60114	0.00670619	1
32	373	3717	1.80516	1.80724	0.00304815	1
32	374	2550	4.43225	4.40317	0.00386321	1
32	375	260	0.745898	0.773548	0.00269805	1
32	376	2184	3.8639	3.89616	0.00280612	1
32	377	282	0.0356203	0.0363164	0.000150213	1
32	378	260	0.781915	0.700624	0.00540596	1
32	379	3538	8.57903	8.60243	0.00312329	1
32	380	11763	4.73961	4.85217	0.00841683	1
32	381	974	0.20558	0.18238	0.00129769	1
32	382	407	4.75489	4.81489	0.00671575	1
32	383	519	1.13511	1.10917	0.0108893	1
32	384	89	0.221896	0.257173	0.00682946	1
32	385	418	3.34863	3.34156	0.00221753	1
32	386	260	0.899323	0.91974	0.00190411	1
32	387	19393	8.09005	8.09947	0.00230543	1
32	388	9420	2.40992	2.54977	0.00848787	1
32	389	282	0.0613181	0.0499462	0.00154363	1
32	390	2693	5.63787	5.5891	0.00480798	1
32	391	32244	0.0554954	0.0630664	0.00301754	1
32	392	4055	0.235956	0.217791	0.00720049	1
32	393	272	0.00804111	0.00928255	0.00030327	1
32	394	281	1.09641	0.987259	0.00618352	0
32	395	3008	4.34003	4.30413	0.00150442	1
32	396	216	0.811388	0.746912	0.00353387	1
32	397	33	0.00449901	0.00381814	0.000105456	1
32	398	41	0.00100978	0.000833089	2.40956e-05	1
32	399	36	0.00849928	0.00876844	3.80323e-05	1
32	400	34	0.880432	0.888021	0.000324355	1
32	401	288	8.31448	8.11982	0.00453186	1
32	402	22518	12.3003	12.6498	0.0046449	1
32	403	1223	0.0672261	0.0538639	0.00322476	1
32	404	3055	1.50826	1.73545	0.0121688	1
32	405	3297	0.92257	1.04737	0.00776067	1
32	406	260	0.78578	0.831115	0.00292324	1
32	407	339	5.78796	5.93087	0.0040121	1
32	408	58	0.501917	0.540731	0.00226263	1
32	409	62	0.408507	0.464773	0.00793115	1
32	410	4041	2.18839	2.20006	0.00364261	1
32	411	288	0.27761	0.269166	0.000689813	1
32	412	12756	5.94046	5.98896	0.00449953	0
32	413	260	0.565692	0.614954	0.00292121	1
32	414	3542	8.75981	8.69066	0.00619746	1
32	415	282	0.294775	0.32826	0.00386638	1
32	416	260	0.637686	0.613984	0.00723306	1
32	417	23185	9.86966	9.82405	0.00787294	0
32	418	25901	5.72802	5.81753	0.0111665	1
32	419	284	2.34291	2.32192	0.00200659	1
32	420	288	3.12131	3.10788	0.00371132	1
32	421	1464	5.33335	5.2779	0.00276317	1
32	422	354	2.41366	2.38336	0.00120013	1
32	423	28443	3.72147	3.74203	0.00530895	1
32	424	23185	3.1381	2.99548	0.00518038	1
32	425	25901	0.549374	0.465426	0.00732263	1
32	426	1673	2.29899	2.39714	0.0049522	0
32	427	378	1.0823	1.10206	0.0032063	1
32	428	3542	8.15269	8.0962	0.0032288	1
32	429	282	1.11954	0.982896	0.00892814	1
32	430	260	0.161765	0.158074	0.000309818	1
32	431	4302	7.73813	7.80353	0.00354614	1
32	432	436	5.25581	4.98425	0.0054409	1
32	433	19824	4.82312	5.00109	0.010539	1
32	434	411	1.02647	1.01768	0.00300441	1
32	435	260	1.11677	1.14626	0.00307024	1
32	436	1706	1.17823	1.20431	0.0016897	1
32	437	282	0.0261602	0.0303693	0.00033614	1
32	438	253	0.861482	0.877088	0.0021214	1
32	439	7257	6.28995	6.45107	0.00435138	0
32	440	4923	3.68705	3.79212	0.00359927	1
32	441	418	3.05453	3.0428	0.0037319	1
32	442	2124	6.64201	6.5268	0.000353402	1
32	443	216	0.611846	0.592897	0.000704436	1
32	444	33	1.21698	1.23574	0.0008262	1
32	445	31275	2.97185	2.76873	0.00255329	1
32	446	365	0.205997	0.219629	0.000794786	1
32	447	216	0.0865486	0.0748822	0.00100073	1
32	448	35	0.120503	0.121153	0.000588158	1
32	449	11083	1.17291	1.21979	0.00327116	1
32	450	216	0.796325	0.749564	0.00108163	0
32	451	35	0.279552	0.312068	0.00199686	1
32	452	281	0.198183	0.19266	0.00348545	1
32	453	2481	0.0206263	0.0268836	0.00106026	1
32	454	281	5.19604	5.21947	0.00333102	1
32	455	11669	0.237939	0.25403	0.00085418	1
32	456	284	1.39817	1.40129	0.00262009	1
32	457	634	6.46486	6.40903	0.00394454	1
32	458	282	4.26318	4.30686	0.00372252	1
32	459	260	0.104419	0.113223	0.000783441	1
32	460	38883	5.19248	4.97849	0.00501624	1
32	461	5178	9.72502	9.6327	0.00584492	1
32	462	429	0.991127	0.928361	0.0062129	1
32	463	260	0.108221	0.110083	0.000954347	1
32	464	6615	6.24638	6.29697	0.00504211	0
32	465	26466	0.0205525	0.0298468	0.0018957	1
32	466	436	2.82013	2.92757	0.00852066	0
32	467	804	3.35618	3.48739	0.00516044	1
32	468	288	0.836702	0.750192	0.0050159	1
32	469	2037	2.97263	2.81637	0.00668865	1
32	470	260	0.10944	0.0967916	0.00143186	1
32	471	6791	6.03279	5.92885	0.00448884	1
32	472	1673	0.432074	0.43626	0.00121724	1
32	473	378	0.90773	0.904555	0.00234446	1
32	474	5561	8.44692	8.36108	0.0040306	1
32	475	4869	3.76101	3.69363	0.00675339	1
32	476	2441	8.99654	9.10895	0.00399832	1
32	477	260	0.338823	0.335931	0.00122178	1
32	478	4302	5.83342	5.64367	0.00477613	1
32	479	6115	11.8865	12.0168	0.00921217	1
32	480	282	3.71434	3.72756	0.00487234	1
32	481	47122	8.40316	8.24389	0.0011542	1
32	482	6615	3.25017	3.16227	0.00303916	1
32	483	26466	0.00804508	0.00933343	0.000118339	1
32	484	436	0.840857	0.878233	0.00238853	1
32	485	9648	5.08355	5.18041	0.00353947	1
32	486	288	1.15537	1.09691	0.00106046	1
32	487	2205	4.55368	4.48771	0.0264897	1
32	488	3977	5.88549	5.63319	0.00616994	1
32	489	2664	4.321	4.34377	0.00526474	1
32	490	8544	6.0951	6.12711	0.00160927	1
32	491	451	3.13037	3.13306	0.00358422	1
32	492	2420	5.47924	5.48479	0.00191524	1
32	493	260	0.242764	0.254821	0.000960303	1
32	494	7761	8.31782	8.35851	0.00443402	1
32	495	637	4.62544	4.53765	0.00316962	1
32	496	17914	6.02205	5.92691	0.00594541	1
32	497	288	1.30395	1.26074	0.00336878	1
32	498	216	0.577014	0.626752	0.00390675	1
32	499	41	3.11293	3.08525	0.000202583	1
32	500	3394	10.9068	11.0617	0.00294695	1
32	501	28	6.93842	6.90695	0.000338145	1
32	502	48	8.71214	8.48879	0.0028782	1
32	503	216	0.509194	0.559487	0.00486134	1
32	504	37	2.83397	2.90419	0.00128	1
32	505	32	1.52119	1.48768	0.0064263	1
32	506	32	1.18205	1.16184	0.00658528	1
32	507	36681	3.95082	3.98495	0.00607261	1
32	508	4158	0.141519	0.131406	0.00269923	1
32	509	365	0.915327	0.964345	0.00405008	1
32	510	216	0.0368983	0.0381203	0.000215489	1
33	256	11225	3.20439	3.2203	0.00572521	1
33	257	436	4.70286	4.83587	0.00150389	1
33	258	5359	5.91038	5.97381	0.0052233	1
33	259	3954	0.824875	0.829056	0.0018185	1
33	260	288	0.779101	0.772143	0.000926284	1
33	261	216	0.0322625	0.0282955	0.000419642	1
33	262	35	2.5897	2.58653	0.000273119	1
33	263	33	2.69598	2.71366	0.00107003	1
33	264	3394	1.07826	1.02014	0.00423853	1
33	265	30	0.0336411	0.0313825	0.000146576	1
33	266	48	0.000880853	0.000966416	6.02386e-06	1
33	267	216	0.00807507	0.00736796	5.25804e-05	1
33	268	39	2.48974	2.50631	0.000375305	1
33	269	33	2.59941	2.64304	0.00161817	1
33	270	13897	0.23636	0.245512	0.00145246	1
33	271	365	0.00918496	0.0102318	7.30808e-05	1
33	272	216	0.00909952	0.0109487	0.000214166	1
33	273	33	0.599912	0.629659	0.00140346	1
33	274	32	0.0495365	0.055052	0.000489606	1
33	275	36	2.57953	2.56824	0.00387812	0
33	276	11083	0.103791	0.117375	0.00116198	1
33	277	216	0.0459236	0.0465317	0.000246014	1
33	278	32	2.74284	2.70631	0.00144617	1
33	279	281	0.142146	0.183801	0.00554827	1
33	280	2481	0.0978065	0.094274	0.000397871	1
33	281	1673	0.606355	0.601694	0.00159823	1
33	282	3717	2.09237	2.1121	0.00193725	1
33	283	3717	5.42291	5.53869	0.00223727	1
33	284	446	8.72525	8.87938	0.00391903	1
33	285	446	3.47716	3.4926	0.00328303	1
33	286	44866	12.8433	12.9856	0.0043689	1
33	287	446	6.75389	6.81908	0.0050658	1
33	288	446	2.30687	2.45605	0.0254165	1
33	289	3717	1.66914	1.63349	0.0147426	1
33	290	3717	1.34321	1.34331	0.00336035	1
33	291	3717	4.6552	4.50055	0.00400148	1
33	292	446	3.98056	4.08467	0.00342096	1
33	293	446	0.671013	0.84578	0.0171229	1
33	294	5538	7.11735	7.16548	0.00576107	1
33	295	446	3.76441	3.8551	0.00712311	1
33	296	446	0.121202	0.112214	0.000927109	1
33	297	3717	0.236879	0.225462	0.00910895	1
33	298	3717	0.25233	0.247811	0.000273583	1
33	299	15054	8.92809	9.10513	0.0012848	1
33	300	46527	5.23825	5.34061	0.00477937	1
33	301	3297	1.90733	1.92582	0.00214796	1
33	302	260	0.433079	0.447788	0.00149514	1
33	303	10243	8.94947	8.84846	0.00518142	1
33	304	7761	1.76449	1.71848	0.00119624	1
33	305	592	1.53211	1.61643	0.00374741	1
33	306	8002	4.26746	4.21506	0.00263822	1
33	307	288	1.09671	1.05875	0.00323017	1
33	308	260	1.04315	1.11589	0.0051533	1
33	309	216	2.73935	2.51881	0.00543222	1
33	310	33	1.47216	1.44557	0.001197	1
33	311	302	1.67324	1.81399	0.00313072	1
33	312	44375	6.40385	6.36043	0.00448583	1
33	313	974	0.0268584	0.0276002	8.47458e-05	1
33	314	9760	2.46608	2.48474	0.00462918	1
33	315	282	2.28503	2.40859	0.00286164	1
33	316	260	0.170757	0.139485	0.00421643	1
33	317	216	2.00564	1.89182	0.004934	1
33	318	33	0.915838	0.907709	0.000299848	1
33	319	302	0.344304	0.360092	0.000536734	1
33	320	28552	0.874351	0.838884	0.00371853	1
33	321	1673	2.2138	2.1891	0.00446592	1
33	322	7925	13.4368	13.4585	0.00219675	1
33	323	18278	11.4019	11.7082	0.00923408	1
33	324	8662	0.0518299	0.0646131	0.00400447	1
33	325	761	3.75414	3.75165	0.00677869	1
33	326	354	3.5534	3.59836	0.00214882	1
33	327	14380	9.71058	9.58428	0.00497841	1
33	328	281	2.83746	3.01956	0.0142148	1
33	329	582	3.92476	3.87191	0.00355245	1
33	330	282	0.291777	0.22882	0.0107537	1
33	331	874	0.528494	0.502346	0.000751059	1
33	332	1085	3.60897	3.48532	0.00510978	1
33	333	6341	2.59885	2.68228	0.00592678	1
33	334	6615	0.609332	0.577617	0.00487665	1
33	335	26466	0.00628746	0.00692448	5.75541e-05	1
33	336	338	4.84233	4.94718	0.0039845	1
33	337	5375	3.80636	3.67881	0.0030504	0
33	338	216	1.53861	1.38248	0.00795871	0
33	339	33	1.28502	1.29149	0.000585549	1
33	340	33	2.81714	2.84592	0.00157996	1
33	341	1800	4.43143	4.34877	0.00768574	1
33	342	284	1.21474	1.12437	0.00488912	1
33	343	11442	1.61979	1.53447	0.00714897	1
33	344	216	0.33428	0.303302	0.00236408	1
33	345	34	1.74236	1.7251	0.000685263	1
33	346	37	2.483	2.48699	0.00164195	1
33	347	281	3.87372	3.88485	0.00156083	1
33	348	216	2.32196	2.32202	0.00345395	1
33	349	33	0.693329	0.704482	0.000442497	1
33	350	41	1.0942	1.01221	0.00426243	1
33	351	33	1.53226	1.61837	0.00356496	1
33	352	41	3.43263	3.44576	0.00136358	0
33	353	8544	3.54189	3.50215	0.00262357	1
33	354	260	1.59659	1.57585	0.00294461	1
33	355	1695	5.35927	5.39559	0.00453947	0
33	356	713	0.876451	0.849234	0.00346915	1
33	357	1041	2.07451	2.08794	0.00215106	1
33	358	16735	8.09442	8.03004	0.0020096	1
33	359	4064	3.23824	3.29926	0.00413587	1
33	360	2735	0.00111839	0.00114006	2.35051e-05	1
33	361	351	0.0686897	0.064294	0.000481852	1
33	362	284	4.17203	4.01142	0.00169845	1
33	363	29409	2.42294	2.33491	0.00223639	1
33	364	253	4.78316	4.62907	0.00375615	1
33	365	11659	8.50454	8.32941	0.00488995	1
33	366	2509	0.00603164	0.00493076	0.000197565	1
33	367	259	0.000663637	0.000653697	7.03557e-06	1
33	368	3297	1.55394	1.56024	0.00148756	1
33	369	8878	7.54155	7.70463	0.00303545	1
33	370	827	3.60496	3.55374	0.00308725	1
33	371	8612	2.45565	2.50172	0.00748177	1
33	372	4065	2.32889	2.40811	0.00389926	1
33	373	1673	1.89274	1.85174	0.00108383	1
33	374	6993	5.76949	5.7654	0.00553962	1
33	375	260	1.21015	1.24343	0.00211286	1
33	376	1120	7.20068	7.30711	0.00375012	1
33	377	282	0.0622036	0.0554045	0.000824056	1
33	378	260	0.655369	0.664278	0.00208983	1
33	379	6125	6.05429	6.05669	0.00311846	1
33	380	2287	0.330888	0.32619	0.00175505	1
33	381	3297	0.35152	0.399154	0.00309301	1
33	382	1062	5.94029	5.85849	0.0043301	1
33	383	7761	1.0554	0.962097	0.0048289	1
33	384	4540	10.7887	10.9485	0.00155399	1
33	385	23567	8.63317	8.57768	0.00577642	1
33	386	767	6.84483	6.72924	0.00355955	1
33	387	260	0.513335	0.551855	0.0026975	1
33	388	28374	2.99475	3.06481	0.00431032	1
33	389	282	0.0282897	0.031134	0.000224948	1
33	390	260	2.07838	2.14183	0.00339738	1
33	391	6731	5.10187	5.22042	0.00309379	1
33	392	4353	0.115664	0.113143	0.000506857	1
33	393	3297	0.823577	0.844611	0.00169684	1
33	394	9096	6.81372	6.59959	0.00952978	1
33	395	284	0.692049	0.545643	0.012819	1
33	396	3275	1.11544	1.11816	0.00208573	1
33	397	281	3.45245	3.36923	0.00364603	1
33	398	1706	4.85015	4.6365	0.00311124	1
33	399	288	0.0191997	0.0201611	8.56082e-05	1
33	400	2534	6.26905	6.02646	0.00618176	1
33	401	281	1.48786	1.45043	0.00718261	1
33	402	4931	4.37621	4.49162	0.00482462	1
33	403	5656	1.77247	1.75164	0.00733809	1
33	404	1673	0.586799	0.544994	0.00291495	1
33	405	339	8.96355	9.24084	0.0025603	1
33	406	313	5.42536	5.37667	0.0107213	1
33	407	17475	9.21417	9.67399	0.0151195	0
33	408	9446	13.618	13.5908	0.00214877	1
33	409	3297	3.46282	3.42803	0.00875849	1
33	410	12356	2.77244	2.97367	0.00506618	1
33	411	282	0.169093	0.16836	0.00218451	1
33	412	11097	0.441291	0.525884	0.00879165	1
33	413	3297	0.646378	0.708063	0.00326117	1
33	414	284	2.31116	2.2061	0.00548283	1
33	415	650	2.28326	2.23093	0.00340101	1
33	416	47695	8.76235	8.74292	0.00482286	1
33	417	3394	11.3435	11.4467	0.0029502	1
33	418	29	5.24477	5.2784	0.0105914	1
33	419	48	0.245183	0.210032	0.00388428	1
33	420	367	8.75409	8.78969	0.00395817	1
33	421	3394	9.778	9.86523	0.00616556	1
33	422	29	1.62364	1.68348	0.00336182	1
33	423	48	0.083975	0.0760013	0.00112433	1
33	424	3058	10.5076	10.4013	0.00678833	1
33	425	24232	8.16512	8.24539	0.00460121	1
33	426	6912	7.33433	7.43781	0.00469939	1
33	427	5509	7.03483	6.87549	0.00469631	0
33	428	11325	3.56075	3.14201	0.0119272	1
33	429	813	0.0137881	0.014146	0.000512732	1
33	430	281	3.26647	3.26074	0.00168872	1
33	431	216	0.669955	0.723853	0.0043757	1
33	432	33	0.0120411	0.01203	6.84511e-05	1
33	433	41	0.0161106	0.0149417	0.000101181	1
33	434	34	1.14636	1.14148	0.000722035	1
33	435	34	1.97393	1.9605	0.000857299	1
33	436	981	4.25274	4.34656	0.00238272	1
33	437	260	0.731595	0.761678	0.00419786	1
33	438	21353	11.5691	11.7419	0.00448493	1
33	439	637	3.05617	2.92296	0.0082257	1
33	440	99	0.042873	0.0454251	0.000302029	1
33	441	3048	2.28843	2.30659	0.00395255	1
33	442	288	0.228282	0.229131	0.00100009	1
33	443	3085	1.63889	1.72044	0.00548059	1
33	444	1673	0.57824	0.535642	0.00226511	1
33	445	533	3.31907	3.25243	0.00339096	1
33	446	9096	8.18154	7.91188	0.00166284	1
33	447	5943	10.6876	10.815	0.00428951	1
33	448	645	6.71368	6.47497	0.0527745	1
33	449	260	1.12681	1.07357	0.00325089	1
33	450	216	2.61167	2.60157	0.00444897	1
33	451	33	0.432901	0.432865	0.000476492	1
33	452	41	1.95158	2.05222	0.00178737	1
33	453	34	0.307832	0.292098	0.00157302	1
33	454	35	2.08016	2.09008	0.00181103	1
33	455	3756	6.74393	6.63944	0.00376001	1
33	456	22060	3.7153	3.6236	0.00452332	1
33	457	15037	3.56164	3.56712	0.0122984	1
33	458	11564	0.589586	0.461705	0.0162051	1
33	459	10856	2.69797	2.60073	0.00278612	1
33	460	3297	0.782617	0.836431	0.00319329	1
33	461	502	5.20716	5.37367	0.00383462	1
33	462	23217	4.20836	4.23119	0.00505271	1
33	463	288	1.06682	1.10407	0.0030727	1
33	464	17365	3.49919	3.41637	0.00293665	1
33	465	1999	0.49998	0.533422	0.0169085	1
33	466	101	0.00796807	0.00838603	5.73156e-05	1
33	467	837	4.20783	4.20697	0.0026166	1
33	468	502	0.45444	0.461643	0.00191273	1
33	469	13049	9.70148	9.65095	0.00406068	1
33	470	6864	4.70157	4.75902	0.00539705	1
33	471	429	4.06724	3.99307	0.00339107	1
33	472	327	9.02426	8.90989	0.00579617	1
33	473	260	0.720794	0.695875	0.00392628	1
33	474	7800	9.98192	10.0283	0.00336812	1
33	475	335	3.96687	3.96917	0.00176682	1
33	476	216	4.0896	4.23564	0.0030906	1
33	477	36	2.57933	2.58684	0.00115632	1
33	478	4448	5.77638	5.93457	0.00308783	1
33	479	1673	1.88986	1.75855	0.00252719	1
33	480	8219	7.57379	7.56959	0.00292745	1
33	481	351	0.60393	0.540228	0.00386628	1
33	482	827	4.46252	4.50846	0.00184322	1
33	483	550	0.653482	0.674698	0.00178031	1
33	484	11763	4.91739	4.92795	0.00421875	1
33	485	4452	0.143538	0.1466	3.63158e-05	1
33	486	284	3.25497	3.07337	0.00278812	1
33	487	253	1.32882	1.39937	0.001887	1
33	488	6455	4.89554	4.9375	0.00315057	1
33	489	282	0.00960939	0.0092606	6.11678e-05	1
33	490	1420	3.28265	3.28664	0.00381953	1
33	491	2653	0.122327	0.124122	0.000259891	1
33	492	18359	0.0177312	0.0188194	4.35066e-05	1
33	493	3297	0.207326	0.227454	0.00172202	1
33	494	339	3.40742	3.52759	0.00213815	1
33	495	313	0.0259295	0.0312995	0.00076325	1
33	496	29409	3.90125	3.88071	0.00717674	1
33	497	260	1.55062	1.50171	0.00297547	1
33	498	45681	3.975	3.96656	0.00530527	1
33	499	718	3.16319	3.19136	0.00407146	0
33	500	341	6.70112	6.72411	0.00809861	1
33	501	17780	0.266483	0.276248	0.00290946	1
33	502	281	3.08539	3.35353	0.00831659	1
33	503	216	0.994235	1.07061	0.00546894	1
33	504	33	0.0384659	0.0459049	0.000651997	1
33	505	41	0.00825125	0.00905037	6.12819e-05	1
33	506	34	0.111938	0.11478	0.000179113	1
33	507	38	1.9578	2.05966	0.00288196	1
33	508	981	3.71155	3.75277	0.0025477	1
33	509	6341	10.0588	9.95059	0.00189019	1
33	510	37918	0.315459	0.313467	0.000868921	1
34	256	407	3.65946	3.64802	0.0169021	1
34	257	15037	1.22437	1.22829	0.00373656	1
34	258	1595	3.0836	3.09706	0.0276193	0
34	259	15037	0.196977	0.203618	0.00650276	1
34	260	347	5.89709	5.99809	0.00442406	1
34	261	9931	12.5089	12.4604	0.00307808	1
34	262	3114	9.50161	9.67274	0.00961604	1
34	263	327	1.70069	1.86059	0.00590041	1
34	264	260	0.835089	0.817119	0.00253075	1
34	265	14954	2.43863	2.35199	0.00393764	1
34	266	19095	8.42568	8.5872	0.00205562	1
34	267	21782	3.45733	3.44328	0.00492868	1
34	268	18568	0.0602256	0.0578927	0.000527239	1
34	269	3297	2.84133	2.88945	0.000643205	1
34	270	284	2.13795	2.02567	0.00422421	1
34	271	5598	5.65484	5.76109	0.00325216	1
34	272	2976	7.94185	7.84206	0.00292846	1
34	273	2009	0.230588	0.270215	0.00325353	1
34	274	1916	0.0253399	0.0241062	0.000129393	1
34	275	1673	1.90518	1.89779	0.00119965	1
34	276	1985	3.19493	3.31442	0.00223116	1
34	277	216	0.299734	0.271858	0.00174357	1
34	278	33	0.906029	0.948528	0.00204187	1
34	279	33	1.99206	2.01526	0.000682724	1
34	280	3903	3.58402	3.69461	0.00548316	1
34	281	216	0.837093	0.727162	0.00567068	0
34	282	33	0.0141744	0.0142572	9.66839e-05	1
34	283	41	0.00081119	0.000957135	1.64519e-05	1
34	284	36	0.000998382	0.000980873	9.5543e-06	1
34	285	34	3.70817	3.89505	0.000946042	1
34	286	339	9.69451	9.80984	0.0012506	1
34	287	313	0.0606806	0.0644474	0.000805069	1
34	288	284	2.13039	2.12955	0.00507752	1
34	289	7925	0.924088	0.90206	0.00321785	1
34	290	18278	0.102896	0.0948587	0.0010514	1
34	291	8662	4.68731e-05	5.20243e-05	5.18585e-07	1
34	292	4440	8.94476	9.16148	0.00361645	1
34	293	885	0.0200303	0.0243006	0.000398108	1
34	294	429	2.61027	2.62187	0.00385714	1
34	295	480	1.86069	1.85059	0.00350551	1
34	296	11297	6.42573	6.52752	0.00450776	1
34	297	3958	0.00857635	0.00971149	0.000109722	1
34	298	418	1.08608	0.986162	0.00494133	1
34	299	26458	9.31841	9.21407	0.00826609	1
34	300	3792	4.24856	4.49138	0.00341667	1
34	301	90	8.9994	8.99563	0.00746637	1
34	302	9508	0.122741	0.107464	0.00137958	1
34	303	288	2.72303	2.81061	0.00746373	1
34	304	5757	2.74614	2.70603	0.00295013	1
34	305	260	0.442738	0.442669	0.00139377	1
34	306	23775	10.0477	10.0889	0.0049777	1
34	307	3179	7.98968	7.72781	0.00295428	1
34	308	327	0.686489	0.729497	0.00545373	1
34	309	260	0.584803	0.628758	0.00401046	1
34	310	1547	4.09931	4.05733	0.00653728	1
34	311	14830	2.23784	2.2108	0.00365249	1
34	312	3075	5.83613	5.74949	0.00265483	1
34	313	338	2.10617	2.10243	0.00227029	1
34	314	761	0.717947	0.660188	0.00464192	1
34	315	12353	2.3622	2.40794	0.00350509	1
34	316	30685	15.6072	15.6257	0.00146722	1
34	317	5378	2.89312	2.95268	0.0104833	1
34	318	253	5.21212	5.22655	0.00366976	1
34	319	2605	1.97571	1.96898	0.000233905	1
34	320	3685	0.607969	0.57766	0.00236748	1
34	321	1673	0.573798	0.674297	0.00712125	1
34	322	6181	9.43968	9.45054	0.00165163	1
34	323	502	5.79328	5.92209	0.0032846	1
34	324	18705	6.17216	6.26079	0.00414504	1
34	325	564	7.20232	7.14048	0.00261937	1
34	326	1250	1.9567	1.87616	0.00349372	1
34	327	441	0.0277005	0.0295001	0.000145119	1
34	328	6063	4.54438	4.59932	0.00541632	1
34	329	260	0.72646	0.690849	0.00296583	1
34	330	1547	1.83838	1.78064	0.00559644	1
34	331	17614	1.70855	1.71503	0.0035123	1
34	332	338	2.58834	2.54895	0.00232452	1
34	333	761	0.659325	0.584921	0.00953635	1
34	334	7876	3.35967	3.41617	0.00346423	1
34	335	260	0.438944	0.463421	0.00171092	1
34	336	422	5.60594	5.83773	0.00381733	1
34	337	751	0.260302	0.222629	0.00420946	1
34	338	6965	0.050094	0.0554348	0.0015811	1
34	339	428	0.177104	0.212201	0.00396261	1
34	340	3755	0.0639112	0.0515302	0.00225345	1
34	341	335	1.44633	1.68505	0.0265515	0
34	342	216	2.02038	2.11065	0.0113922	1
34	343	33	0.896941	0.854427	0.00567316	1
34	344	40	3.87719	3.79996	0.00690276	1
34	345	4124	2.40354	2.38584	0.00549669	1
34	346	1673	1.17744	1.2589	0.00324102	0
34	347	3717	1.71099	1.70788	0.00228823	1
34	348	3897	7.58788	7.40311	0.00739749	1
34	349	6341	11.4731	11.4884	0.00165042	1
34	350	37918	0.185717	0.154742	0.00310534	1
34	351	2534	5.79555	5.60484	0.00487752	1
34	352	335	2.9102	2.91671	0.00390583	1
34	353	216	0.549448	0.544944	0.00152077	1
34	354	37	3.30711	3.30994	0.000376005	1
34	355	2405	1.54241	1.55605	0.00150495	1
34	356	3297	0.818819	0.931985	0.00935879	0
34	357	665	5.61316	5.67017	0.00238196	1
34	358	436	0.563899	0.547014	0.000888134	1
34	359	253	0.622108	0.636446	0.000993724	1
34	360	13924	7.57398	7.62025	0.00462668	0
34	361	964	6.34072	6.37346	0.00552201	1
34	362	30034	0.270312	0.326626	0.00549227	1
34	363	281	3.7065	3.71267	0.000185237	1
34	364	260	0.535427	0.488515	0.00387333	1
34	365	2049	10.5595	10.7219	0.00496132	1
34	366	6341	5.08578	5.25307	0.00985842	1
34	367	282	1.86243	1.98909	0.00634276	1
34	368	7925	5.02218	5.27552	0.00964327	1
34	369	18278	0.076935	0.0888243	0.00155643	1
34	370	8662	0.000321158	0.000302573	3.09321e-06	1
34	371	637	2.55649	2.60762	0.0038622	1
34	372	99	0.00491334	0.00480796	2.95232e-05	1
34	373	5312	10.2162	10.1974	0.00568348	1
34	374	3274	3.51922	3.5275	0.0166285	1
34	375	2838	5.89952	6.00105	0.00722815	1
34	376	30	0.174906	0.225294	0.00610796	1
34	377	216	0.111032	0.100329	0.000812022	1
34	378	37	2.60197	2.61259	0.00114164	1
34	379	338	3.76099	3.83577	0.00714143	1
34	380	12954	4.04976	4.19901	0.00735378	1
34	381	1062	4.48539	4.46036	0.00103038	1
34	382	12466	4.41016	4.32153	0.00445854	1
34	383	284	1.18246	0.969948	0.0178653	1
34	384	5375	2.46726	2.58822	0.00502946	0
34	385	216	2.12306	1.94073	0.00619099	0
34	386	37	2.77912	2.80248	0.000300069	1
34	387	33	3.15045	3.13322	0.00278664	1
34	388	8612	3.53631	3.70399	0.00580891	1
34	389	4065	1.36222	1.38162	0.00137476	1
34	390	1673	0.697709	0.687891	0.00102404	1
34	391	5148	5.09154	4.98979	0.00280547	1
34	392	47122	10.9697	10.9205	0.00593536	1
34	393	17703	5.13167	5.04303	0.0127266	1
34	394	592	0.598189	0.605188	0.00402211	1
34	395	23642	7.44634	7.64128	0.00598845	1
34	396	288	4.14732	4.11854	0.00305789	1
34	397	287	9.5683	9.56968	0.00246709	1
34	398	1368	1.3177	1.23844	0.00847447	1
34	399	260	0.171966	0.175641	0.0012238	1
34	400	4422	6.04653	5.99829	0.00202104	1
34	401	2892	0.998957	0.966034	0.00197159	1
34	402	284	1.34839	1.26104	0.00455759	1
34	403	3898	6.32822	6.12455	0.00337495	1
34	404	260	0.753882	0.80545	0.006392	1
34	405	5575	2.59006	2.75756	0.00722853	0
34	406	1673	1.35694	1.37162	0.00910741	1
34	407	2306	5.37283	5.42522	0.00221136	1
34	408	3656	6.08106	6.18644	0.0016267	1
34	409	8849	7.37202	7.40883	0.00421232	1
34	410	18924	1.87259	2.01381	0.00557912	1
34	411	981	3.85719	3.92837	0.0012484	1
34	412	527	4.11017	4.23215	0.00476691	1
34	413	260	2.19313	2.27481	0.00740212	1
34	414	48379	4.50051	4.35299	0.00739554	1
34	415	436	1.26962	1.35794	0.00514212	1
34	416	5178	4.2343	4.18044	0.0050641	1
34	417	284	0.761535	0.690788	0.00535803	1
34	418	7233	1.57021	1.44501	0.0116042	1
34	419	411	2.02374	1.99726	0.0016791	1
34	420	253	0.663183	0.667986	0.00327372	1
34	421	11324	8.62945	8.57335	0.00827396	1
34	422	38883	7.02811	6.96359	0.00408364	1
34	423	6496	1.89346	1.8997	0.00584419	1
34	424	335	4.17032	4.13318	0.0036677	1
34	425	527	4.33202	4.35139	0.00457963	1
34	426	1296	4.6106	4.73564	0.00205993	1
34	427	20930	7.10224	6.99365	0.00283469	1
34	428	216	1.71406	1.95843	0.0122897	1
34	429	34	2.00903	2.03225	0.000489658	1
34	430	37	2.43948	2.42659	0.00182204	1
34	431	7610	1.95885	1.94882	0.00234983	1
34	432	6341	2.41036	2.45535	0.00272396	1
34	433	41696	3.94144	3.95144	0.00986439	1
34	434	592	0.310846	0.314111	0.00210389	1
34	435	17982	5.07719	5.10997	0.00320182	1
34	436	1673	0.403736	0.383953	0.00162438	1
34	437	1985	2.62218	2.64296	0.00212892	1
34	438	216	0.127493	0.127062	0.000526232	1
34	439	33	0.923167	0.918485	0.00036341	1
34	440	33	2.3875	2.3657	0.00113064	0
34	441	2405	1.24068	1.23527	0.00141487	1
34	442	253	4.61386	4.72713	0.00114379	1
34	443	12477	11.0937	11.1268	0.00432053	1
34	444	281	2.01395	1.91994	0.00829203	1
34	445	339	7.45747	7.68805	0.000825545	1
34	446	313	0.00635011	0.00670505	4.57427e-05	1
34	447	637	2.53666	2.56297	0.00135816	1
34	448	99	0.000752038	0.000847936	9.45057e-06	1
34	449	2838	7.37911	7.49083	0.00345243	1
34	450	30	0.0329406	0.0382881	0.000566824	1
34	451	216	0.011605	0.0105015	0.000100431	1
34	452	34	1.82009	1.89162	0.0016119	1
34	453	2327	3.64024	3.59825	0.00667372	1
34	454	3589	1.45261	1.5038	0.0026389	1
34	455	12210	7.30428	7.15906	0.00382044	1
34	456	281	4.03939	3.95082	0.00368261	1
34	457	260	0.779266	0.703582	0.00755948	1
34	458	1440	4.16357	4.0609	0.00805479	1
34	459	2548	1.9863	2.05833	0.0120688	1
34	460	284	0.948274	0.899008	0.00182844	1
34	461	23642	7.66932	7.77146	0.00417765	1
34	462	260	0.783669	0.88294	0.00915215	1
34	463	2327	1.71891	1.72732	0.00288619	1
34	464	3589	0.912522	0.916414	0.00305539	1
34	465	1673	1.40066	1.56637	0.00863725	1
34	466	2445	5.75713	5.75532	0.00763458	1
34	467	656	6.92225	6.89763	0.00302065	1
34	468	7698	1.33276	1.40985	0.00439739	1
34	469	418	3.29645	3.18179	0.00214577	1
34	470	659	2.93939	3.09413	0.0153863	1
34	471	424	1.00391	1.14792	0.0181306	1
34	472	3297	1.60854	1.64749	0.0013949	1
34	473	1062	5.08346	4.98589	0.00289845	1
34	474	7761	2.46334	2.32027	0.00595419	1
34	475	3656	4.44243	4.67137	0.00238534	1
34	476	15575	12.1319	12.103	0.00483359	1
34	477	7090	4.59552	4.61324	0.00535206	1
34	478	216	0.422155	0.360169	0.00589557	1
34	479	34	1.75308	1.67898	0.00450618	1
34	480	33	3.3182	3.30249	0.00450953	1
34	481	1961	7.51405	7.50861	0.00487382	1
34	482	954	1.02892	1.11047	0.0101435	1
34	483	1673	2.46889	2.48128	0.00239851	1
34	484	12861	9.44348	9.39948	0.00200622	1
34	485	277	2.85559	2.76454	0.00286024	1
34	486	411	0.179573	0.172837	0.0024151	1
34	487	20605	2.16088	2.05885	0.0032445	1
34	488	3394	16.4549	16.3688	0.00207856	1
34	489	29	0.00931943	0.00769331	0.000226099	1
34	490	48	0.00314641	0.00293696	1.89932e-05	1
34	491	23303	0.30763	0.274004	0.00352299	1
34	492	35916	8.57277	8.58266	0.00469686	1
34	493	15037	1.02537	1.01719	0.0076648	1
34	494	26763	2.53429	2.42853	0.00736623	0
34	495	45763	5.00475	5.07367	0.0137269	1
34	496	3297	0.29271	0.305	0.00264756	1
34	497	260	0.814163	0.79545	0.00257077	1
34	498	216	3.3013	3.36082	0.014653	1
34	499	34	0.875523	0.853267	0.000508325	1
34	500	268	0.254814	0.254598	0.000474743	1
34	501	44375	0.198208	0.211341	0.00134668	1
34	502	974	0.0417368	0.0421789	1.48998e-05	1
34	503	9760	0.0468276	0.0544507	0.00108825	1
34	504	932	5.51892	5.32215	0.00503272	1
34	505	11930	3.5767	3.58201	0.00285813	1
34	506	351	3.81932	3.84546	0.00275767	1
34	507	260	1.10917	1.09107	0.00214066	1
34	508	18764	12.9019	12.7151	0.00562047	1
34	509	316	0.1524	0.102311	0.0121407	1
34	510	697	0.204892	0.214074	0.00383438	1
35	256	1194	1.32179	1.38827	0.00140775	1
35	257	284	1.40877	1.35126	0.00739975	0
35	258	4858	6.40481	6.28568	0.00443012	1
35	259	624	2.54918	2.53038	0.003171	1
35	260	808	0.566767	0.552566	0.00241614	1
35	261	47019	11.355	11.5277	0.00539985	1
35	262	481	0.0324927	0.018802	0.00418486	1
35	263	29941	5.16719	5.32066	0.00640128	1
35	264	281	1.81729	1.82618	0.00149628	1
35	265	3008	3.9893	3.98413	0.00285824	1
35	266	4019	2.6351	2.58014	0.00163817	1
35	267	1673	0.777946	0.786129	0.00319133	1
35	268	3717	1.2045	1.21918	0.00288963	1
35	269	3717	4.14808	4.17454	0.00264465	1
35	270	446	9.05469	9.0723	0.00355029	1
35	271	446	3.83384	3.7529	0.0113511	1
35	272	446	1.02486	1.07708	0.0113602	1
35	273	446	0.47338	0.495826	0.00224779	1
35	274	9420	10.8567	10.7016	0.002796	1
35	275	282	0.222824	0.207619	0.00223071	1
35	276	12646	6.26004	5.95359	0.00310016	1
35	277	1471	6.308	6.30139	0.0112101	1
35	278	81	3.73939	3.36545	0.025747	1
35	279	22068	2.91736	4.57183	0.15845	1
35	280	446	2.47033	2.43871	0.00658923	1
35	281	446	0.546962	0.554739	0.00261901	1
35	282	446	0.19797	0.190402	0.00377899	1
35	283	446	0.564781	0.485618	0.00739761	1
35	284	3717	1.44731	1.44887	0.0024157	1
35	285	3717	1.7515	1.95798	0.0069986	1
35	286	11751	10.3054	10.3073	0.00530797	1
35	287	969	7.3217	7.28934	0.00474949	1
35	288	282	0.444511	0.447788	0.00134581	1
35	289	6995	3.04385	3.21642	0.00605228	1
35	290	284	1.16597	1.2042	0.0076523	1
35	291	2754	8.47293	8.37388	0.00334933	1
35	292	1307	3.29487	3.09775	0.0102857	1
35	293	1828	6.4546	6.49647	0.00387752	1
35	294	6899	7.11217	7.08489	0.00294665	1
35	295	829	10.9713	10.9228	0.00494772	1
35	296	11969	0.00504838	0.00449268	0.000110583	1
35	297	10657	9.89848	10.0247	0.00102972	1
35	298	2534	0.188287	0.213317	0.0021507	1
35	299	284	1.53052	1.47537	0.00238344	1
35	300	260	2.21008	2.25279	0.00349055	1
35	301	7761	5.10768	5.04682	0.00439661	1
35	302	805	6.97906	6.78316	0.00520108	1
35	303	761	2.3477	2.28651	0.00643175	1
35	304	253	2.02914	2.02654	0.00245376	1
35	305	2719	3.08959	3.08106	0.00433319	1
35	306	282	0.0784821	0.0741055	0.000591243	1
35	307	216	0.264671	0.290572	0.00162419	1
35	308	33	1.2439	1.25935	0.000176492	1
35	309	39	2.71575	2.73783	0.00116749	1
35	310	422	7.16788	7.18805	0.0031405	1
35	311	36	6.41412	6.56221	0.00869303	1
35	312	73	2.18961	1.96288	0.047193	1
35	313	99	3.20232	3.52696	0.0318918	1
35	314	284	2.57532	2.52549	0.00281118	1
35	315	216	0.281123	0.235346	0.00464093	1
35	316	33	1.3089	1.35726	0.000970344	1
35	317	40	2.85014	2.78896	0.00149761	1
35	318	414	4.55555	4.54149	0.00367051	1
35	319	33	2.35274	2.3955	0.00257903	1
35	320	38	5.06084	5.07146	0.00607777	1
35	321	1653	6.86867	6.83255	0.00367438	1
35	322	335	3.29759	3.26846	0.00258454	1
35	323	1369	4.21705	4.21703	0.00268057	1
35	324	335	3.53256	3.61678	0.00209956	1
35	325	216	0.321971	0.306358	0.000892055	1
35	326	33	1.10576	1.11001	0.000328884	1
35	327	4451	4.7009	4.65305	0.00131769	1
35	328	8544	5.71832	5.7731	0.00522836	1
35	329	282	4.86376	4.89045	0.00421679	0
35	330	623	1.47004	1.47162	0.00322586	1
35	331	3297	2.86883	2.84682	0.00134617	1
35	332	805	1.51955	1.44172	0.00166206	1
35	333	216	0.478466	0.45623	0.0026482	1
35	334	38	2.36676	2.402	0.000126961	1
35	335	284	5.85771	5.89141	0.00607832	1
35	336	216	0.194086	0.202171	0.0011389	1
35	337	33	1.38661	1.40552	0.000485039	1
35	338	38	3.13801	3.14329	0.000934673	1
35	339	592	0.610102	0.547344	0.00426337	1
35	340	10811	3.6379	3.61842	0.00696534	0
35	341	3297	2.51253	2.73148	0.00649408	1
35	342	7827	3.12494	3.10959	0.00218195	1
35	343	1673	0.787701	0.764782	0.00145084	1
35	344	378	1.60113	1.58433	0.0022111	1
35	345	4931	4.10543	4.12673	0.00459569	1
35	346	1252	7.46171	7.57691	0.00298599	1
35	347	327	2.01094	2.03611	0.00170152	1
35	348	260	1.07461	1.07437	0.00293381	1
35	349	17745	7.62627	7.60837	0.00280464	1
35	350	282	0.0566037	0.051319	0.000774801	1
35	351	260	0.867534	0.820909	0.0026282	1
35	352	13933	2.6161	2.66811	0.00443776	1
35	353	30118	7.1775	7.06059	0.004928	1
35	354	338	3.11495	3.0662	0.0037364	1
35	355	260	0.902961	0.91214	0.00182392	1
35	356	14203	9.28703	9.25255	0.00421363	1
35	357	17614	3.0163	3.03118	0.00335582	1
35	358	736	0.579246	0.552596	0.00205429	1
35	359	325	0.530613	0.557295	0.00202488	1
35	360	804	1.53469	1.55629	0.00469331	1
35	361	288	1.20983	1.12893	0.00380062	1
35	362	35945	7.72161	7.65146	0.00362051	1
35	363	260	0.822213	0.788359	0.00413472	1
35	364	1547	2.86174	2.86727	0.00566427	1
35	365	14830	3.32456	3.40209	0.00398685	1
35	366	3654	1.26698	1.27108	0.00389171	1
35	367	2025	2.70149	2.48918	0.00704141	1
35	368	429	0.033069	0.0351819	0.000296968	1
35	369	260	0.863315	0.846689	0.00253476	1
35	370	11145	6.66372	6.51033	0.00360982	1
35	371	1557	3.51587	3.69064	0.0113694	1
35	372	288	3.70672	3.61603	0.00644107	1
35	373	253	3.71736	3.78905	0.0047593	0
35	374	2548	2.62156	2.75521	0.00708286	1
35	375	837	2.54704	2.66871	0.00290895	1
35	376	260	1.51547	1.44864	0.00220267	1
35	377	17614	4.71934	4.61598	0.00286599	1
35	378	856	0.28027	0.296046	0.000937445	1
35	379	325	1.45859	1.4543	0.00275941	1
35	380	12353	1.70404	1.65773	0.00319595	1
35	381	411	1.27876	1.28104	0.000936041	1
35	382	1666	5.26735	5.37442	0.00411301	1
35	383	3394	13.1925	13.1428	0.00479085	1
35	384	29	7.82311	7.67267	0.00993748	1
35	385	48	14.1413	14.0692	0.00711608	1
35	386	1552	7.77585	7.58567	0.0101546	1
35	387	6995	1.2286	1.19621	0.00270175	1
35	388	284	3.00837	2.8578	0.00330592	1
35	389	260	3.2608	3.30083	0.00394122	1
35	390	35183	8.09453	8.24602	0.00318172	1
35	391	411	5.8716	5.76591	0.00247208	1
35	392	260	4.27727	4.23582	0.00200695	1
35	393	1532	8.33724	8.48014	0.00284907	1
35	394	282	0.16378	0.143863	0.00327122	1
35	395	260	0.0528955	0.0516129	0.000164229	1
35	396	339	7.29901	7.42464	0.000902408	1
35	397	58	0.00988111	0.0104623	6.84476e-05	1
35	398	62	0.0560133	0.0521414	0.000468758	1
35	399	1673	1.52913	1.60516	0.00494799	1
35	400	378	1.89211	1.92831	0.00150333	1
35	401	550	5.88974	5.96891	0.00302914	1
35	402	14830	3.88457	3.90481	0.0013345	1
35	403	1512	4.10017	4.19317	0.00359196	0
35	404	2119	1.1158	1.20069	0.00399911	1
35	405	592	1.16364	1.20024	0.00149814	1
35	406	441	3.11059	3.08706	0.0034585	1
35	407	281	3.49298	3.60752	0.00527729	1
35	408	1083	8.48607	8.49356	0.00523669	1
35	409	1365	3.22212	3.4261	0.0051462	0
35	410	3040	0.200699	0.196067	0.000595077	1
35	411	284	1.6725	1.64044	0.00526254	1
35	412	260	2.05011	2.2609	0.00526932	1
35	413	4931	2.69988	2.63357	0.0041273	0
35	414	4041	4.03979	4.00178	0.00821953	1
35	415	288	0.410802	0.426271	0.000702265	1
35	416	10756	6.30309	6.39096	0.00363792	1
35	417	260	0.76448	0.802122	0.00175073	1
35	418	6995	3.85261	3.76075	0.00306735	1
35	419	32900	11.1131	11.284	0.00296279	1
35	420	327	2.59116	2.71988	0.0033093	1
35	421	722	3.89071	3.72626	0.00391904	1
35	422	1523	1.54031	1.42209	0.00595225	1
35	423	260	0.692308	0.789474	0.0074141	1
35	424	1547	1.99268	2.06577	0.00449569	0
35	425	17614	1.27603	1.28793	0.00195092	1
35	426	1673	1.30983	1.26509	0.0024111	1
35	427	378	2.14359	2.16101	0.00132594	1
35	428	20220	10.2142	10.2681	0.00459213	1
35	429	44237	0.640304	0.754444	0.00735367	1
35	430	9760	0.501098	0.555469	0.0045013	1
35	431	436	1.37432	1.38592	0.00220466	1
35	432	8002	3.55213	3.6014	0.00442255	0
35	433	288	0.685883	0.697033	0.00249454	1
35	434	260	1.14771	1.19184	0.00314894	1
35	435	7453	6.62255	6.65952	0.00705026	1
35	436	9618	3.86728	3.81262	0.0077388	0
35	437	656	3.60359	3.5144	0.00395579	1
35	438	260	0.874099	0.922939	0.00375533	1
35	439	3588	0.850869	0.770178	0.00638346	1
35	440	282	0.00662261	0.00809237	0.000169157	1
35	441	20605	2.06924	2.09141	0.00414971	1
35	442	23303	0.1457	0.126227	0.00168382	1
35	443	530	4.44839	4.41677	0.00356915	0
35	444	271	2.51984	2.59556	0.0046125	1
35	445	369	0.204579	0.202857	0.00270779	1
35	446	315	4.1481	4.47959	0.00331772	1
35	447	15037	0.0852692	0.0744879	0.00375744	1
35	448	28508	1.01631	0.908495	0.0271533	1
35	449	10734	0.121173	0.105469	0.00211023	1
35	450	284	2.72319	2.72107	0.000707156	1
35	451	260	1.67847	1.86065	0.00593934	1
35	452	17758	9.60555	9.65417	0.0072174	1
35	453	23217	6.83556	7.02402	0.00241615	1
35	454	429	1.58295	1.57699	0.00127585	1
35	455	718	2.6419	2.74591	0.00858746	1
35	456	1317	7.13064	7.20803	0.00230977	1
35	457	9508	0.120034	0.140919	0.00265071	1
35	458	335	2.21654	2.47239	0.029576	1
35	459	216	0.0771899	0.0715583	0.000434345	1
35	460	34	1.24105	1.25185	0.000406887	1
35	461	32	1.90127	1.89045	0.00306077	1
35	462	4451	1.22274	1.1564	0.00427748	1
35	463	1673	1.28126	1.27493	0.0024544	1
35	464	1985	2.83078	2.80839	0.00606275	1
35	465	260	3.31311	3.52415	0.00186196	1
35	466	5738	2.8956	3.06911	0.0048004	1
35	467	282	0.0435235	0.0521304	0.00103612	1
35	468	216	0.0759087	0.0838205	0.000526088	1
35	469	34	0.280328	0.253614	0.00125185	1
35	470	36	3.90849	4.04055	0.00179211	1
35	471	4451	0.101255	0.104526	0.00029397	1
35	472	3297	0.297625	0.360342	0.0058066	1
35	473	260	0.733677	0.758	0.00222978	1
35	474	12785	10.0118	10.1093	0.00454824	1
35	475	282	0.027873	0.0314063	0.00036033	1
35	476	260	0.0974547	0.0991714	0.00165846	1
35	477	1443	10.0398	10.0828	0.00385638	1
35	478	6995	3.67447	3.6891	0.00345322	1
35	479	16717	3.95081	4.13056	0.00802377	1
35	480	592	1.89747	1.83982	0.00503	1
35	481	7876	5.72538	5.67383	0.00632135	1
35	482	288	3.16826	3.16498	0.00335351	1
35	483	3414	1.56391	1.39634	0.00887813	1
35	484	260	0.590147	0.588072	0.00182266	1
35	485	1547	1.91679	2.00007	0.00444514	1
35	486	17614	0.374326	0.340926	0.00242926	1
35	487	347	4.64876	4.70489	0.00396964	1
35	488	253	3.61199	3.6408	0.00290885	1
35	489	27366	5.9296	5.83497	0.00523538	1
35	490	1673	1.80276	2.00526	0.00954916	1
35	491	1069	3.78128	3.78929	0.0023046	1
35	492	28106	7.94402	8.07025	0.00732162	1
35	493	787	4.85938	5.00779	0.00296103	1
35	494	3055	1.13208	1.1487	0.00147698	1
35	495	284	1.85039	1.83777	0.000713977	1
35	496	2952	6.2871	6.25585	0.00289201	1
35	497	260	3.08647	3.06339	0.00375788	1
35	498	3913	3.20258	3.29307	0.0040199	1
35	499	288	0.817131	0.800255	0.00182533	1
35	500	3179	8.07265	8.04881	0.00418658	1
35	501	281	4.50005	4.37086	0.00334643	1
35	502	260	4.76457	4.94194	0.000636595	1
35	503	4376	4.20035	4.12168	0.00583483	1
35	504	429	4.31174	4.32299	0.000317485	1
35	505	527	0.130282	0.124359	0.000750826	1
35	506	502	0.457497	0.502141	0.00190958	1
35	507	761	1.10499	0.995962	0.00761145	1
35	508	12353	3.33157	3.35686	0.00337834	1
35	509	1673	1.02786	0.973245	0.00236232	1
35	510	378	1.44864	1.51407	0.00919579	1
36	256	411	1.70763	1.81089	0.00372728	1
36	257	2141	10.3621	10.429	0.00108851	1
36	258	39640	1.14108	1.27592	0.0101905	1
36	259	338	4.38897	4.47089	0.00821888	1
36	260	27657	16.8113	16.9312	0.00298032	1
36	261	634	5.01243	5.00315	0.00292565	1
36	262	23634	4.98074	4.93784	0.00207906	1
36	263	40435	3.34354	3.36366	0.00921403	1
36	264	281	2.95933	3.00522	0.00153714	1
36	265	874	2.89356	2.97058	0.00455509	1
36	266	42159	14.4382	14.5612	0.00460975	1
36	267	284	2.27804	2.2183	0.00164327	1
36	268	13874	11.8572	11.7013	0.00508982	1
36	269	874	1.00993	1.1929	0.0174655	1
36	270	2076	5.04893	5.12784	0.0046807	1
36	271	20801	0.0434685	0.0455867	0.000190184	1
36	272	351	0.916435	0.825353	0.00452763	0
36	273	9452	5.8467	5.81701	0.00543073	1
36	274	27681	0.12477	0.147977	0.00383084	1
36	275	1673	0.334158	0.356643	0.0016866	1
36	276	2306	5.46296	5.41567	0.00366586	1
36	277	2637	5.52345	5.60218	0.00273035	1
36	278	335	2.61906	2.69264	0.00271405	1
36	279	253	2.16546	2.10961	0.00381595	1
36	280	216	3.90182	3.87752	0.00788894	1
36	281	37	2.21806	2.19069	0.00150082	1
36	282	3394	13.0801	13.1804	0.00249043	1
36	283	29	6.3164	6.24185	0.00394939	1
36	284	48	12.8713	12.9752	0.0109931	1
36	285	3815	7.39212	7.31227	0.00455234	0
36	286	1398	11.3336	11.4417	0.0100709	1
36	287	338	3.59998	3.85667	0.0194023	1
36	288	436	1.91521	1.90796	0.00460281	1
36	289	3112	5.1904	5.28085	0.00694652	0
36	290	19611	5.43927	5.77558	0.0140789	0
36	291	1092	4.11387	4.03697	0.00373041	1
36	292	1041	1.00624	0.877791	0.0113529	1
36	293	436	1.15789	1.20208	0.00393536	1
36	294	8885	4.48471	4.41787	0.00713623	1
36	295	288	0.517066	0.490793	0.00256312	1
36	296	8658	5.48385	5.6202	0.00407274	1
36	297	260	2.41992	2.42162	0.00312802	1
36	298	29240	5.42259	5.28989	0.00572169	1
36	299	1007	0.0184356	0.0103513	0.00273443	1
36	300	14830	1.23964	1.19782	0.0063482	1
36	301	678	9.37403	9.41855	0.00261077	1
36	302	12771	3.9173	4.06259	0.00895966	1
36	303	18219	0.255618	0.255488	0.0045983	1
36	304	288	1.04225	1.0099	0.00249451	1
36	305	2950	5.4547	5.27356	0.00229943	1
36	306	1673	0.384318	0.386727	0.00097256	1
36	307	3488	5.2728	5.25314	0.00923622	1
36	308	3110	7.63575	7.82911	0.00309583	1
36	309	436	3.79869	3.72585	0.00032626	1
36	310	23775	2.49745	2.61452	0.00373545	1
36	311	284	1.65062	1.62607	0.0020355	1
36	312	678	6.15457	6.21833	0.00298233	1
36	313	12771	0.00830878	0.00778083	0.000112566	1
36	314	18219	0.00416557	0.00465206	3.37448e-05	1
36	315	761	4.55559	4.54056	0.00188808	1
36	316	288	0.19652	0.199659	0.00059809	1
36	317	325	0.388894	0.382464	0.000979807	1
36	318	11268	3.20625	3.18118	0.00278867	1
36	319	288	3.64974	3.54185	0.00302039	1
36	320	874	3.89136	3.79746	0.00417028	1
36	321	11424	2.41868	2.37906	0.00682563	1
36	322	1673	0.453209	0.454792	0.00102111	1
36	323	3717	0.847675	0.887287	0.00331581	1
36	324	339	2.93251	2.89401	0.00350977	1
36	325	313	0.187987	0.166361	0.00311186	1
36	326	436	1.91133	1.87838	0.00814689	1
36	327	12353	3.56796	3.3986	0.00686229	0
36	328	411	0.770249	0.78394	0.00178701	1
36	329	216	2.43021	2.56048	0.00337366	1
36	330	40	2.82082	2.79699	0.000822377	1
36	331	32	1.63423	1.63382	0.00415806	1
36	332	3394	5.44288	5.30617	0.00738351	1
36	333	29	0.0615767	0.052171	0.00107938	1
36	334	48	0.0571497	0.0491236	0.000842045	1
36	335	12365	8.15359	8.16422	0.00641141	1
36	336	6995	3.18154	3.08478	0.00590195	1
36	337	429	1.96551	1.9049	0.00235617	1
36	338	260	0.602418	0.577409	0.00200033	1
36	339	8629	4.34237	4.2609	0.00535789	1
36	340	6053	0.169135	0.177436	0.000942068	1
36	341	3297	2.25522	2.33788	0.00209651	1
36	342	564	2.97337	2.96944	0.00199226	1
36	343	502	3.27773	3.35441	0.00356976	1
36	344	6344	4.92192	4.95226	0.00165745	1
36	345	288	0.0314159	0.027587	0.000389938	1
36	346	39954	5.57318	5.71207	0.00345754	1
36	347	750	0.892157	0.98111	0.00358521	1
36	348	3199	2.96126	2.90205	0.000831354	1
36	349	3055	0.0409249	0.0420754	0.000209876	1
36	350	1673	1.22392	1.26272	0.00154304	1
36	351	2306	3.87829	3.91094	0.00785782	1
36	352	45528	9.26242	9.29957	0.00220413	1
36	353	2984	0.00357025	0.00447335	0.000133538	1
36	354	216	4.33991	4.34804	0.0037951	1
36	355	33	1.30831	1.27286	0.000362823	1
36	356	33	2.95979	2.88759	0.00129108	1
36	357	30596	5.17533	5.09809	0.00899333	1
36	358	2586	0.106626	0.135723	0.0053175	1
36	359	284	1.36328	1.3543	0.0022079	1
36	360	436	1.82459	1.94024	0.00698266	0
36	361	805	4.92183	4.94046	0.00468472	1
36	362	5380	1.67608	1.66529	0.00132102	1
36	363	411	0.285801	0.250667	0.00292779	1
36	364	253	1.16236	1.24074	0.00189722	1
36	365	8958	5.56771	5.58368	0.00415759	1
36	366	2268	7.75097	7.75907	0.0033994	1
36	367	3297	2.69064	2.78057	0.00159417	1
36	368	335	3.36963	3.23292	0.00469602	1
36	369	260	0.89885	0.832556	0.00645473	1
36	370	42159	10.3578	10.3314	0.00306469	1
36	371	578	6.61781	6.49959	0.00458758	1
36	372	4265	2.36269	2.18819	0.00999273	1
36	373	282	0.216586	0.219559	0.000359688	1
36	374	260	0.366161	0.334168	0.00225062	1
36	375	2399	6.44167	6.35118	0.00579185	1
36	376	47019	3.33518	3.28924	0.00382997	1
36	377	481	0.0336001	0.0269995	0.00161153	1
36	378	1673	0.455319	0.473112	0.00206799	1
36	379	2015	5.7926	5.80659	0.00487896	1
36	380	216	1.46941	1.3898	0.00352775	1
36	381	35	2.05373	2.02865	0.00099203	1
36	382	36	3.78171	3.79212	0.00080273	1
36	383	550	6.91458	6.82041	0.00649634	1
36	384	20356	4.79438	4.6	0.00502266	1
36	385	2141	8.73082	8.84384	0.00266315	1
36	386	13228	9.36785	8.88285	0.00504799	1
36	387	874	0.683654	0.661135	0.00170788	1
36	388	3297	2.42313	2.62143	0.00988791	1
36	389	27383	7.49835	7.32096	0.00949372	1
36	390	874	0.994223	1.0778	0.00721282	1
36	391	351	1.95584	1.9314	0.00243321	1
36	392	9452	3.61554	3.57268	0.00401794	1
36	393	27681	0.0157169	0.0139931	0.000218518	1
36	394	284	0.674556	0.630258	0.00331899	1
36	395	20485	8.17089	8.39684	0.00450809	1
36	396	1915	3.50931	3.68337	0.000739586	1
36	397	634	2.11874	2.20609	0.00338078	0
36	398	23634	1.32873	1.32132	0.00513754	1
36	399	10859	2.001	2.11973	0.00157446	1
36	400	338	3.73915	3.50838	0.00417134	1
36	401	11587	7.74936	7.75914	0.00313011	1
36	402	634	3.11496	3.25393	0.00454288	1
36	403	3977	4.59512	4.58564	0.0012313	1
36	404	2664	2.93337	3.04438	0.00543054	1
36	405	284	2.41315	2.3802	0.00728366	1
36	406	2952	2.48692	2.52582	0.00325711	1
36	407	21819	5.44788	5.44073	0.00216321	1
36	408	281	1.23385	1.17261	0.00390229	1
36	409	874	0.950464	0.886928	0.0027147	1
36	410	2399	8.29176	8.37361	0.00429454	1
36	411	24794	8.44524	8.40533	0.00675733	1
36	412	10357	7.94113	7.81879	0.00054861	1
36	413	1673	0.101934	0.107068	0.00127386	1
36	414	2445	5.96279	5.9293	0.0036496	1
36	415	354	6.14223	6.23407	0.00375446	1
36	416	3018	7.57819	7.58459	0.00416254	1
36	417	2719	5.28693	5.24286	0.00165555	1
36	418	282	1.2547	1.18961	0.00411763	1
36	419	874	4.88844	5.03529	0.00399116	1
36	420	20073	2.46539	2.48719	0.00320139	1
36	421	314	0.653173	0.679899	0.00169787	1
36	422	441	1.76857	1.75706	0.00114875	1
36	423	1770	4.56218	4.57611	0.00137639	1
36	424	3297	0.895851	1.03567	0.00694547	1
36	425	357	1.39711	1.45632	0.00216212	1
36	426	553	4.27886	4.12975	0.000792909	1
36	427	719	0.0766013	0.0807164	0.000305184	1
36	428	5183	0.766329	0.747603	0.00326585	1
36	429	338	0.158479	0.164398	0.000941807	1
36	430	216	1.75377	1.61028	0.00450205	1
36	431	37	2.40144	2.39622	0.000244414	1
36	432	1800	8.45518	8.42194	0.00128446	1
36	433	592	0.484637	0.469023	0.00109192	1
36	434	5375	0.249371	0.247876	0.00049074	1
36	435	284	0.502751	0.448859	0.00350518	1
36	436	634	4.28861	4.21721	0.000792436	1
36	437	216	0.173905	0.15693	0.00129854	1
36	438	33	1.21276	1.19093	0.000363876	1
36	439	33	2.58832	2.65393	0.00143886	0
36	440	33	4.55559	4.54829	0.00240443	0
36	441	816	8.1605	8.12188	0.00735851	1
36	442	216	0.0807375	0.0806778	0.000546699	1
36	443	33	0.110464	0.110615	0.000140553	1
36	444	34	1.02374	1.06367	0.00296683	1
36	445	33	2.27689	2.30445	0.000611168	1
36	446	8612	5.53492	5.62321	0.00219317	1
36	447	4065	1.6333	1.5348	0.00469571	1
36	448	592	0.453853	0.490264	0.00281763	1
36	449	15408	0.992801	0.951566	0.00137596	1
36	450	981	3.62257	3.6218	0.00087287	1
36	451	451	2.93319	2.94146	0.000569607	1
36	452	3414	0.646223	0.604164	0.0040619	1
36	453	1673	0.10461	0.117033	0.0014463	1
36	454	7925	4.9169	4.99425	0.0034043	1
36	455	18278	0.504725	0.547883	0.00693967	1
36	456	8662	9.97939e-05	0.000123727	5.90728e-06	1
36	457	436	0.799584	0.810019	0.00182971	1
36	458	551	7.24244	7.25731	0.00487714	1
36	459	44723	3.4704	3.39418	0.00336625	1
36	460	12353	0.461335	0.48771	0.00219761	1
36	461	411	0.343146	0.327738	0.00186389	1
36	462	354	3.56881	3.66651	0.00332733	1
36	463	1547	3.93594	3.97223	0.00329716	1
36	464	22679	3.73514	3.94277	0.00628158	1
36	465	418	3.69288	3.6633	0.00461352	1
36	466	216	0.239904	0.264538	0.00175362	1
36	467	33	1.09109	1.11089	0.000475868	1
36	468	40	2.42994	2.45204	0.000936979	1
36	469	1577	0.360637	0.451633	0.00961532	1
36	470	216	0.00515938	0.005021	1.85689e-05	1
36	471	36	1.00678	0.994583	0.000419712	1
36	472	35	3.43795	3.34144	0.000662749	1
36	473	1673	0.582762	0.547844	0.00288941	1
36	474	16155	8.46134	8.52007	0.00799869	1
36	475	216	0.242008	0.224399	0.00166135	1
36	476	33	1.16251	1.19069	0.00175188	1
36	477	41	2.86941	2.84126	0.00153333	1
36	478	1577	2.16764	2.2079	0.00529923	1
36	479	216	0.00583664	0.00558846	4.03042e-05	1
36	480	32	2.51838	2.48983	0.000640955	1
36	481	32	0.967281	0.937682	0.000640424	1
36	482	28508	9.84328	9.71227	0.00221868	1
36	483	10734	0.00019997	0.000265801	1.09686e-05	1
36	484	3485	6.44532	6.59007	0.00529036	1
36	485	563	3.55019	3.52076	0.00713936	1
36	486	253	3.57497	3.63121	0.000884088	1
36	487	3075	8.15001	8.11892	0.00535994	1
36	488	282	0.327164	0.379888	0.0044664	1
36	489	45655	5.83187	5.93008	0.00228566	1
36	490	284	2.08707	2.15789	0.00472992	1
36	491	2653	2.69513	2.79296	0.00423402	1
36	492	18359	0.00879801	0.00921226	1.86839e-05	1
36	493	338	1.89178	1.8312	0.00479514	1
36	494	19036	10.959	10.9328	0.00169457	1
36	495	767	1.64701	1.68015	0.0021081	1
36	496	260	0.746297	0.765056	0.00427997	1
36	497	4931	1.44834	1.5934	0.00540632	0
36	498	45655	4.7489	4.77699	0.00395833	1
36	499	9777	12.6265	12.6177	0.00256567	1
36	500	5852	0.0374057	0.0463091	0.00152221	1
36	501	12977	4.14651	4.02678	0.00930572	1
36	502	429	0.701223	0.726123	0.0018983	1
36	503	634	5.0856	5.08742	0.00164113	1
36	504	282	1.0837	1.2338	0.0102456	1
36	505	260	0.46923	0.458775	0.00429771	1
36	506	17614	3.55551	3.63164	0.00566884	0
36	507	3590	6.68941	6.81444	0.00219326	1
36	508	3685	5.73571	5.82202	0.00137818	1
36	509	281	1.0295	1.06421	0.00194803	1
36	510	260	0.0195861	0.0206646	0.000133336	1
37	256	5677	6.12375	5.97802	0.00373766	1
37	257	3275	0.739574	0.72242	0.00425921	1
37	258	338	6.15636	6.19615	0.00279864	1
37	259	29409	7.14593	6.87073	0.00630472	1
37	260	827	2.70784	2.60343	0.00285137	1
37	261	2664	7.21041	7.19968	0.00372909	1
37	262	7837	0.290147	0.315816	0.00305891	1
37	263	366	0.0642193	0.0628413	4.91282e-05	1
37	264	338	5.1707	5.25948	0.00172424	1
37	265	592	1.78102	1.73483	0.00779521	1
37	266	5492	2.86927	2.8422	0.00332594	1
37	267	288	0.276708	0.243457	0.00208745	1
37	268	44885	4.68546	4.58909	0.00311008	1
37	269	260	1.33638	1.39218	0.0021005	1
37	270	7573	2.39622	2.36376	0.0048257	1
37	271	1673	0.67373	0.651236	0.00135732	1
37	272	3717	1.36252	1.41383	0.00267418	1
37	273	378	1.94196	2.06132	0.00349362	1
37	274	339	6.60059	6.7795	0.00296383	0
37	275	58	0.271115	0.271785	0.00247817	1
37	276	62	0.181525	0.213129	0.0046093	1
37	277	965	4.62735	4.55748	0.00451773	1
37	278	4041	4.02365	3.98524	0.00350809	1
37	279	288	0.238937	0.245406	0.000528077	1
37	280	722	4.06217	4.14977	0.00842014	1
37	281	260	0.786323	0.803853	0.0018041	1
37	282	17758	9.7628	9.70329	0.00593012	1
37	283	284	4.77829	4.73287	0.00789837	1
37	284	480	2.16523	2.18864	0.00615571	1
37	285	23680	3.22867	3.33933	0.00386038	1
37	286	1875	0.045699	0.0466956	7.34225e-05	1
37	287	288	0.87801	0.849956	0.00162582	1
37	288	2635	5.49985	5.48876	0.00390437	1
37	289	253	2.67981	2.68704	0.00278331	1
37	290	3509	8.52288	8.59693	0.00345089	1
37	291	282	0.101455	0.110831	0.000671988	1
37	292	34962	5.81927	6.0317	0.00599676	1
37	293	3297	3.72463	3.82699	0.00234513	1
37	294	12547	4.32901	4.27236	0.00407934	1
37	295	3297	0.822356	0.880763	0.00224623	1
37	296	18435	4.10678	4.10774	0.0057431	1
37	297	284	0.479148	0.453351	0.00148289	1
37	298	550	1.35482	1.40904	0.00301193	1
37	299	8092	9.13952	9.17119	0.0041643	1
37	300	7693	7.21862	7.1067	0.00198535	1
37	301	1056	4.26138	4.27681	0.00319102	1
37	302	288	0.131648	0.125611	0.000533265	1
37	303	3085	0.810832	0.788236	0.00143331	1
37	304	990	5.07691	5.19318	0.00232815	1
37	305	260	1.46527	1.47306	0.00319347	1
37	306	1547	5.86416	5.97083	0.00509786	1
37	307	17614	5.93613	5.75872	0.00516864	1
37	308	27720	3.64818	3.61051	0.00587792	1
37	309	260	2.97975	3.1358	0.00286134	1
37	310	2582	3.25428	3.13688	0.0040506	1
37	311	3275	0.0237345	0.0299714	0.000764304	1
37	312	6427	0.0289121	0.0215338	0.00125138	1
37	313	365	6.45529	6.5983	0.00236964	1
37	314	18073	9.75728	9.77196	0.0100357	1
37	315	659	7.14981	7.29733	0.00788603	1
37	316	7416	7.49426	7.7057	0.012322	1
37	317	2481	0.450282	0.510165	0.00549458	1
37	318	1673	0.852066	0.845981	0.00211759	1
37	319	1069	3.18312	3.15301	0.00336609	1
37	320	13049	4.81879	4.81101	0.00297185	1
37	321	480	2.10417	2.29149	0.00398619	1
37	322	265	5.52166	5.5692	0.00300326	1
37	323	938	0.0362331	0.0334661	0.00014921	1
37	324	2586	0.020351	0.0201363	8.08245e-06	1
37	325	3616	10.4761	10.3184	0.00411131	1
37	326	335	1.34387	1.31425	0.00193227	1
37	327	216	0.0906995	0.0893746	0.00018178	1
37	328	38	3.35144	3.40603	0.000719002	1
37	329	5096	2.51574	2.64971	0.00299299	1
37	330	418	4.91169	4.94663	0.000578056	1
37	331	14078	4.31295	4.29403	0.00249152	1
37	332	284	1.51351	1.3763	0.00468102	0
37	333	27720	3.40805	3.31225	0.00472319	1
37	334	1876	8.89629	8.94469	0.00223628	1
37	335	2009	0.122445	0.123908	0.000601201	1
37	336	1916	0.0304185	0.0311432	5.63966e-05	1
37	337	1673	0.632588	0.639468	0.000783719	1
37	338	4420	8.09903	8.07869	0.00237388	1
37	339	7980	5.8407	5.88503	0.00408087	1
37	340	634	4.16235	4.12543	0.00280438	1
37	341	216	3.13913	3.12617	0.00418333	1
37	342	33	1.27359	1.29809	0.000826461	1
37	343	3394	18.0913	18.1055	0.000419176	1
37	344	28	3.80817	3.81485	0.00395581	1
37	345	48	14.98	14.9066	0.00205895	1
37	346	216	1.81326	1.81263	0.00706629	1
37	347	33	1.47624	1.47049	0.00163793	1
37	348	37	2.67442	2.66305	0.00267101	1
37	349	32	1.23452	1.21494	0.00304254	1
37	350	2664	9.23499	9.41874	0.00425659	1
37	351	4385	9.73464	9.5439	0.00679363	1
37	352	3620	3.14268	3.08805	0.0134111	0
37	353	3297	1.02761	1.19219	0.00895779	1
37	354	502	4.85797	5.02439	0.00471844	1
37	355	592	1.87441	2.01717	0.00494029	1
37	356	23680	1.70733	1.57586	0.00860356	1
37	357	8146	0.00117569	0.00138175	1.9185e-05	1
37	358	411	0.651052	0.651563	0.0012587	1
37	359	18811	9.89853	9.96056	0.00273306	1
37	360	230	0.0102698	0.0101892	3.9056e-05	1
37	361	105	0.398765	0.368419	0.0040747	1
37	362	25414	0.00190409	0.00169707	4.28868e-05	1
37	363	284	1.50079	1.50157	0.00230049	1
37	364	1296	5.84822	5.82366	0.00809845	1
37	365	45655	2.4428	2.51982	0.00252481	1
37	366	1673	0.573567	0.604968	0.00224154	1
37	367	6069	9.81575	9.74928	0.00444593	1
37	368	36132	10.5315	10.529	0.00931369	1
37	369	4931	3.76969	3.59738	0.00643979	1
37	370	5171	1.99516	2.02859	0.00820196	1
37	371	6247	4.06431	4.15476	0.0016901	1
37	372	6405	2.32041	2.27465	0.00323846	1
37	373	260	1.67937	1.68613	0.000972479	1
37	374	4931	3.85109	3.78419	0.00499358	1
37	375	1252	5.06278	5.25507	0.00701318	1
37	376	288	0.765827	0.766423	0.000501701	1
37	377	260	7.85669	7.75148	0.00344402	1
37	378	23988	2.63026	2.64332	0.0033957	1
37	379	3297	1.6344	1.58951	0.0024987	0
37	380	284	1.2493	1.19773	0.00349095	1
37	381	216	3.84521	3.76683	0.00372028	1
37	382	33	1.7936	1.84613	0.00212673	1
37	383	37	1.86094	1.8003	0.00197486	1
37	384	30524	7.4068	7.28372	0.00554242	1
37	385	592	0.811821	0.831523	0.00225011	1
37	386	17982	7.07908	7.11812	0.0065538	1
37	387	1683	2.68718	2.77024	0.00254349	1
37	388	480	3.82264	3.87779	0.00151973	1
37	389	16890	10.149	10.0987	0.00206229	1
37	390	7410	0.571626	0.614169	0.0025034	1
37	391	281	3.89357	3.88776	0.00141158	1
37	392	354	4.17758	4.21623	0.00719692	1
37	393	3110	0.4785	0.492922	0.00417718	1
37	394	288	0.018778	0.0220939	0.000341141	1
37	395	21588	1.37789	1.41355	0.00267238	1
37	396	284	1.85243	1.66631	0.00537136	1
37	397	14864	1.5775	1.67034	0.00335767	1
37	398	260	0.738999	0.659935	0.00534999	1
37	399	7761	1.9746	2.086	0.00389671	1
37	400	1673	0.3639	0.330553	0.00287832	1
37	401	1117	5.74865	5.6194	0.00436174	1
37	402	3171	3.97431	3.94634	0.00266736	1
37	403	216	0.396831	0.402581	0.00172142	1
37	404	33	1.05792	1.10018	0.000599641	1
37	405	33	3.11848	3.1555	0.00171818	1
37	406	592	5.1559	4.84034	0.00951113	1
37	407	4935	5.00214	5.01299	0.00409324	1
37	408	618	2.70966	2.82122	0.00176772	1
37	409	2548	1.82524	1.86147	0.00260495	1
37	410	979	5.5414	5.51957	0.00224569	1
37	411	260	0.931797	1.0502	0.00880856	1
37	412	1528	6.84828	6.85974	0.003691	1
37	413	436	1.36645	1.37842	0.0018823	1
37	414	430	4.46737	4.50774	0.00485597	1
37	415	7410	0.0656707	0.0709293	0.000267681	1
37	416	3297	3.00421	3.11528	0.00316524	1
37	417	564	2.44917	2.47129	0.0024794	1
37	418	805	3.89365	3.83521	0.00444901	1
37	419	1296	3.20648	3.21025	0.00173243	1
37	420	592	0.801284	0.7466	0.00300409	1
37	421	5354	7.4917	7.43913	0.00592947	1
37	422	1730	2.76491	2.86372	0.00467244	1
37	423	288	0.00481812	0.00467057	1.39928e-05	1
37	424	3414	3.7474	3.67847	0.00468422	1
37	425	1673	1.5651	1.52106	0.0045881	1
37	426	1943	9.03754	8.94021	0.00197754	1
37	427	282	0.302262	0.315868	0.000736388	1
37	428	601	1.75688	1.74842	0.000943384	1
37	429	592	0.992322	1.02764	0.00234085	1
37	430	3424	3.56053	3.54082	0.0034886	1
37	431	1092	7.01446	7.11696	0.00372021	1
37	432	260	1.72373	1.67276	0.00461187	1
37	433	4931	2.43199	2.39434	0.00407668	1
37	434	5388	6.5488	6.61525	0.00461446	0
37	435	659	3.73922	3.84203	0.00405579	1
37	436	424	1.6306	1.82893	0.0222663	1
37	437	335	2.66899	2.75786	0.00733247	1
37	438	216	0.0550513	0.059434	0.00023638	1
37	439	34	1.22858	1.26244	0.000734221	1
37	440	32	2.49823	2.57802	0.000996888	1
37	441	5096	1.14286	1.11015	0.00284668	1
37	442	1673	0.599424	0.624518	0.0037115	1
37	443	378	1.94047	1.89588	0.00302684	1
37	444	20220	8.286	8.37913	0.00354985	0
37	445	44237	0.311142	0.504037	0.040419	1
37	446	9760	0.179115	0.166457	0.0017577	1
37	447	436	1.45033	1.40949	0.00263977	1
37	448	43048	5.62244	5.72888	0.00525546	0
37	449	277	0.000993397	0.00109289	8.20989e-06	1
37	450	335	1.69596	1.82189	0.00370307	0
37	451	216	0.0712463	0.071056	0.000387944	1
37	452	33	1.14478	1.14411	0.000228167	1
37	453	3903	2.4683	2.33054	0.00328186	1
37	454	284	1.64657	1.60876	0.00155663	1
37	455	260	1.17159	1.27213	0.00634021	1
37	456	17758	7.2976	7.34273	0.00411553	1
37	457	592	0.722233	0.798666	0.00684265	1
37	458	3954	7.89595	7.86723	0.00489205	1
37	459	288	0.0964071	0.0976808	0.000290066	1
37	460	216	1.5236	1.58912	0.0108252	1
37	461	33	1.04207	1.0285	0.000635557	1
37	462	302	7.20507	7.50345	0.00130294	1
37	463	8014	8.31768	8.24285	0.0103944	0
37	464	13398	8.2455	8.12654	0.00250824	1
37	465	7761	4.0966	3.91439	0.00243898	1
37	466	1673	0.570203	0.585845	0.00176018	1
37	467	1985	3.23765	3.40095	0.00429983	1
37	468	216	0.175574	0.14986	0.00230274	1
37	469	33	0.979547	0.97908	6.27605e-05	1
37	470	41	3.20147	3.17773	0.0010548	1
37	471	3903	0.803758	0.739952	0.00219118	1
37	472	659	6.92096	6.84847	0.0065329	1
37	473	424	4.19504	4.0701	0.0113513	1
37	474	436	0.970153	0.905169	0.0066898	1
37	475	12353	1.15119	1.18813	0.00416651	1
37	476	411	0.24599	0.252399	0.00062303	1
37	477	6995	5.56844	5.56546	0.00133235	1
37	478	429	0.561625	0.524753	0.00174138	1
37	479	15600	7.99022	8.21761	0.00225099	1
37	480	9618	0.675375	0.672642	0.00166416	1
37	481	216	0.152783	0.149401	0.00100439	1
37	482	37	1.31471	1.30332	0.00625637	1
37	483	40	2.0918	2.09387	0.00302594	1
37	484	284	2.54231	2.32659	0.00704752	1
37	485	7925	11.1788	11.3882	0.00784412	1
37	486	18278	0.231584	0.220166	0.00464607	1
37	487	8662	0.000128926	0.000182744	1.28593e-05	1
37	488	436	0.905348	0.968398	0.00417133	1
37	489	5380	2.99131	2.97715	0.00427639	1
37	490	1296	6.2691	6.2768	0.000718492	1
37	491	1711	0.0340078	0.0340668	0.000154667	1
37	492	411	1.27526	1.21511	0.00142135	1
37	493	20356	4.85895	4.8838	0.0122791	0
37	494	338	5.00704	5.10802	0.00331972	0
37	495	5375	3.49244	3.42828	0.00259997	1
37	496	216	0.831833	0.80886	0.00200932	1
37	497	35	2.0299	2.06883	0.000771262	1
37	498	39	2.40863	2.43234	0.00163226	1
37	499	1800	3.23639	3.2219	0.00582676	1
37	500	284	1.90777	1.89441	0.000855065	1
37	501	15408	1.12235	1.0126	0.00483584	1
37	502	216	0.276097	0.28356	0.000788398	1
37	503	37	2.30664	2.27011	0.000174561	1
37	504	34	2.3385	2.36627	0.00200198	1
37	505	1673	0.723325	0.714327	0.00394009	1
37	506	3488	7.85895	7.77412	0.00275294	1
37	507	6341	6.43845	6.48304	0.00498611	0
37	508	2776	2.1522	1.98442	0.00626161	1
37	509	8571	6.89258	6.86387	0.00294577	1
37	510	288	1.91008	1.92292	0.00193814	1
38	256	592	0.521981	0.549137	0.00196259	1
38	257	16638	4.85665	5.077	0.00526366	1
38	258	4194	0.00769264	0.00770535	4.32174e-05	1
38	259	990	3.92385	3.90956	0.00495232	1
38	260	260	1.66401	1.71276	0.00595542	1
38	261	1913	1.99585	2.05865	0.00575417	1
38	262	1673	0.389384	0.400023	0.0027783	1
38	263	3717	1.07661	1.14557	0.00347005	1
38	264	3717	2.8217	2.69556	0.00502045	1
38	265	3717	2.3089	2.41885	0.00435596	1
38	266	446	10.3032	10.2237	0.00230472	1
38	267	15992	13.6379	13.3202	0.0040052	1
38	268	37041	10.87	10.6391	0.00551635	1
38	269	28837	14.7769	14.5988	0.00845284	1
38	270	446	3.43862	3.25339	0.004213	1
38	271	3717	1.07753	1.26503	0.0113921	0
38	272	3717	0.682535	0.714764	0.00422757	1
38	273	7778	6.212	6.13449	0.00493431	0
38	274	36836	8.11014	8.0134	0.00434891	1
38	275	476	6.10609	6.23917	0.00762643	1
38	276	15992	2.79124	2.51949	0.00953709	1
38	277	476	2.7681	2.76899	0.000587602	1
38	278	37041	0.260542	0.27774	0.00226405	1
38	279	28837	1.17115	1.04972	0.0213031	1
38	280	365	2.22609	2.3076	0.00319138	1
38	281	4053	6.05965	6.06937	0.00372011	0
38	282	216	0.0344129	0.0335488	0.000160585	1
38	283	34	0.946581	0.932857	0.000462701	1
38	284	33	2.56144	2.6182	0.00141034	1
38	285	3297	1.0516	1.00301	0.00109049	1
38	286	216	0.0470985	0.0466683	0.000131575	1
38	287	33	0.00904371	0.010873	0.000193205	1
38	288	41	0.0514161	0.0588266	0.000568298	1
38	289	34	1.26124	1.31439	0.00324135	1
38	290	38	2.42826	2.47936	0.000760886	0
38	291	816	2.98777	3.0793	0.00165818	1
38	292	4645	2.57184	2.54369	0.00115921	0
38	293	216	0.00180519	0.00205889	2.45879e-05	1
38	294	37	3.2115	3.22039	0.000978252	1
38	295	3297	0.147484	0.129241	0.00115582	1
38	296	216	0.00456252	0.0044376	3.50909e-05	1
38	297	33	0.922838	0.807673	0.00480507	1
38	298	41	3.50076e-05	3.30549e-05	2.31323e-07	1
38	299	41	0.947343	0.964052	0.00042591	1
38	300	36	2.29646	2.25742	0.000541707	1
38	301	2481	0.073832	0.0880941	0.0014967	1
38	302	436	0.0950142	0.0900956	0.000390525	1
38	303	354	0.706812	0.685867	0.00130786	1
38	304	1547	0.135224	0.117192	0.00176405	1
38	305	13159	6.17295	6.22327	0.00298179	1
38	306	7081	0.995381	0.963024	0.00617617	1
38	307	284	1.44879	1.3887	0.00266621	1
38	308	253	2.75761	2.79944	0.0026339	1
38	309	20532	7.93325	8.0122	0.00311623	1
38	310	8552	6.24839	6.14683	0.00883214	1
38	311	2932	3.09205	3.23256	0.00653113	1
38	312	41607	0.00112608	0.000825515	5.02778e-05	1
38	313	327	3.13258	3.30096	0.00637482	1
38	314	260	0.697539	0.641269	0.00380677	1
38	315	1623	11.3727	11.1649	0.0078847	1
38	316	26998	1.24017	1.35963	0.0170552	1
38	317	288	2.15935	2.1972	0.00274912	1
38	318	408	4.98452	5.06356	0.00229855	1
38	319	3277	11.1482	11.3019	0.012063	1
38	320	50	3.39178	3.87133	0.0331838	1
38	321	3394	10.7467	10.8263	0.00921403	1
38	322	29	0.769188	0.777372	0.00295017	1
38	323	48	0.0460869	0.0427328	0.000525011	1
38	324	7372	2.64439	2.56448	0.0136319	1
38	325	281	4.21189	4.03539	0.0146104	1
38	326	26264	6.32687	6.13363	0.00536037	1
38	327	1673	3.1506	3.26596	0.00368036	1
38	328	909	1.05839	1.10552	0.00258452	1
38	329	4944	1.13072	1.08323	0.00197531	1
38	330	4708	3.44152	3.54542	0.00462133	1
38	331	13159	0.205498	0.189916	0.00152003	1
38	332	327	1.32614	1.30369	0.00215896	1
38	333	260	0.841775	0.804467	0.00214874	1
38	334	1638	1.17243	1.17575	0.00209795	1
38	335	282	0.0118558	0.0126615	9.76411e-05	1
38	336	9754	3.19615	3.18338	0.00472894	1
38	337	19481	11.7386	11.9102	0.00678262	1
38	338	331	0.0667689	0.0594323	0.00246312	1
38	339	884	0.132355	0.111597	0.00255611	1
38	340	281	3.04421	3.08687	0.00237328	1
38	341	216	1.60674	1.59388	0.00587372	1
38	342	33	0.0118504	0.0146695	0.000317979	1
38	343	41	0.00320805	0.00339551	1.29606e-05	1
38	344	36	1.34065	1.31234	0.00247756	1
38	345	36	2.57071	2.53651	0.000473528	1
38	346	284	1.24611	1.14679	0.00302602	1
38	347	429	5.33947	5.47693	0.0248141	1
38	348	216	0.116439	0.128528	0.00135522	1
38	349	33	0.00192407	0.00210547	1.62166e-05	1
38	350	41	0.000446497	0.000426004	2.01363e-06	1
38	351	36	0.171895	0.167391	6.04381e-05	1
38	352	38	1.29973	1.32837	0.000329629	1
38	353	288	0.643281	0.62124	0.00151693	1
38	354	216	0.0173635	0.0173272	1.9988e-05	1
38	355	33	0.00388838	0.00373833	2.19868e-05	1
38	356	41	6.41673e-05	5.92754e-05	5.26524e-07	1
38	357	36	0.546343	0.536117	0.00033747	1
38	358	40	0.825801	0.842413	0.00019815	1
38	359	1673	4.04191	4.03035	0.0024073	1
38	360	909	1.32029	1.24737	0.00660866	1
38	361	436	1.34783	1.34514	0.00280807	1
38	362	253	1.37749	1.32018	0.00329684	1
38	363	12286	12.0411	12.0784	0.0046435	1
38	364	5719	6.95076	6.88255	0.00447717	0
38	365	418	2.04547	1.98329	0.00528175	1
38	366	1112	9.04065	9.09804	0.00191466	1
38	367	335	11.5824	11.4806	0.0015237	1
38	368	260	0.719499	0.752051	0.00263225	1
38	369	216	2.42818	2.36003	0.00473561	1
38	370	33	0.600237	0.647563	0.0018363	1
38	371	41	1.04247	1.12907	0.00432398	1
38	372	36	0.202451	0.179738	0.00163441	1
38	373	40	1.75767	1.86876	0.0036351	1
38	374	5242	3.75583	3.69028	0.00421389	1
38	375	37155	0.481245	0.463835	0.00285512	1
38	376	2018	4.89937	4.53093	0.00968984	1
38	377	3394	16.021	16.0893	0.000641341	1
38	378	29	0.0294055	0.0266648	0.000309745	1
38	379	48	0.00752604	0.00706289	5.57374e-05	1
38	380	2493	9.68043	9.58583	0.00471194	1
38	381	12733	3.19812	3.26632	0.00646041	1
38	382	1673	1.5994	1.53258	0.0050539	1
38	383	37041	1.57864	1.69459	0.00519969	0
38	384	28837	0.934085	0.855969	0.00468827	1
38	385	4944	1.99754	2.05404	0.00163491	1
38	386	24603	6.308	6.32451	0.00318976	1
38	387	281	1.96084	1.92756	0.00180499	1
38	388	260	1.19275	1.05657	0.00909087	1
38	389	2071	2.68369	2.58436	0.0140184	1
38	390	37155	0.280743	0.247101	0.00434588	1
38	391	12406	0.100709	0.0930905	0.00117045	1
38	392	365	1.39903	1.43111	0.00136107	1
38	393	47185	5.28204	5.18348	0.000638336	1
38	394	2481	0.0663428	0.0675703	0.000250287	1
38	395	351	4.23948	4.24005	0.00514189	1
38	396	260	0.431029	0.461021	0.0032495	1
38	397	20020	3.15973	3.2019	0.00495853	1
38	398	450	0.616936	0.572876	0.00614982	1
38	399	438	0.187982	0.153858	0.00592986	1
38	400	327	2.88985	2.85176	0.0068158	1
38	401	582	5.92039	5.97689	0.00190116	1
38	402	3645	0.356101	0.370287	0.00530545	1
38	403	281	2.11444	2.13451	0.00132267	1
38	404	216	0.122092	0.115251	0.00045512	1
38	405	33	0.00100008	0.00109757	5.18976e-06	1
38	406	41	0.000258092	0.000266286	6.79589e-07	1
38	407	37	1.3014	1.41335	0.00437133	1
38	408	32	1.33424	1.34135	0.000654622	1
38	409	1673	0.627117	0.634708	0.000613432	1
38	410	2550	3.0106	3.00145	0.00184038	1
38	411	42952	3.336	3.34343	0.00197287	1
38	412	429	0.744377	0.65285	0.00527277	1
38	413	13159	2.42928	2.58947	0.00623183	1
38	414	384	1.25311	1.18364	0.00605164	1
38	415	9700	6.99259	6.93977	0.00449877	1
38	416	281	0.6319	0.632817	0.00183264	1
38	417	26264	0.604789	0.64192	0.00235027	1
38	418	284	1.42362	1.32264	0.00549905	1
38	419	2163	1.54704	1.56624	0.00251908	1
38	420	253	0.848962	0.826659	0.00146872	1
38	421	5288	4.27466	4.31255	0.00510909	1
38	422	2932	3.40691	3.56671	0.00678482	1
38	423	41607	7.76946e-05	7.07137e-05	5.91623e-07	1
38	424	1673	1.4788	1.55423	0.00269249	1
38	425	909	1.12527	1.08569	0.00158656	1
38	426	4147	4.22213	4.17996	0.0017991	1
38	427	347	1.59651	1.59227	0.00135433	1
38	428	253	0.314312	0.304096	0.000569107	1
38	429	2380	7.96114	8.09056	0.00565766	1
38	430	5189	0.813781	0.913768	0.00767958	1
38	431	1508	0.00296768	0.00303786	1.46336e-05	1
38	432	284	2.36009	2.21656	0.00204972	1
38	433	347	3.98502	3.93352	0.0037057	1
38	434	253	0.348333	0.341483	0.000994295	1
38	435	1238	6.68724	6.75531	0.00439158	1
38	436	3394	15.2319	15.0931	0.00672013	1
38	437	29	0.0275758	0.0294448	0.000356325	1
38	438	48	0.00703396	0.00685677	3.62341e-05	1
38	439	411	10.2867	10.3193	0.00553773	1
38	440	3394	6.89078	6.91588	0.0152728	1
38	441	29	0.0676144	0.0835462	0.00220186	1
38	442	48	0.0124101	0.0116659	8.10528e-05	1
38	443	1238	6.74046	6.73761	0.00963577	1
38	444	2521	6.58976	6.65661	0.004701	1
38	445	1353	0.00735059	0.00559581	0.000255371	1
38	446	1704	0.00362861	0.00396713	6.44336e-05	1
38	447	327	1.3277	1.23986	0.00751321	1
38	448	260	0.818749	0.85819	0.00413082	1
38	449	26264	0.753851	0.757495	0.00285696	1
38	450	17489	8.14248	8.35315	0.0126015	1
38	451	99	0.0111471	0.0105823	0.000138071	1
38	452	1673	1.2762	1.30384	0.00164178	1
38	453	909	1.24955	1.22316	0.00148744	1
38	454	17475	6.62952	6.59031	0.00282802	1
38	455	1461	5.19774	5.2123	0.00368851	1
38	456	8552	3.68552	3.5777	0.00361395	1
38	457	284	3.74866	3.5177	0.00416722	1
38	458	5171	0.346469	0.343284	0.00223002	1
38	459	5288	4.61293	4.5113	0.00201361	1
38	460	2744	1.23949	1.37875	0.0126657	1
38	461	284	2.56898	2.4779	0.00270725	1
38	462	436	1.57962	1.59999	0.00315012	1
38	463	4380	6.79745	6.86617	0.00165582	1
38	464	24223	2.79019	2.82926	0.00320471	1
38	465	277	0.00205186	0.00220521	1.71697e-05	1
38	466	618	0.146104	0.167657	0.00167445	1
38	467	260	0.0793234	0.0790205	0.000850739	1
38	468	26264	2.18504	2.38361	0.00932097	1
38	469	14704	5.93286	6.07017	0.00711848	1
38	470	36179	1.46119	1.09966	0.0414439	0
38	471	8501	0.18726	0.182943	0.000810105	1
38	472	282	0.038729	0.0406533	0.000102714	1
38	473	40241	0.00352739	0.00411631	0.000123619	1
38	474	1673	0.679944	0.706073	0.00119699	1
38	475	3717	1.2568	1.20391	0.00238951	1
38	476	533	4.80154	4.72707	0.00156126	1
38	477	4708	7.56965	7.65403	0.00304758	1
38	478	3297	4.95023	5.05239	0.000943854	1
38	479	384	1.27323	1.27906	0.000957535	1
38	480	2842	4.73887	4.79312	0.00760817	1
38	481	260	0.659835	0.699422	0.00148208	1
38	482	8095	9.1248	9.18482	0.00331122	1
38	483	13673	0.925098	0.969099	0.00607298	1
38	484	10442	2.12431	2.13552	0.00805947	1
38	485	281	2.45769	2.57635	0.00376464	1
38	486	2244	9.95779	10.0373	0.00534689	1
38	487	3645	2.44838	2.61399	0.00556956	1
38	488	7539	10.4385	10.5236	0.00514388	1
38	489	438	0.0148767	0.0165433	0.00028962	1
38	490	981	4.69376	4.69231	0.00884181	0
38	491	650	2.07749	2.0588	0.00167607	1
38	492	8299	3.23811	3.20678	0.00280308	1
38	493	713	0.093865	0.0861688	0.00113759	1
38	494	284	2.32451	2.1608	0.00447498	1
38	495	932	6.62536	6.49849	0.00367284	1
38	496	9754	8.85038	8.89605	0.00131886	1
38	497	19481	8.20638	8.27955	0.00446863	1
38	498	331	0.00175893	0.00211981	4.47334e-05	1
38	499	884	0.0018359	0.00165317	1.23999e-05	1
38	500	7539	11.7501	11.5781	0.00447452	1
38	501	438	0.0114987	0.0117375	0.000142899	1
38	502	4585	0.933761	0.881358	0.00311129	1
38	503	327	1.34279	1.46062	0.00442696	1
38	504	1062	4.19939	4.33816	0.00755373	1
38	505	4795	6.81753	6.91211	0.00548925	1
38	506	5895	7.04081	7.11684	0.0034397	1
38	507	4488	1.73508	1.74633	0.000366719	1
38	508	284	0.624293	0.547054	0.0109016	1
38	509	2244	4.97167	4.88138	0.010056	0
38	510	3394	10.3694	10.4389	0.00379025	1
39	256	216	1.40714	1.31067	0.0053528	1
39	257	33	1.45159	1.50028	0.0012409	1
39	258	33	1.9785	1.83929	0.00659097	1
39	259	6439	0.265644	0.230074	0.00450923	1
39	260	365	2.40024	2.39115	0.00335353	1
39	261	216	0.676539	0.578044	0.00864343	1
39	262	33	1.19956	1.31825	0.00380039	1
39	263	36	1.04723	1.09606	0.00162054	1
39	264	3394	11.6686	11.8736	0.00391065	1
39	265	30	4.2981	4.3487	0.00873774	1
39	266	48	7.48897	7.59861	0.00627224	1
39	267	216	3.35837	3.39067	0.00629495	1
39	268	35	2.27059	2.25255	0.000849343	1
39	269	32	2.01483	2.03757	0.00368002	1
39	270	283	3.4357	3.34635	0.00385439	0
39	271	2481	0.667925	0.667116	0.00175371	1
39	272	284	0.326425	0.283712	0.00372348	1
39	273	904	6.19729	6.27006	0.00369833	1
39	274	7379	0.389593	0.419819	0.00451277	1
39	275	216	0.263079	0.278822	0.00118433	1
39	276	37	2.28363	2.30866	0.00110182	1
39	277	3282	4.19157	3.8622	0.0023033	1
39	278	216	0.0534951	0.0503975	0.000383391	1
39	279	40	2.32287	2.292	0.00109457	1
39	280	3394	12.4664	12.1411	0.00012601	1
39	281	30	0.0202019	0.0187336	0.000171322	1
39	282	48	0.0156398	0.0123348	0.000466573	1
39	283	216	1.06876	0.996908	0.00217182	1
39	284	37	2.61613	2.72343	0.00285929	1
39	285	6439	0.585894	0.691343	0.00910151	1
39	286	365	0.124676	0.130101	0.00103016	1
39	287	216	0.0945617	0.0879669	0.000666231	1
39	288	33	0.321436	0.321538	0.000205871	1
39	289	3394	6.88316	6.63242	0.00533781	1
39	290	30	0.0160003	0.0162754	0.000140862	1
39	291	48	0.0157611	0.0150331	6.00372e-05	1
39	292	216	0.30777	0.283004	0.00116742	1
39	293	39	2.58246	2.6038	0.000345321	1
39	294	36	3.11027	3.14225	0.00762122	1
39	295	283	0.411258	0.316501	0.0176006	1
39	296	2481	0.0735081	0.0740474	0.000366962	1
39	297	1673	1.13862	1.07129	0.00522048	1
39	298	909	1.59248	1.45261	0.0123647	1
39	299	597	1.36832	1.45953	0.00280496	0
39	300	2842	1.50343	1.48057	0.00129905	1
39	301	13706	2.91045	3.01317	0.0031539	1
39	302	8673	0.0261681	0.024754	0.000166154	1
39	303	281	3.89952	4.0088	0.00342842	1
39	304	13159	5.97734	5.96378	0.00145263	1
39	305	3297	2.16636	2.19164	0.00208159	1
39	306	284	3.1043	3.02222	0.00419234	1
39	307	650	3.06972	3.03433	0.00201465	1
39	308	904	1.341	1.32721	0.00265991	1
39	309	1125	0.0228932	0.0240601	0.000108159	1
39	310	18198	6.12668	6.09074	0.00255022	1
39	311	359	3.09074	3.07645	0.00507427	1
39	312	11364	4.64104	4.6194	0.00268721	1
39	313	281	0.334551	0.33366	0.00100095	1
39	314	44921	10.7874	10.7709	0.00102319	1
39	315	1577	5.18959	5.10767	0.00947008	1
39	316	378	1.52631	1.70904	0.00711872	1
39	317	1463	6.56174	6.53106	0.0032148	1
39	318	282	0.0813112	0.0859403	0.000561904	1
39	319	33907	7.96415	7.75941	0.00642601	1
39	320	254	0.000478626	0.000480916	5.22016e-06	1
39	321	912	0.000891498	0.000907733	1.5699e-05	1
39	322	4392	4.94073	4.74886	0.00480651	1
39	323	5288	6.34209	6.53632	0.001896	1
39	324	411	4.60724	4.63878	0.0019843	1
39	325	10262	5.761	5.7075	0.0029022	1
39	326	312	4.37944	4.51175	0.00839675	1
39	327	1111	9.7734	9.79514	0.00563322	1
39	328	365	3.31669	3.46616	0.0107775	1
39	329	11131	7.64456	7.70484	0.0119112	1
39	330	2113	3.51767	3.37399	0.00745447	1
39	331	389	1.83784	1.84133	0.0218006	0
39	332	32	0.122603	0.12302	0.00257814	1
39	333	32	0.0949528	0.0801277	0.00156736	1
39	334	32	0.829166	0.733708	0.00689318	1
39	335	38	3.55375	3.65875	0.0037243	1
39	336	42177	7.64783	7.83427	0.00366094	1
39	337	41	3.03335	3.0552	0.00536907	1
39	338	74	4.09921	4.08193	0.00961428	1
39	339	38	5.90655	6.33252	0.0277766	1
39	340	2481	0.675558	0.652482	0.00383843	1
39	341	3297	2.52193	2.52132	0.00239289	1
39	342	527	2.38371	2.41163	0.00518687	1
39	343	314	1.40911	1.38181	0.0120927	1
39	344	253	2.69712	2.46615	0.00748308	1
39	345	1863	2.3107	2.22527	0.00750419	1
39	346	335	2.84156	2.89084	0.00512388	1
39	347	904	3.81753	3.8848	0.00891036	1
39	348	1125	0.0627765	0.0624184	0.000318579	1
39	349	5288	1.42587	1.38133	0.00370327	1
39	350	281	1.13826	1.0973	0.00167018	1
39	351	33907	2.19153	2.24978	0.00117542	1
39	352	254	0.00133016	0.00101033	7.96336e-05	1
39	353	912	0.000376724	0.000378464	6.57659e-06	1
39	354	4392	0.948336	0.856373	0.00443925	1
39	355	3297	2.19831	2.20608	0.00505691	1
39	356	9754	0.293491	0.272143	0.00268764	1
39	357	1673	0.212106	0.222875	0.000832137	1
39	358	37041	5.21095	5.24819	0.00266744	1
39	359	28837	0.33083	0.317723	0.00291438	1
39	360	436	1.3438	1.30282	0.00241717	1
39	361	3365	3.5278	3.51976	0.00268082	1
39	362	2018	6.43327	6.30493	0.00365485	1
39	363	2888	2.79178	2.86839	0.0172259	1
39	364	281	5.79032	5.88389	0.00359823	1
39	365	13159	6.88626	6.83693	0.00113487	1
39	366	3297	1.8121	1.95276	0.00509697	1
39	367	18120	2.66457	2.75481	0.00255074	1
39	368	284	1.27369	1.28202	0.000516236	1
39	369	4320	0.0469139	0.0560496	0.00101496	1
39	370	1673	2.60533	2.62832	0.000909638	1
39	371	3717	1.55493	1.64839	0.00311776	1
39	372	657	11.2544	11.3764	0.000689273	1
39	373	314	1.49368	1.44913	0.00240557	1
39	374	34305	6.16154	6.13952	0.00274962	1
39	375	338	0.128196	0.128263	0.00126672	1
39	376	37041	2.28666	2.30615	0.00326446	1
39	377	28837	0.550099	0.501354	0.00390947	1
39	378	436	1.55757	1.55495	0.003056	1
39	379	3988	3.04442	2.87287	0.00288115	1
39	380	281	0.483142	0.515254	0.00194636	1
39	381	9133	6.03076	5.91395	0.00512545	0
39	382	395	0.00422227	0.00436116	1.4536e-05	1
39	383	2393	0.0200131	0.0273438	0.00109505	1
39	384	3297	0.563813	0.620978	0.00269211	1
39	385	9754	0.209257	0.213321	0.00134715	1
39	386	281	2.94859	3.01937	0.00149789	1
39	387	216	0.276068	0.2872	0.000769609	1
39	388	33	0.00870796	0.00908136	2.50529e-05	1
39	389	41	0.0933823	0.0972876	9.32378e-05	1
39	390	34	1.18579	1.20498	0.001462	1
39	391	38	2.48689	2.54122	0.000874469	1
39	392	327	7.18765	7.30314	0.00240413	1
39	393	1545	6.00958	6.21033	0.00250877	1
39	394	3710	0.494752	0.55049	0.00389697	1
39	395	1673	1.18381	1.16008	0.00126467	1
39	396	25617	9.4118	9.39684	0.00169467	1
39	397	9133	6.62871	6.69403	0.0074648	1
39	398	395	1.06861	0.994834	0.00813875	1
39	399	2393	0.253298	0.431525	0.0383634	1
39	400	25260	10.7255	10.8796	0.00318457	1
39	401	37041	2.86754	2.88871	0.00307972	1
39	402	28837	0.582334	0.557159	0.00852851	1
39	403	347	1.33364	1.30254	0.00194828	1
39	404	354	3.32855	3.34852	0.00358675	1
39	405	2018	4.35167	4.36283	0.00394802	1
39	406	3394	12.981	13.3706	0.000920207	1
39	407	29	8.7033	8.62662	0.000538837	1
39	408	48	6.51237	6.57866	0.00318101	1
39	409	1547	6.22903	6.33372	0.0146067	1
39	410	1112	13.3648	13.3067	0.00382908	1
39	411	335	9.60376	9.6387	0.004311	1
39	412	260	0.471658	0.484646	0.00203214	1
39	413	1638	6.21944	6.32465	0.0102353	1
39	414	282	0.473104	0.508847	0.00279868	1
39	415	9754	0.153611	0.159112	0.000483494	1
39	416	13159	1.98329	2.08527	0.00536004	1
39	417	2299	0.721387	0.778608	0.00887115	1
39	418	1673	2.02495	1.94892	0.00237127	0
39	419	9133	2.09596	2.09103	0.00345228	1
39	420	395	0.0103565	0.0114068	8.28547e-05	1
39	421	2393	0.00795441	0.00745174	0.000303758	1
39	422	761	2.92497	2.96227	0.00177536	1
39	423	43723	8.5281	8.24565	0.00253169	1
39	424	347	2.02532	2.07157	0.00137048	1
39	425	253	0.416492	0.443184	0.000818289	1
39	426	10325	8.36934	8.39907	0.00326503	1
39	427	282	0.469535	0.496812	0.00241881	1
39	428	33907	9.54794	9.82955	0.0033339	1
39	429	254	0.00510233	0.00405394	0.00019272	1
39	430	912	0.00169727	0.00152873	2.69562e-05	1
39	431	4392	1.70382	1.62991	0.00729316	1
39	432	281	1.75874	1.93123	0.00855291	1
39	433	35239	14.621	14.8813	0.00194757	1
39	434	4988	0.00892227	0.00857206	4.25756e-05	1
39	435	49	0.0455964	0.0599225	0.00208792	1
39	436	6445	4.12516	4.19087	0.0104359	0
39	437	1673	1.55368	1.54574	0.00407286	1
39	438	9133	2.41364	2.49012	0.00356123	1
39	439	395	0.00997403	0.00921272	6.03598e-05	1
39	440	2393	0.00316776	0.00357073	3.88737e-05	1
39	441	11557	8.04985	8.15238	0.00169705	1
39	442	1546	6.55466	6.48099	0.00325512	1
39	443	13159	4.90397	4.86277	0.00729316	1
39	444	18198	4.56802	4.5612	0.0030159	0
39	445	281	1.3183	1.40342	0.00391461	1
39	446	216	1.68397	1.6885	0.00153726	1
39	447	33	0.0292564	0.0278875	0.000179275	1
39	448	41	0.0129404	0.0126523	3.16622e-05	1
39	449	34	1.79677	1.82918	0.000713719	1
39	450	38	1.19694	1.27917	0.00218343	1
39	451	1625	8.90601	8.98128	0.00293795	1
39	452	216	4.53851	4.37566	0.00307815	1
39	453	33	1.05184	1.09796	0.00247444	1
39	454	41	2.36291	2.32492	0.00251263	1
39	455	34	0.659537	0.648857	0.00206328	1
39	456	38	0.48939	0.542901	0.00438619	1
39	457	253	1.91841	1.95581	0.00237678	1
39	458	1546	4.49485	4.57045	0.00683137	1
39	459	713	0.982937	0.926677	0.00393305	1
39	460	327	0.295955	0.299182	0.000672733	1
39	461	3930	6.50042	6.31192	0.00232369	1
39	462	347	1.78998	1.88177	0.00309818	1
39	463	876	3.17793	3.03056	0.00429858	1
39	464	1673	1.49968	1.53207	0.000337628	1
39	465	47881	13.1752	13.1221	0.0145439	1
39	466	2018	8.79371	8.73672	0.00169878	1
39	467	3394	2.23939	2.47201	0.0119979	1
39	468	29	0.0499393	0.049031	0.000236885	1
39	469	48	0.0172821	0.0158115	9.17492e-05	1
39	470	1547	1.4006	1.26862	0.00873001	1
39	471	3559	1.12922	1.25604	0.011079	1
39	472	347	2.13926	2.10771	0.00243278	1
39	473	354	1.51136	1.54908	0.00344687	1
39	474	1112	3.22183	3.2703	0.00125001	1
39	475	418	4.05343	4.16153	0.00560001	1
39	476	9754	3.03142	3.14236	0.00476085	1
39	477	736	4.8496	4.7037	0.00497744	1
39	478	325	1.97441	2.02351	0.00174096	1
39	479	37041	12.863	12.6023	0.00229857	1
39	480	28837	0.109107	0.119728	0.00102177	1
39	481	637	0.155159	0.149022	0.000634456	1
39	482	99	0.030793	0.0293778	0.000138123	1
39	483	1867	4.31921	4.36543	0.0026929	1
39	484	1833	3.14086	3.206	0.00373093	1
39	485	990	2.43949	2.54691	0.002176	1
39	486	2098	11.0262	11.0726	0.00414557	1
39	487	2132	0.0256343	0.0221332	0.000291863	1
39	488	281	1.22767	1.23297	0.00121377	1
39	489	35239	5.33203	5.31149	0.00217707	1
39	490	4988	0.000658371	0.000547252	1.50497e-05	1
39	491	49	0.0126332	0.0144357	0.00018024	1
39	492	6445	2.44491	2.47383	0.00329863	1
39	493	1673	0.309468	0.325325	0.00278401	1
39	494	3717	0.824803	0.988748	0.0112568	1
39	495	3717	0.977475	0.924794	0.00483027	1
39	496	446	0.602251	0.628916	0.00194382	1
39	497	446	0.106526	0.122092	0.00244785	1
39	498	5242	2.33797	2.29923	0.00279391	1
39	499	446	0.231252	0.212787	0.00204056	1
39	500	446	0.013568	0.0102204	0.000546986	1
39	501	3717	0.116837	0.0959076	0.00252238	1
39	502	3717	0.035477	0.0383987	0.000257967	1
39	503	533	3.20475	3.31649	0.00411808	1
39	504	260	2.39049	2.32309	0.00634352	1
39	505	2332	1.94461	1.94728	0.00772881	1
39	506	282	0.0384657	0.041074	0.000163681	1
39	507	216	0.00988135	0.00968712	4.78529e-05	1
39	508	33	0.0431849	0.040547	8.60732e-05	1
39	509	41	0.00228724	0.00198503	2.26937e-05	1
39	510	36	0.359338	0.307136	0.0039283	1
